"group_customer_id","primary_customer_name_encrypted","primary_customer_age","primary_customer_gender","primary_customer_pronoun","primary_customer_province_code","primary_customer_ward_code","primary_customer_hometown","primary_customer_career","_record_date"
"0",w4oMyQ6aua0WDrNvARr6H6Vnpexw4Y6O3/nlFgkflE983EQd7Xw=,"30",Male,Mr,"0","0",Hometown 0,Career 0,2026-05-13
"1",z3IU3o1j/dHNW1J6nden6lBBqN3oPE2ybhAaKwLcMmUnRZvn3bc=,"31",Female,Ms,"1","1",Hometown 1,Career 1,2026-05-13
"10","9VbuAWjxH+/nJ3zGOJd8AavhMhWTHEtSBkG2XCgT5MS1Ao+4SSLX","40",Male,Mr,"10","10",Hometown 10,Career 0,2026-05-13
"100",TqgkXB3NDZl3MF3BzS8X7n2G31Fj6LlRKZW4MiOOjkR7UcLEeHai+Q==,"30",Male,Mr,"37","100",Hometown 37,Career 0,2026-05-13
"101",fNdRDuREM1cwLbGj1rXDgiJRpDAKvonj4bGo3rQ6uGS1Bg6rgN0Ziw==,"31",Female,Ms,"38","101",Hometown 38,Career 1,2026-05-13
"102",R4CYEGYxUEIOPvaJO2fvGJx6w3Ep0vmfaGRYgJWoAEIkBTFuYgue5Q==,"32",Male,Mr,"39","102",Hometown 39,Career 2,2026-05-13
"103",X8Qh0ex5c2YOnOCVGSxCtTnzNX1FeULMrlB8aMWaW2/16tGIL89U8g==,"33",Female,Ms,"40","103",Hometown 40,Career 3,2026-05-13
"104",qMFypafitLW5CRuha9huXl1fHCPG7y0eAkXnGa9//8DcRJt0PFQC5g==,"34",Male,Mr,"41","104",Hometown 41,Career 4,2026-05-13
"105",Lri29XZ0Zmcctiq8DP42y5DFC9izYHHx4dAAgq/j4VKJdwaLETiaig==,"35",Female,Ms,"42","105",Hometown 42,Career 5,2026-05-13
"106",PYZRIrn4E/yX88QiUELCm3ZBrUyS5GTqTLyz4prfJZHiSvnej5Y6AA==,"36",Male,Mr,"43","106",Hometown 43,Career 6,2026-05-13
"107",hmntqaTdvqE+3d8pnrsSjZwTwH94OLm9MiZX+lNdM6wP8XVaqCCaXw==,"37",Female,Ms,"44","107",Hometown 44,Career 7,2026-05-13
"108","8/0223PfYnKdS3gmpaX3rdIIRXm/3W6yUsrZblJTE/XHtZ1QgF16TA==","38",Male,Mr,"45","108",Hometown 45,Career 8,2026-05-13
"109",E5OC9L6afl/pX97Rna8mDg87go/BAF3prsDdtP4O6ZMLm2i1pSOyvg==,"39",Female,Ms,"46","109",Hometown 46,Career 9,2026-05-13
"11",zq2VNHUMT0s0pt8u4o++8JcnTdxSDTJKaTExh1JPtbVLqe/IvPMJ,"41",Female,Ms,"11","11",Hometown 11,Career 1,2026-05-13
"110",LIbTFuRLmMDyeYAidGHiCpC8Uhxoypq6bGH8gZPyPqI+dayXZB36bA==,"40",Male,Mr,"47","110",Hometown 47,Career 0,2026-05-13
"111","94/uTqtrEYslW0y6LecoEQA6lKu4yxluPgXYov7gPcEonhHCgS0Jcw==","41",Female,Ms,"48","111",Hometown 48,Career 1,2026-05-13
"112",+n4tdWPkzxh1FHfpN0DKvGQJy27ufTOsalS5lnzsxNYKJcord2lvAg==,"42",Male,Mr,"49","112",Hometown 49,Career 2,2026-05-13
"113",n7k9Fv0+6M2CfzXpznMWDHCQ+GbQQTojqdhgyIZoRJ4PFYiM85REag==,"43",Female,Ms,"50","113",Hometown 50,Career 3,2026-05-13
"114",IJC+YKvU7JwdKa9en70sg3YsnTpQIftTD60lVgvxzirMvXKq7rgA7g==,"44",Male,Mr,"51","114",Hometown 51,Career 4,2026-05-13
"115",Q/YyLVlURJjnfy4L0pLtZSqWfmqtzMIVlGf6PQS1KudrODKQeee8EQ==,"45",Female,Ms,"52","115",Hometown 52,Career 5,2026-05-13
"116","72MB/JCZvXZSUNGwncXxg5vmPLz5TRaXkgxqz96i0GXj11gqaPuCCA==","46",Male,Mr,"53","116",Hometown 53,Career 6,2026-05-13
"117",YYTDagNWupNakDuyw7BsY6PbC05LEcl2/qM9+qzO8eMr04Le5HjMPw==,"47",Female,Ms,"54","117",Hometown 54,Career 7,2026-05-13
"118",d21nOOVwjZG/esHGcwUYebKV331IoLAcNNd3A620qw+mGNPVYefLZw==,"48",Male,Mr,"55","118",Hometown 55,Career 8,2026-05-13
"119",MLEVOr40m8z7+5k03Gj8l/zSlL7dtV2nU1kmP7PNUnyi9KUKKSdMaw==,"49",Female,Ms,"56","119",Hometown 56,Career 9,2026-05-13
"12",rueU/5ryEYrPg9n7ITEmOLejnxERp0C3h+JXRj73cG+z3cb9aNXQ,"42",Male,Mr,"12","12",Hometown 12,Career 2,2026-05-13
"120",ihca+FR2rV4kMVrA87ej854ew0OlgMPzDqazpzV/v2+QG8/kotcofw==,"30",Male,Mr,"57","120",Hometown 57,Career 0,2026-05-13
"121",AUM/WrlG2WcH6bxcbQdrQiE8jc2PJ4zphdMypN2SP1TIDZb6pSaOMQ==,"31",Female,Ms,"58","121",Hometown 58,Career 1,2026-05-13
"122",QOOuCm4WQlh5vfPU3wZRN1aWrT2vC7lw5MXJJnI7TaTs/wH6wMKIkw==,"32",Male,Mr,"59","122",Hometown 59,Career 2,2026-05-13
"123","3b9NeT3Bh2N5Vcu16FLMwJLnpKNuLZbIo8HmeSx7ECrogbquVndsRA==","33",Female,Ms,"60","123",Hometown 60,Career 3,2026-05-13
"124",HIFBkvtMGGGfFYGmXIZO/jjnweUVB0wWfyEBLorQQJKrFXS0Gfne5Q==,"34",Male,Mr,"61","124",Hometown 61,Career 4,2026-05-13
"125",u//jz+PQqBArkjAh6xqUW36aaMSky23Q9dNHx/F32VY2N1tsnVOXZw==,"35",Female,Ms,"62","125",Hometown 62,Career 5,2026-05-13
"126",/SGsy1QAVrNwypGz0dp6iOzwp8AuFtay1k5+O/MupLf/CC9PqzDB7A==,"36",Male,Mr,"0","126",Hometown 0,Career 6,2026-05-13
"127",gLeLlpWFG2Fg7jh4LYQ69LMf1O6JmY48f0ChpddVKPAj5dbYQ0nG7A==,"37",Female,Ms,"1","127",Hometown 1,Career 7,2026-05-13
"128",krbU6Kt/BZQwOdVv4X/tqZ1FXa5URw/cM5rTIBuzB0DEI1JUI+5n3w==,"38",Male,Mr,"2","128",Hometown 2,Career 8,2026-05-13
"129",dizn0h0E4zSfsmC8GlbCnkVKEql8iBfqaQkuSHiAXx1gyKMPk6NNyA==,"39",Female,Ms,"3","129",Hometown 3,Career 9,2026-05-13
"13","5L0gADQTO7M5tNB9efsibS3gthD/Av7wXpndAKZuVitqdvvlqfvn","43",Female,Ms,"13","13",Hometown 13,Career 3,2026-05-13
"130",f8SjsgnSq8RkgYi4+IGuUHiW/1ok0o9s+GvOx9nDoZp0gBS82rNUtA==,"40",Male,Mr,"4","130",Hometown 4,Career 0,2026-05-13
"131","1n4z5ojHPzyfJCsX2AuGTRNQdPhxDWp8ahCMDgNc2IeZrRvtHRhiLw==","41",Female,Ms,"5","131",Hometown 5,Career 1,2026-05-13
"132",/MzR+CklX/9W0uJRWOT54mBuSK+4Izaz+fsoazAVyANhh4ByEa0t1w==,"42",Male,Mr,"6","132",Hometown 6,Career 2,2026-05-13
"133",UPo/XdwrSEOFpOHZLuQdrcDbg37ivxnMZwwHpWYFXcDEnzCKXBv5kQ==,"43",Female,Ms,"7","133",Hometown 7,Career 3,2026-05-13
"134","15yStpB+7ncDje3SqsfSoJ0su56cm0LNyBsDw67HMSMDdAuhnUwsvQ==","44",Male,Mr,"8","134",Hometown 8,Career 4,2026-05-13
"135",u1asf6GGc6R6qTrgfZDzodLh2cjTCZAqwBmirTaLX1mh90jq12ZYOA==,"45",Female,Ms,"9","135",Hometown 9,Career 5,2026-05-13
"136",JmjC4TibnjR/tm0EjbWfkHQbyQ3lZwmYgvm3qAMk7s/gfv0ilKZrdg==,"46",Male,Mr,"10","136",Hometown 10,Career 6,2026-05-13
"137",vjOokD2vJFN7uUf9jH8/Ys54aXhXSptmVRToxxs05w/KXV0U0g49iA==,"47",Female,Ms,"11","137",Hometown 11,Career 7,2026-05-13
"138",gE9xZZb615RfiFFV0LzBJsgfGV8eyLlbNCRF9gRqdgwMlNHUE/yH1g==,"48",Male,Mr,"12","138",Hometown 12,Career 8,2026-05-13
"139",J4Bl+lmv6Q0xkxCmPIisBuKeQXuN0tJOI0NuNsr/O0LGxWTN6sO/Aw==,"49",Female,Ms,"13","139",Hometown 13,Career 9,2026-05-13
"14","5wNJYrY6nW4fKOLGolJ5El7TJuYkalpA+UPPTzCxIwmJI3BEyRZ+","44",Male,Mr,"14","14",Hometown 14,Career 4,2026-05-13
"140",oC64C7QGV74DvgYTWZJhoxZtEuertFnduGDJeQLuCaDiunNQCe++vA==,"30",Male,Mr,"14","140",Hometown 14,Career 0,2026-05-13
"141",ckfGcOk8SWUgMMsPyzhCtj2ZnulJW+FeBzHaCWJl2cLhApMujEVrIA==,"31",Female,Ms,"15","141",Hometown 15,Career 1,2026-05-13
"142","1/o3YHcy2caHwczYj2x4R/0EUDtVFw94TED5n9Pfw7bp95kCqZzJSw==","32",Male,Mr,"16","142",Hometown 16,Career 2,2026-05-13
"143",vyMYjWCcrG84ouool0TFIwb8R4DtaX7Rm/feszQp5nw7My4c1VVbBQ==,"33",Female,Ms,"17","143",Hometown 17,Career 3,2026-05-13
"144",Ax0FH3Zx/9A/YQbMGzIHipgmsApMTN38z1Nmk/n/hABWCtD6y+H9dQ==,"34",Male,Mr,"18","144",Hometown 18,Career 4,2026-05-13
"145","5HlElOKItHvYBgVSqS90qqcLEW+EDUHti1VdlZS4BYTIdvNaEA4xEw==","35",Female,Ms,"19","145",Hometown 19,Career 5,2026-05-13
"146","0jEUE7XPwh8SrlDrH6CnYgKkLO5ZqDo93gLrHPidSCsknmyq622+lg==","36",Male,Mr,"20","146",Hometown 20,Career 6,2026-05-13
"147",lp02BiEp46RzaOSNb0BqpmAPGv3yD/n2viuz2UIuGaVVZjWTcq/HIQ==,"37",Female,Ms,"21","147",Hometown 21,Career 7,2026-05-13
"148",TYPrxtP/2CAhse85oPUtQ8hKOBBisgjNXowsUA1fZy4lW+zNids5ig==,"38",Male,Mr,"22","148",Hometown 22,Career 8,2026-05-13
"149",nMpHRS/41vf1w8t7PrE2Y4Bxnfg/o76PVNkNdlis3wLEYjnxhabwxA==,"39",Female,Ms,"23","149",Hometown 23,Career 9,2026-05-13
"15",UUBUpPa943S4laR+rUVwUD0pmsz1saczj8a9r7+tuG8gsZwlUxwz,"45",Female,Ms,"15","15",Hometown 15,Career 5,2026-05-13
"150",fdoMvfbF+2Ow8e3eIXNMRK0aupoG1RoBpZeVzis9SWcR3nTvy5P/zA==,"40",Male,Mr,"24","150",Hometown 24,Career 0,2026-05-13
"151",xm5ONyDqZLE9BcKp6gbONNL1jbdmDUJmNO+Hi/qZ7zL+T+QsHbnXWg==,"41",Female,Ms,"25","151",Hometown 25,Career 1,2026-05-13
"152","9jqQVXaJqn8zosRQ8rlLEDyKUGyH8/CJiNd/WHmL2LqoUoLZEDCEXw==","42",Male,Mr,"26","152",Hometown 26,Career 2,2026-05-13
"153",ib4trRuqwf4toy1JefyJYF5X+qINHxuWq2oApgI/dqpGR5nO5Xzqqw==,"43",Female,Ms,"27","153",Hometown 27,Career 3,2026-05-13
"154",pgPTIYWuFTqzEw1qalbEj6FlouT2ub8p9evUG65UubxteJfT7qlK8Q==,"44",Male,Mr,"28","154",Hometown 28,Career 4,2026-05-13
"155",fZJhg7Kg11pa4NLwUtIXL0tt6QWsN8nMwHiMK5cLmh7QW5TfOCDC8w==,"45",Female,Ms,"29","155",Hometown 29,Career 5,2026-05-13
"156",+NYRHA5omanTktvDW9QPpNaxdCy6Ulcrfm9GXUvQoW/W1+XdVlEeEQ==,"46",Male,Mr,"30","156",Hometown 30,Career 6,2026-05-13
"157",TQBJ7FjuYrxD46CknYKsH5ZG0LaCfMUZW6UAGWiMrwgOHaeUgTdd/g==,"47",Female,Ms,"31","157",Hometown 31,Career 7,2026-05-13
"158",B+0+f0I9W/fJI3S30/4ifqzjhzLMG9a+kZLzC3DzhKWAGIGWyg2ifQ==,"48",Male,Mr,"32","158",Hometown 32,Career 8,2026-05-13
"159",IDbKdZqlkco8YBXZO2N5/0q8KGYRvUMDMQB81hXDwXoWb2LtoNZ5Hw==,"49",Female,Ms,"33","159",Hometown 33,Career 9,2026-05-13
"16",jmvr0YPMjP9u2WxZCY/AyPeDKnpeNk52a+pmeSBvSI2gO41/4Wmg,"46",Male,Mr,"16","16",Hometown 16,Career 6,2026-05-13
"160","5/yLAy2hfiquXXtA/wya5cO6lcoLlLg//VE3sez9JLgg8PYu2lqwbw==","30",Male,Mr,"34","160",Hometown 34,Career 0,2026-05-13
"161",zRPaGAiu00MUMwf68dGhoy7xophrsGPQLAM6Jyzp215RWhKdAvwX5A==,"31",Female,Ms,"35","161",Hometown 35,Career 1,2026-05-13
"162","4Jma9saxArcwvcluqN+mvbX6A+e8pJPZHTA8jjJJ1jshLrmvsDGsIA==","32",Male,Mr,"36","162",Hometown 36,Career 2,2026-05-13
"163",NNHDDeJKD7GZb0SoZnDJvs9Qf01+wb++NJs8+lkSpSnMpIRKxjYs9A==,"33",Female,Ms,"37","163",Hometown 37,Career 3,2026-05-13
"164","7Yfi9F6dW4TEr1niVADxRayFDAe8D0CLdqi9BDq8HkOow82y7Ds0gw==","34",Male,Mr,"38","164",Hometown 38,Career 4,2026-05-13
"165",De/7ixRbA8ieYkJg0x2WnWFzQ0n56xk4PZwUI3pvW5YyGF5uW0DM1A==,"35",Female,Ms,"39","165",Hometown 39,Career 5,2026-05-13
"166",NQpiNzq3IHcdBNDKa8X6judK7DiTrZgVnFRahHG2Ube8aXnVfiXsSw==,"36",Male,Mr,"40","166",Hometown 40,Career 6,2026-05-13
"167",ORYynbl8sS24x0YN+Vj4U29GYObcanBny5F5/2quNvuQANJnxLTMug==,"37",Female,Ms,"41","167",Hometown 41,Career 7,2026-05-13
"168",ro1uOZPa1u+46Z0VVVorIjFONFAypCr1lk4atAN9uOh2ST1/D9VstQ==,"38",Male,Mr,"42","168",Hometown 42,Career 8,2026-05-13
"169",Aq4ujZGs7mu990XMQmdYylem4tua4QuiBs7I2YwkIbv4KCmnPr5yUA==,"39",Female,Ms,"43","169",Hometown 43,Career 9,2026-05-13
"17",BdSQEAdeuMgwOHIpj8QqV4sSUCm2bNJx4gGFiJPSHainVkGH6CNu,"47",Female,Ms,"17","17",Hometown 17,Career 7,2026-05-13
"170",n47nkvXvM0ER+PHgXelDV/u/H/bxCDDpS5cLHxNetxroqip2I4gFLA==,"40",Male,Mr,"44","170",Hometown 44,Career 0,2026-05-13
"171",W5z3zQKBp6BeGt4wZW1nr6LL+0vfv2aN42pY+ORbGSV3Rexeq01e1Q==,"41",Female,Ms,"45","171",Hometown 45,Career 1,2026-05-13
"172",OYQ3SjubuGYE+UyN8XF4YtD0xYjiu3xuRaECfH57slJJX/90doE4Ag==,"42",Male,Mr,"46","172",Hometown 46,Career 2,2026-05-13
"173",O8dRpH0qIk5H41ffnkte1y5sFgVsQxY1pKMsWS+OkMEQSMvM01ZjjA==,"43",Female,Ms,"47","173",Hometown 47,Career 3,2026-05-13
"174",zlg0Ua2VVNElUlx2stoNf6W7Eb+LgF1EtcTLWPvHh/Amn4GImEOdGw==,"44",Male,Mr,"48","174",Hometown 48,Career 4,2026-05-13
"175",PbSmUCkEsZKYXWIhxIACBAgzeNICemcR2eFnLHfmKqQd+oVM3DX/9g==,"45",Female,Ms,"49","175",Hometown 49,Career 5,2026-05-13
"176",MS9PhZBeb8UOvn3vUGg6RQrYMi3kEP+Iq8uckstgsaXtraE1DkGL3A==,"46",Male,Mr,"50","176",Hometown 50,Career 6,2026-05-13
"177",rxgqrTkGxE7cvnQy2vNFBT2mDjFw6+LFTMET4reusUqV2pKCZBqf4g==,"47",Female,Ms,"51","177",Hometown 51,Career 7,2026-05-13
"178",jBTt8YBvBBNMpi/MmzZwkfbl2JdDEo3neUDLBSSGGZPeMMiBUGqWhw==,"48",Male,Mr,"52","178",Hometown 52,Career 8,2026-05-13
"179",r8z7lKEjFCQLMNfzatjxX1o23DkCMXwukpUfvpw9aZFvgenJWnX0CA==,"49",Female,Ms,"53","179",Hometown 53,Career 9,2026-05-13
"18",scGXCVCBUWqOLynX6dW7nyol7fDlQdAvISBQrgKLLEhsoVuJGJWa,"48",Male,Mr,"18","18",Hometown 18,Career 8,2026-05-13
"180",txprP0mEU3378t0aUquLEGUaSfuop/8hcKmTgOo/JhlB3B8IgpHtLA==,"30",Male,Mr,"54","180",Hometown 54,Career 0,2026-05-13
"181",eANF1lzmIUcAQ+cVooTrK179yH8Rysy8A5cGjrMFAh4d4BV2fLyO1A==,"31",Female,Ms,"55","181",Hometown 55,Career 1,2026-05-13
"182",EU7/eHp28YEm+wbrOqZSt2dVF8ZZSdy1vE3BjEzSGEoY6TqvrguDvw==,"32",Male,Mr,"56","182",Hometown 56,Career 2,2026-05-13
"183",wfYDCHww38Iius1WoeA0ul5SgFNI0cv3ePekZfqu+mSaMafC3enThw==,"33",Female,Ms,"57","183",Hometown 57,Career 3,2026-05-13
"184",ifODNrDPE2oGt6GBirmVV64Gc6KmNLNL6FRBCLipdKBwMolNYqf6Fw==,"34",Male,Mr,"58","184",Hometown 58,Career 4,2026-05-13
"185",kI4bwWBAvIU9rl+Pm0AYAdlujtlTxRZoLeMdQniqdrxdbLJNd+5XOA==,"35",Female,Ms,"59","185",Hometown 59,Career 5,2026-05-13
"186",mUaaw2ToL2J7dSvPXv3mLwrUoXoOTg3ZlGgxd32NrZVeR4y9Y1x/+w==,"36",Male,Mr,"60","186",Hometown 60,Career 6,2026-05-13
"187",PCeg3kmyOt9KbPCc9n7D3o+1nbjLHp1ZiwA2uzbSQvboLRmsPLT84A==,"37",Female,Ms,"61","187",Hometown 61,Career 7,2026-05-13
"188",yspBM50xL/DKm2myFtS72FvhVaMkoAi6HiCj7X+okwxlqZvScbdZcw==,"38",Male,Mr,"62","188",Hometown 62,Career 8,2026-05-13
"189",wQzEl2+0UC8R5CX/KV46XIZGT80tCZHnFVQZdrTMM0ekmmlnN7Xb7A==,"39",Female,Ms,"0","189",Hometown 0,Career 9,2026-05-13
"19",z4ESrOPE5tuNgqed3kDl8cefDwjSDfL1JvcVGQwvldBMaPorVH6P,"49",Female,Ms,"19","19",Hometown 19,Career 9,2026-05-13
"190",kvR1I7vef4ABvzgCJ1U+dWhK1gG9/+ZBpqAwYtNBkX4umjWhYCqTvQ==,"40",Male,Mr,"1","190",Hometown 1,Career 0,2026-05-13
"191",KIRFiguNLYUtbNIxs3QP4m6jJxKR6u3PH98avxHkxBAyiUrVsCtcMw==,"41",Female,Ms,"2","191",Hometown 2,Career 1,2026-05-13
"192",GSBPABHW6aZ5vKmoUzPRmP18zqXT4wSoNpACnUp/TYpBgO8lvtXTIw==,"42",Male,Mr,"3","192",Hometown 3,Career 2,2026-05-13
"193",kARAZ4b27aKONRB7ANluzejYJGLeGIRcgsgwG13KCO1mlue1la9CVQ==,"43",Female,Ms,"4","193",Hometown 4,Career 3,2026-05-13
"194","8Fj5w9FvJ9lCh731AOfAjCj+kj9FzSotKnKZovKZ7VddWbi5eg/GIw==","44",Male,Mr,"5","194",Hometown 5,Career 4,2026-05-13
"195",BcnTqDsYa6RTOn98p5nSBb3snPGr3EMcIgjpxjudxdLO18COKuRjBQ==,"45",Female,Ms,"6","195",Hometown 6,Career 5,2026-05-13
"196",L+XDfdICamisFfq9Ww1lWpG/EeexEh2+6OUViCBN77i8mIloMgHiow==,"46",Male,Mr,"7","196",Hometown 7,Career 6,2026-05-13
"197",nwxEN0YFxdtCVLtWy4y/1FcwJQksXXuJQzdhfKJhh5Vw6kTRKu8Lww==,"47",Female,Ms,"8","197",Hometown 8,Career 7,2026-05-13
"198",NCf0RoAvqetjFSTo5vMi0A1I9spZGvQFUcFPPu3ZuIVBeTH6p6Y/VQ==,"48",Male,Mr,"9","198",Hometown 9,Career 8,2026-05-13
"199",xgDEO+EKeliv3s/8FK+RKDayjkFysuOPYj0nUVf7qNhmnbsmQR/T4Q==,"49",Female,Ms,"10","199",Hometown 10,Career 9,2026-05-13
"2",rTsfphnmHuqZFJzQRsAzPG7kpTvWfnIA6bOqOi30x6y0Dn4kKl4=,"32",Male,Mr,"2","2",Hometown 2,Career 2,2026-05-13
"20",wxTnt2jFs/jkM6M/3sRpv44a8URkbDH+G1R3fSK0AmA37Ll2c5nk,"30",Male,Mr,"20","20",Hometown 20,Career 0,2026-05-13
"200","2VKrQQmD0aw+1N/JvjftxVQQuCSjALD+WXuFQ5ri/wjsKvMgJYNNhw==","30",Male,Mr,"11","200",Hometown 11,Career 0,2026-05-13
"201","8rcLv2uA0dsA3Yxc+Kt9rj/8Ry8f6vkyGpx7n1/TKqrw8WCxreMqCg==","31",Female,Ms,"12","201",Hometown 12,Career 1,2026-05-13
"202",QalOHa8F5Li/qbHG96iPkGHrZtbNx/DunW1eO39c4+Ov1UfEjtfoQA==,"32",Male,Mr,"13","202",Hometown 13,Career 2,2026-05-13
"203",dsQ2GFruDIg4sbqdbyXcSxLP/7pZdzxX86YjT74WK+ak1tF/9itz0Q==,"33",Female,Ms,"14","203",Hometown 14,Career 3,2026-05-13
"204",Zv1tPG4QUAk6PQvHKJg48ECUs93kA7E/1Z0tMXWtG2D4nzbc7lUk2Q==,"34",Male,Mr,"15","204",Hometown 15,Career 4,2026-05-13
"205","9QSo/F1XwdfwYmXzWF6BeoVxotaadZD8iDGqYb3zdCW6geVkD5QWEw==","35",Female,Ms,"16","205",Hometown 16,Career 5,2026-05-13
"206",RMe1D8Z/WjKWGLZNdV/SwKSxQglnqtbNHlyFVxue2CUIlaXoGyIvrg==,"36",Male,Mr,"17","206",Hometown 17,Career 6,2026-05-13
"207","9nYXSkwvE/7wQJa/0jACG43/4medTulWCsZrsRK1pp2RQ+g4dbodMg==","37",Female,Ms,"18","207",Hometown 18,Career 7,2026-05-13
"208",S4Cp33MW89zjK66Ptk0ydiM/r0K+s65loLT5hFkvbIrwDWGd7/8n7Q==,"38",Male,Mr,"19","208",Hometown 19,Career 8,2026-05-13
"209",J07NXyeugW7GsVqO3NzbtohhrNZmAKl8elkzriQMoVez2NVI3XjK2Q==,"39",Female,Ms,"20","209",Hometown 20,Career 9,2026-05-13
"21",XFtApzsodV4PhW5CXjCdu5w9CPbYJmyyZN75FAWWND0SHbLkV95v,"31",Female,Ms,"21","21",Hometown 21,Career 1,2026-05-13
"210",uHvFWw79hd5PBzQ1FIPbP9WU/60zVmOYUDXeZZFjWypKIJPYvw0D8g==,"40",Male,Mr,"21","210",Hometown 21,Career 0,2026-05-13
"211",O+r41sCwPmyW6NU3fiNHP0h/BX/qqHv9mRVZksi0gXfSqWgTj2Ggkw==,"41",Female,Ms,"22","211",Hometown 22,Career 1,2026-05-13
"212",o+76pDyWYaii1An0HCN5M/Pz6FjzrHjnlOFFNjQPX6H/p4TooXBsCw==,"42",Male,Mr,"23","212",Hometown 23,Career 2,2026-05-13
"213",TEibGWcUOmmM9dTYysP9P2YOgDWV7NfMkb9epDDSp880iO16NddiVQ==,"43",Female,Ms,"24","213",Hometown 24,Career 3,2026-05-13
"214","23wvbazZ85Kk0CcCqOZXuYPJjQeSOxfT7f5Rj4/S3ccPTMIHJQdFWw==","44",Male,Mr,"25","214",Hometown 25,Career 4,2026-05-13
"215",kMG06OrsdFoM5LjhveF5YbdSCktUmr6daBm5GhkN3N2MCMzrRhfGQw==,"45",Female,Ms,"26","215",Hometown 26,Career 5,2026-05-13
"216",z+wx664g4/uaB57W/QW051kZ8gog5ZyfGxhDCRxbfnfF1M0hdolV1g==,"46",Male,Mr,"27","216",Hometown 27,Career 6,2026-05-13
"217",A+GlX46yZmmlySpphQDKwOKZy1J3oGAGreE9rbdKIJO8yNA9CJ+zlg==,"47",Female,Ms,"28","217",Hometown 28,Career 7,2026-05-13
"218",O4fjx+8v6BAluwhUNI9oD8+fNPPksQNIEjQn3QrugcQ/aQPDA3YFiA==,"48",Male,Mr,"29","218",Hometown 29,Career 8,2026-05-13
"219",WKrjEq0y79b9Cov7P6ImXOcLpDrPw1ZtUldLmlk9Jzz4eMIn/hdGSA==,"49",Female,Ms,"30","219",Hometown 30,Career 9,2026-05-13
"22",OywCiFLBxHMpwGY/eBs5E+VYydFWcRXXwMz7lpjWMtOdXbhWgZn0,"32",Male,Mr,"22","22",Hometown 22,Career 2,2026-05-13
"220",UuBpXK59tcAnZFavh4GHcMTKwrcl7SDIBEE/tnT6K5blwETogu9Rlw==,"30",Male,Mr,"31","220",Hometown 31,Career 0,2026-05-13
"221",uFa7Axof4x0fLwo8mN3T1NpKto8bo527AFdrM+qDmharE8p9U168AQ==,"31",Female,Ms,"32","221",Hometown 32,Career 1,2026-05-13
"222",EddaihApf+uMJAc9xH5nWM+erqBIpf5TTVUQaBqVM5j/vrEdFOJpcg==,"32",Male,Mr,"33","222",Hometown 33,Career 2,2026-05-13
"223",jM3zEEnb/6KGq77IAjdbdmm2Sy6o+3ujCG9rGjLnSoQmtSyRapaVfg==,"33",Female,Ms,"34","223",Hometown 34,Career 3,2026-05-13
"224",UO6wMaTjHXqj1Ea5oEcfUz8nBUYXWc8r08HyE8YE8j4HJikQVuD+kA==,"34",Male,Mr,"35","224",Hometown 35,Career 4,2026-05-13
"225",Sjz34XVRUS8KTU8tIPauOwK+2Nue8wgyXtWBVBnnComy8fyMmTkSnw==,"35",Female,Ms,"36","225",Hometown 36,Career 5,2026-05-13
"226",wR4/V+or6NdUDKxOBPQgs+bZ+IwDXHXdCfBU/niVtIRi3JqCFjYsPw==,"36",Male,Mr,"37","226",Hometown 37,Career 6,2026-05-13
"227",kFODbdwFOJjkH26jCPJKysUxAKN15kTsK/7GiwzzbNEJ7aKISyXZAA==,"37",Female,Ms,"38","227",Hometown 38,Career 7,2026-05-13
"228",gxWX9GFw01iLrZ3YS/Ky4JL3t9Mt0ohR/C82eyrrVA0msL/uA22HVA==,"38",Male,Mr,"39","228",Hometown 39,Career 8,2026-05-13
"229",qcKUtdS1ij+qmh00vYHvgcyEB9lS21df6pJZiq1reEL/r1Dz+3mGDw==,"39",Female,Ms,"40","229",Hometown 40,Career 9,2026-05-13
"23",C8WoO+LWugFebkQeY62tbBjcpZWhGMhwchofMS3W3hK7KgJwgWY6,"33",Female,Ms,"23","23",Hometown 23,Career 3,2026-05-13
"230",rLWHDyF4XD+wSEIztmZJNdGyFp+txxvzFQk0AajD0MaR2evWEVLp7Q==,"40",Male,Mr,"41","230",Hometown 41,Career 0,2026-05-13
"231",taHO5nqgZrobABD+c3gvnIv3c1aMdf82h9fe7k8gashgCGEhgbmb/A==,"41",Female,Ms,"42","231",Hometown 42,Career 1,2026-05-13
"232",h5ssXYCCNS6Taye96fb9cYZINfzfvyO6tGf0lJxrGx6AoBb4bY6avA==,"42",Male,Mr,"43","232",Hometown 43,Career 2,2026-05-13
"233",zSlas7t6XxBjuxaRzIrN5KUi69cLzhnUby3YlvkERcU6yrHGcEUD0w==,"43",Female,Ms,"44","233",Hometown 44,Career 3,2026-05-13
"234","4hbDQJTYXn9cwyNYelsMi2jaYX2Enqxf0L9RgApdTW9IfkVaUvlkDg==","44",Male,Mr,"45","234",Hometown 45,Career 4,2026-05-13
"235",goaZDGCiBOITef/Lc/rqyosnm4ImlFjaYSikGNLjQO8AUn3GSMHNgQ==,"45",Female,Ms,"46","235",Hometown 46,Career 5,2026-05-13
"236","37eReVJZohU2Y41sN1Clpggy9JcUJ3HmWFzRmppWz3xfO1GjEjaVFA==","46",Male,Mr,"47","236",Hometown 47,Career 6,2026-05-13
"237",OGajSuvqgPp9SfSJfxh1M05j9HuWhajtPSEBEL0gYhqrdZvoAyzINg==,"47",Female,Ms,"48","237",Hometown 48,Career 7,2026-05-13
"238",TViOBojySojWiGlYZQ+zzuAlFF7xiOITosLTsJ/61ptYkyEzAXuG7g==,"48",Male,Mr,"49","238",Hometown 49,Career 8,2026-05-13
"239",rmO0uiSFeP4d+0WA2n2Lg7f6LvREHcXLZ7Mbsr0HpvoO60lx0KykNw==,"49",Female,Ms,"50","239",Hometown 50,Career 9,2026-05-13
"24",agVVvTKH7sIE0IrERjCCANoXTWWift46kzfIpO3BYF0o8oBCsTwo,"34",Male,Mr,"24","24",Hometown 24,Career 4,2026-05-13
"240",PSS86djSxapB6/mA4GWCM3guQTWcAHT3wK6+WQJLUA0u00ulMrTWuw==,"30",Male,Mr,"51","240",Hometown 51,Career 0,2026-05-13
"241",mH/EHiT0nx21P5926/kItEzMTTmGkpeD7b3amMYf8ONF157nOuaG/A==,"31",Female,Ms,"52","241",Hometown 52,Career 1,2026-05-13
"242","8k2yKbjRDgpnLtmmNjq6xl0uKvyXjeu+bWRbLtmbj0/RNSHMaj4a5w==","32",Male,Mr,"53","242",Hometown 53,Career 2,2026-05-13
"243",/sbNuYlyWLW/D0k1Rd9GzxnIACcM8l2SwNkCGkP/6DWiqEkHqme08g==,"33",Female,Ms,"54","243",Hometown 54,Career 3,2026-05-13
"244",/QnD4XjHl1cvDVxoXCvK9DRAn7yDgYrzizROU33lbf9q8Sd+DNYl6g==,"34",Male,Mr,"55","244",Hometown 55,Career 4,2026-05-13
"245","4qz/05KtwSneDX0TmoxOuE4+6JHt+22EeSm9x+Rdudemt9ED747qGg==","35",Female,Ms,"56","245",Hometown 56,Career 5,2026-05-13
"246",RE916S8iK5VAGb78tpn/Ex5UX+h91IOQJ5jIwPti8wTPtXFJAhb6dw==,"36",Male,Mr,"57","246",Hometown 57,Career 6,2026-05-13
"247",xpcmgfQmNNPwjSId6WBVDD7ZkdoOknUFCbECC/N6ydMf5f5DMMp85w==,"37",Female,Ms,"58","247",Hometown 58,Career 7,2026-05-13
"248",V3LSfm/Ln+tRD8BxKuE08msTbqkU4ygLg8rWblMdUGWXue/EmWJ2gg==,"38",Male,Mr,"59","248",Hometown 59,Career 8,2026-05-13
"249","0sdHzVxj9cCX+0c3q++vaWA3Sw2KbB9OrXC+2bjz1nO+xkoTj+MJpw==","39",Female,Ms,"60","249",Hometown 60,Career 9,2026-05-13
"25","5QjNXcCHo1i5j2OKyMHa55JKLACDGyaqvItmB/CWRd1FohFSz7xV","35",Female,Ms,"25","25",Hometown 25,Career 5,2026-05-13
"250",QUpPjcGem92nhlOfrHccFUhgb8IC+mlX9cdev943+ePVZovIDIRI9Q==,"40",Male,Mr,"61","250",Hometown 61,Career 0,2026-05-13
"251",hIE10I+KczPJe3SvszyxZnGrEbm5/hyL2kQBymcjBAsemNN9cMGn2g==,"41",Female,Ms,"62","251",Hometown 62,Career 1,2026-05-13
"252",I861KqvOsb9EdVt1QuY8YbJL9g0fEacZPiaR2occSVa0SQOZo6reAg==,"42",Male,Mr,"0","252",Hometown 0,Career 2,2026-05-13
"253",pVYy/49GUmSMd7XVAx9zg5in9b5Suc+8pOpK6kom+kH1zGVyPn5czw==,"43",Female,Ms,"1","253",Hometown 1,Career 3,2026-05-13
"254",nGiB9toAHmLP/eLq3cMhMK//YEiq/lEhgxZUBWxLFfYezsPFRJnDUw==,"44",Male,Mr,"2","254",Hometown 2,Career 4,2026-05-13
"255",Rq2zuodeU/iMDO9N3x2k/LB9OXzSjJak52di3DyN2YwW5LKF4lc2YQ==,"45",Female,Ms,"3","255",Hometown 3,Career 5,2026-05-13
"256",mnWJa+ZrVhKCjYF/UYh0WCn2/54WmZ/sfUDCewtXt7HTXiKWT8MlMg==,"46",Male,Mr,"4","256",Hometown 4,Career 6,2026-05-13
"257",Z1yTz8U+MKYlvcMOc+pjdbzc92Uvda8VrDUX1TIOhw7EvFlQPaSlIA==,"47",Female,Ms,"5","257",Hometown 5,Career 7,2026-05-13
"258",WoUcfONlPe2glUN65CXhUKfZh/RfQ3uk/9DjJEVLkgCpARZsTFYFuw==,"48",Male,Mr,"6","258",Hometown 6,Career 8,2026-05-13
"259","8etvRPNVoEXqm3BEgi7HJXHzaGtNpVvFjuKlhXc25gFaG9hVRzSr7w==","49",Female,Ms,"7","259",Hometown 7,Career 9,2026-05-13
"26",M0AQFvaBHq34ndaflQ9ZMhi/hLcGNLX+hV+WkDRz0vM6DMcnF9/j,"36",Male,Mr,"26","26",Hometown 26,Career 6,2026-05-13
"260","3QVG+CfcMufz6Ms7sjPF8iPNpTJ5HmpNq+YAlaLHpTXW3YxDAFddSA==","30",Male,Mr,"8","260",Hometown 8,Career 0,2026-05-13
"261",/bAMAz/S0PMGy8NLCoKi0CFWUzCljReXFAxIVYifwk20NKkZLse3NQ==,"31",Female,Ms,"9","261",Hometown 9,Career 1,2026-05-13
"262",+5+L4gFgXKE2X7IGcbV5Fh4GGNkD/dAWyouwvXjV320PZ9f3I15hKA==,"32",Male,Mr,"10","262",Hometown 10,Career 2,2026-05-13
"263",OhtiCxiFqK4MCylJDVi65EmUA9Wldidlnjbmnn6ive+emaLGSTyNVA==,"33",Female,Ms,"11","263",Hometown 11,Career 3,2026-05-13
"264",WSyzC/LdERVYaz6BpY/81wTHhQlLiEVJPKukI9ayZVNX02K23eD4rw==,"34",Male,Mr,"12","264",Hometown 12,Career 4,2026-05-13
"265",l8DQheS2RpSLsFsiG9lRnvKK8P+ALJPSqa9ZBOm3fuEXbeFmxsCY0Q==,"35",Female,Ms,"13","265",Hometown 13,Career 5,2026-05-13
"266",UgSb1ueEs7xEQ2trBrXNwlA6eztGfTW8rJfQzhrm+iJZFmkBa61dxg==,"36",Male,Mr,"14","266",Hometown 14,Career 6,2026-05-13
"267",uq+u39b0ZJiqD2bJ0EwqVy7G2jb0mzBTB/M+3YLyXalrhvwo7l7l9w==,"37",Female,Ms,"15","267",Hometown 15,Career 7,2026-05-13
"268","9MuxehQKQJf66l/3Ax4Po/yHljGQGITXtcDYv1bmK2jCwVBnAVHJew==","38",Male,Mr,"16","268",Hometown 16,Career 8,2026-05-13
"269",Mx8lMpC1riGoJe+J6wyMC1YoSBLATMNFk/+RgiyZDdQEFYGWGuGuhA==,"39",Female,Ms,"17","269",Hometown 17,Career 9,2026-05-13
"27",i6LIc6YxQU9J9/UYF+KcVM+n/7bhf18YuGEakWv0wul5g2gTdm+B,"37",Female,Ms,"27","27",Hometown 27,Career 7,2026-05-13
"270",YqJ5ErrcdDGWpU6zXKk9/xdzhSdtnCnmxp0uxemCmQDSVrcRgJ2ojg==,"40",Male,Mr,"18","270",Hometown 18,Career 0,2026-05-13
"271","8fFXFp2jFfKuvY05HDuDEu+8Vu/ImIRLJEIIcL9Ir8zcVU+1pGoX1g==","41",Female,Ms,"19","271",Hometown 19,Career 1,2026-05-13
"272",lak5O+dLI92ycTZlmMNMm8ahgYghVNzEFfaEgIV0FJpLe4ZoCBi9DQ==,"42",Male,Mr,"20","272",Hometown 20,Career 2,2026-05-13
"273","8HBnHHzbpgAp2OwXiu5hnvwHC8fU9EjSb8cw26MVA5hW+JMTYOVXuw==","43",Female,Ms,"21","273",Hometown 21,Career 3,2026-05-13
"274",i5wniKrq8vQiLjGYe9oDOLtdm5olGjfkTnk3fSpyF2QseuropLmrJg==,"44",Male,Mr,"22","274",Hometown 22,Career 4,2026-05-13
"275",TJm+PqzxKa10XBvJF9qOrawRox6j7g9+dW6JwBVrjzolG/qKBj4VoA==,"45",Female,Ms,"23","275",Hometown 23,Career 5,2026-05-13
"276",o72hV83hPE2O3/CXDnq1p4tatfjdOPQVEH1042bfX5TvWcoEKGp3og==,"46",Male,Mr,"24","276",Hometown 24,Career 6,2026-05-13
"277",+b68MAHevyTvL6225TKv4d866XxXYMcG0NDHqLsydtWf0+Pwrk+vBQ==,"47",Female,Ms,"25","277",Hometown 25,Career 7,2026-05-13
"278",+q6rm4in5YQjtTW3bN4MEnjNCGcj6rYfAKJYQHVFnScSWqLHWouocg==,"48",Male,Mr,"26","278",Hometown 26,Career 8,2026-05-13
"279",m2PodRqIRWXZTzwRlFCvSdtEGp8J4RLhHN+6NY5cat/bxj6F9thSzQ==,"49",Female,Ms,"27","279",Hometown 27,Career 9,2026-05-13
"28",tX6mpNUaWKkrWF9MVUO8M95YMErdFKc97fRrK7sOgruTqE7+/uAQ,"38",Male,Mr,"28","28",Hometown 28,Career 8,2026-05-13
"280",NxWUDcfJ3YBwdtZrMTgYIpJNLWsR9Jw4WZO+4Kim6QA32cTBBUjkZQ==,"30",Male,Mr,"28","280",Hometown 28,Career 0,2026-05-13
"281",cV4SL7fmnKyJfr/R5QDBsDh16Qd4qn3oeRmcY3SiPsNPFnyk3pT20w==,"31",Female,Ms,"29","281",Hometown 29,Career 1,2026-05-13
"282",dgk+eKXzxQkdJfTMwlmuL/ai2vnmiZgFI6RUdk3urddVbfPDpvu9Zg==,"32",Male,Mr,"30","282",Hometown 30,Career 2,2026-05-13
"283",Z2v94iN0oRUrjee2+Ws9mFng6uE0FFPIBt2XpDVAhK+i3CQdJoL/0Q==,"33",Female,Ms,"31","283",Hometown 31,Career 3,2026-05-13
"284",JYHR5+C+sAKtpQCSGfPT0YxwuAb85L/qi/IlKe9XH8QQtZPhRi1CeA==,"34",Male,Mr,"32","284",Hometown 32,Career 4,2026-05-13
"285",UU+y1crcrLGJdDuEh/c1ihxJeK97zEJJpz05V/GcznE/0Hfa2Mkdfg==,"35",Female,Ms,"33","285",Hometown 33,Career 5,2026-05-13
"286",bhShCXHoT6SnhAXbRlTzD4SV7RIJA1gBcnaWPYu+63VwjmUDP+6ZgQ==,"36",Male,Mr,"34","286",Hometown 34,Career 6,2026-05-13
"287","0HK7IE2XlGL8wb+tkkU1kojIEcocD5jBggRD+utPgxw6IMjO7HPrsg==","37",Female,Ms,"35","287",Hometown 35,Career 7,2026-05-13
"288",aH031w2FBXkyNIlv1Wprbk/L2JOHSw8yHzRsN7yEW6lLG/nrjTVH4A==,"38",Male,Mr,"36","288",Hometown 36,Career 8,2026-05-13
"289",umNw2/4F2tml+/JXACIqFFeYx844wx8J5R8Bzp/AVwaLRX5Ar2bOUA==,"39",Female,Ms,"37","289",Hometown 37,Career 9,2026-05-13
"29",A3J+/lSxg8b2kq+ov1SpWnn7LVl6V/bhsP8eJyFgJVC2xyJwLy39,"39",Female,Ms,"29","29",Hometown 29,Career 9,2026-05-13
"290",NpOL/SA5hxBoXjKmI7G/7WCTbQCUPC2Ez4uCSvQRpbS2iIi+ETgP/A==,"40",Male,Mr,"38","290",Hometown 38,Career 0,2026-05-13
"291",mb6WAxKwcaIEYDoGsx6fscroco0PdB96ukz7HUIf6PGCh7IMPzCeeA==,"41",Female,Ms,"39","291",Hometown 39,Career 1,2026-05-13
"292","5kbU1wk1owEKPea/oOspSDud8vxFFMKcv2LTJKVJF5JxE96NNqZipg==","42",Male,Mr,"40","292",Hometown 40,Career 2,2026-05-13
"293",Jg/dPq8rAv/5fbWZvpgDgzPuwgtd8GFAynvm/HzG5nlMLuTPscy9JA==,"43",Female,Ms,"41","293",Hometown 41,Career 3,2026-05-13
"294",gU7pp6gF8dX4RmXr1Zk8kbWWFvxIw6HfqKmhRGUhjt9Br60xG67mXg==,"44",Male,Mr,"42","294",Hometown 42,Career 4,2026-05-13
"295","7z9DIARAgFNmH0qmsEnoBx65Cj/iY1WDiv36RB+ck376IDCQY1LQjA==","45",Female,Ms,"43","295",Hometown 43,Career 5,2026-05-13
"296",N1h+OeyMDs/VZpg6XPa/hnDji3JpfIiUefR7f4sb3xs66bKsPNv/KA==,"46",Male,Mr,"44","296",Hometown 44,Career 6,2026-05-13
"297",lEt5Kz37mPYhG1RIiBpdG9nDhCt+Q8FCBh8prvFn/3nXtIBUgUJmOg==,"47",Female,Ms,"45","297",Hometown 45,Career 7,2026-05-13
"298",Ncdqxd8FaZKzKaJxvCyncY8u21J2frGj0lDSS0/I4kOV6Wg/penX9Q==,"48",Male,Mr,"46","298",Hometown 46,Career 8,2026-05-13
"299",EVS6scEXmoyYOPGuHFEs9XeR7mYjmveFwkpe5ccsQqXZN2gRI3nQDg==,"49",Female,Ms,"47","299",Hometown 47,Career 9,2026-05-13
"3",MgJHlIZMPH5UFrwPXj29+WqJsKatBUm5verMFc8OdGB30B6Kmjk=,"33",Female,Ms,"3","3",Hometown 3,Career 3,2026-05-13
"30",fuDSLRFS0evyfZmTVs09KlIGkuqCjAgE+CdvtH3acwwhfpHB+nBh,"40",Male,Mr,"30","30",Hometown 30,Career 0,2026-05-13
"300",BfjrFYOJXhl8W6Yc+ilrv240ZNa/TsIi0H18M/vmCIMREtBACkGjhQ==,"30",Male,Mr,"48","300",Hometown 48,Career 0,2026-05-13
"301",KF5ugzk2e/P7jd2vB1TAWJoguasNDSExTRy+G8XS2ofMq3hLtVoukQ==,"31",Female,Ms,"49","301",Hometown 49,Career 1,2026-05-13
"302","4mmwIKifIo67VzyQ1lcpFUo49XORnlTTl/ENNvOCU5fEJuqWvtwNcg==","32",Male,Mr,"50","302",Hometown 50,Career 2,2026-05-13
"303",jWYx6bmK1rlqFCyMBLvd5mqKahPro4kLMtTEOFhCU87D2wRI0wbHzg==,"33",Female,Ms,"51","303",Hometown 51,Career 3,2026-05-13
"304",CFsfr8K3feFC79sKM61AIrgxEVZB0pitbUuC+3vocO/JmTZD+hk2+A==,"34",Male,Mr,"52","304",Hometown 52,Career 4,2026-05-13
"305",RAYp787aKDGIwzqzMZ50gTGAP5VGAAK+AWdfj4FlFeplQyR61zhaRQ==,"35",Female,Ms,"53","305",Hometown 53,Career 5,2026-05-13
"306",CHslQmNMI9bSq87iPZ0MfQvYMgLag9xtCtjePcN4Ppgae8ZlG66ozg==,"36",Male,Mr,"54","306",Hometown 54,Career 6,2026-05-13
"307",j8jUwP1eA21mHBlMuAiCiC6xYXxSu1maOP8KzhTm8ZKeITh//znQqg==,"37",Female,Ms,"55","307",Hometown 55,Career 7,2026-05-13
"308","6e+/IY+MFUX+feeFxZbUvRjDD6nrmEuF2OKC63s8q+mZxC5NfwGMDw==","38",Male,Mr,"56","308",Hometown 56,Career 8,2026-05-13
"309",xFVOvD+sMzzs6H6wO9ZmQfCn0mEGDmXc0JxIYmdGJt94CAZZAEULvA==,"39",Female,Ms,"57","309",Hometown 57,Career 9,2026-05-13
"31",QO4IhEBN/xTTTP1XIjA678g2/0OA6VwrDGVDMEcVVezaLdgOKH2A,"41",Female,Ms,"31","31",Hometown 31,Career 1,2026-05-13
"310",cuRi9qE/XFcLWeiSL/X7lniD9+QRK+2T7Kevb1RbrueiKlEqKJFDUQ==,"40",Male,Mr,"58","310",Hometown 58,Career 0,2026-05-13
"311",ahJQjE4r31Fkas2rq/CD3ZQ8R25owXN+0EdIcjm+Vb35zudCkgwtlw==,"41",Female,Ms,"59","311",Hometown 59,Career 1,2026-05-13
"312",h+FVSt7D7+Gga0f7J60H56zgQKtvAQqwXW0M/ncZtrScYQziTcJjTQ==,"42",Male,Mr,"60","312",Hometown 60,Career 2,2026-05-13
"313",Wn+0oELJ6+O3PtnF7H1V8f6JYWUCcn12YKZiOXkjo7FQzuOSd3xsTg==,"43",Female,Ms,"61","313",Hometown 61,Career 3,2026-05-13
"314",N0+CRR3aWiFHgIOd1Rv6k7XrT2gRuzeKdVIPdepTbSkvHiB4fKT71g==,"44",Male,Mr,"62","314",Hometown 62,Career 4,2026-05-13
"315",He8nVqKwOGJAjsjRR2OxRQ7sYJtFuKCGloK8TJLHtnWwhRar7GjYdw==,"45",Female,Ms,"0","315",Hometown 0,Career 5,2026-05-13
"316",FPCGSAB60OykYLyVQQp0Yh4wc4iSlAik875p9yLgdX7iMdBwnI3y1A==,"46",Male,Mr,"1","316",Hometown 1,Career 6,2026-05-13
"317",VqGzYAg7EDXbnHqPt5eRybz4Msi1YgFQlNUFX0+IeWfAfGYYXDRDng==,"47",Female,Ms,"2","317",Hometown 2,Career 7,2026-05-13
"318",Zk6QLHWNFA3hQty3ANkXs7qoDX3BrUTaQrkAimElt2TPtE2pj0x+PA==,"48",Male,Mr,"3","318",Hometown 3,Career 8,2026-05-13
"319",rPcjMvgLWpiDgkqilIQXq1xEeYzQHNPOLMDf/EJq81oy4+Tpk5EnjQ==,"49",Female,Ms,"4","319",Hometown 4,Career 9,2026-05-13
"32","9onnr3obeyhIQ1H2q6UFTInyvUzyBnt79vuTAmKmblSYSuviyMPT","42",Male,Mr,"32","32",Hometown 32,Career 2,2026-05-13
"320",EBAlQAGhwYQQCR5tSPErlv7A2Qg+fBbtiIUAxr6skRTFGHhriWJP2A==,"30",Male,Mr,"5","320",Hometown 5,Career 0,2026-05-13
"321","97cYzLhBshvwQTHm3R2IawTdhwVVEultu1di7FLpy3kc4pHJmrrZhQ==","31",Female,Ms,"6","321",Hometown 6,Career 1,2026-05-13
"322",xPp8nBxoiA5w+eFMiYPE7auNXxJcWcDH+eXsMhPPyqbaiXAcCCj/4w==,"32",Male,Mr,"7","322",Hometown 7,Career 2,2026-05-13
"323",ypzzA60q7hlXOQxrR1Z4s4kr1UTUkWQXX31MNO0/0wpggW+cZsWVtw==,"33",Female,Ms,"8","323",Hometown 8,Career 3,2026-05-13
"324",fERaBCwQMvAKLrLNrR8eCa2865bcYBA1K1Qng0dSaWEMK4nKBmPjgg==,"34",Male,Mr,"9","324",Hometown 9,Career 4,2026-05-13
"325","4GO0n3CgS9MZL1ym8eyL7G88CQdvTOfjQiYEMpF6gl0q3EqAuGlYbg==","35",Female,Ms,"10","325",Hometown 10,Career 5,2026-05-13
"326",IY0g5sD41VJN3un4qkkRKFhg39gCreyM9BxI7RJilxu1GtswfXcvKw==,"36",Male,Mr,"11","326",Hometown 11,Career 6,2026-05-13
"327",Ury7JLxPT6Bh4Z+ounxdg42Rrgk5gKmml6mGx/BJj4qo1f2A3yhrvg==,"37",Female,Ms,"12","327",Hometown 12,Career 7,2026-05-13
"328",yj1o1xIlV9x16roa8/9ogypHxhhXMgu+fQ8WgEXdkoO2lDLTRjdgHQ==,"38",Male,Mr,"13","328",Hometown 13,Career 8,2026-05-13
"329","0GmioZDoEqBQoHhvx1h/TXtkoe2cctvYZaMmbhjseA9WgTsriReaTw==","39",Female,Ms,"14","329",Hometown 14,Career 9,2026-05-13
"33",gGri/slKrEWt+czjYHeC7nP6lr1aTFL0XoTjw7M6uZwTjIAo+Mff,"43",Female,Ms,"33","33",Hometown 33,Career 3,2026-05-13
"330",giF0jyblrPpKstUEA4wJrF3LIJ7qXgYsawT6aoJmui6kfZxtdG7CCg==,"40",Male,Mr,"15","330",Hometown 15,Career 0,2026-05-13
"331",qyWptu3Uqm3glnpjM4us6wK8O5V6+ej+MJ9VW2HESTgV5y8KytSluw==,"41",Female,Ms,"16","331",Hometown 16,Career 1,2026-05-13
"332",CBx6kJNSEfQn8mDhOKslhK/4ULQRHTRcw6rbYIF419Pt+zgNKvWvpw==,"42",Male,Mr,"17","332",Hometown 17,Career 2,2026-05-13
"333","7EYhaNYvrPdWBB5CvU0deZkX4zYq5jBnwKYiclJsJ174ILMWu8A94w==","43",Female,Ms,"18","333",Hometown 18,Career 3,2026-05-13
"334",jlpBNqQk+uXdFWN0vbsZMnE7ZLxigHYE1tMZxOG7QmW1HIoDI4nt6Q==,"44",Male,Mr,"19","334",Hometown 19,Career 4,2026-05-13
"335",FLHPUBCYzpLIDLyyP//bdx7EclBXFpj7WzsefXOdgmj4oPc2YVNgnQ==,"45",Female,Ms,"20","335",Hometown 20,Career 5,2026-05-13
"336","7JDLzPkZH2MBZKh3vKAVbd/xKt4IYXT5Y0hYw1gapS8Bp+dvNzS/pw==","46",Male,Mr,"21","336",Hometown 21,Career 6,2026-05-13
"337",SxXXdo6PfCub/Oi/WFMUtxTIRi5vvqlH5cgTHiv4Zwe47g3fbbMMJA==,"47",Female,Ms,"22","337",Hometown 22,Career 7,2026-05-13
"338",oSb5nzg2k9ANTRtMB/X/UEHqLgrSDjyi9Zi4Fq1Z/z28fopsKz5Q6Q==,"48",Male,Mr,"23","338",Hometown 23,Career 8,2026-05-13
"339",xYgjAvJkd0WOIUyoc5zxyM2MoA+iX7/C3oejWNBW0ZA9B2CFeCyDDg==,"49",Female,Ms,"24","339",Hometown 24,Career 9,2026-05-13
"34",gQjE3fKqLWyvTBNigptXp+UCXX2z1fmsKpswH7lPWnWBu9RXyEJl,"44",Male,Mr,"34","34",Hometown 34,Career 4,2026-05-13
"340",Fby+JhaCT5iUPSbRebNbMkvQbstE3NE5CQx2fmHVZYyYbCD4PaTEdA==,"30",Male,Mr,"25","340",Hometown 25,Career 0,2026-05-13
"341",a7HmBbnizVy1do5bVCLWSUDpBgMqGbepHWtyt/bFH/kB5XkLPbaF2A==,"31",Female,Ms,"26","341",Hometown 26,Career 1,2026-05-13
"342",X4SvnEaorWTK+Q6DbOy6L0dJ5eKZNaeqoRpVHF/oJ6E03ukEZ5JxHg==,"32",Male,Mr,"27","342",Hometown 27,Career 2,2026-05-13
"343",MoYKJne8wKVDsgcDZhYk/GWXGXkBRrgeAybJv2WvSNwhTCIYW8nURQ==,"33",Female,Ms,"28","343",Hometown 28,Career 3,2026-05-13
"344","4yMHArHjKaVvDTfRt5TVy/lVSP2nOsAWAUmPt6axmyl32vxQXx/dxA==","34",Male,Mr,"29","344",Hometown 29,Career 4,2026-05-13
"345",hwm4Ds+nAsOe55Uzlicn1XtKcPukgA8xSumjYHDA4kva39olsUwUzQ==,"35",Female,Ms,"30","345",Hometown 30,Career 5,2026-05-13
"346","9qGEeN2BTQUHIEommkYYsUb20uADO8G6Jw5+JAaFubRlWVPGtoJ5QQ==","36",Male,Mr,"31","346",Hometown 31,Career 6,2026-05-13
"347",sxvS88lNvwZO0H15n3CnIafhNolVW7vOO6aVBtClUhkB+pUgWxim/A==,"37",Female,Ms,"32","347",Hometown 32,Career 7,2026-05-13
"348",Ab+q2Z9G7s+ePeL35pacrslyPnpziUvxKFKFqcLz0/eMiE6U9u+xQw==,"38",Male,Mr,"33","348",Hometown 33,Career 8,2026-05-13
"349",pu4ldUv/TlNesggbk0SYzV9kW/emuceQGSbLuRxgefhYrwzNcprv2g==,"39",Female,Ms,"34","349",Hometown 34,Career 9,2026-05-13
"35",hkm+yHI1xNp0FymtizZXWXNhnRwLxYKmLQGx3pYu9tF5f/opsPfU,"45",Female,Ms,"35","35",Hometown 35,Career 5,2026-05-13
"350",iRT4oUfmUz/BIXtCQu0vaKHY23w0Csskq3gldHlWdqiuoPYq7+gWUA==,"40",Male,Mr,"35","350",Hometown 35,Career 0,2026-05-13
"351","3gT1pjZsK8hGGKBBhQdo1VZuYHhtRzuQs/Em13FzNC13L4r/2JZkcA==","41",Female,Ms,"36","351",Hometown 36,Career 1,2026-05-13
"352",ShRFJ+DEvYo+XUAKKrSeo4nCWlp8lzwsBB1fJ/lgDmoYlcrNqUTjLA==,"42",Male,Mr,"37","352",Hometown 37,Career 2,2026-05-13
"353",OD+0EiM7lOKSLq73aUZoykXkNLz2AMDyVdxtaNQKGOhyDaFMK/IoNg==,"43",Female,Ms,"38","353",Hometown 38,Career 3,2026-05-13
"354","5qnoRuU3ne6ARvqrI09dnXadcF+qtrd5Dg7J1uLr195ZAUlOZqvxOw==","44",Male,Mr,"39","354",Hometown 39,Career 4,2026-05-13
"355",HMD6bZ1kxikLhkSMnVPgDgopt4Lg5luXHB+mxL1PE7/IBPdhxBthNQ==,"45",Female,Ms,"40","355",Hometown 40,Career 5,2026-05-13
"356",Ls1YgXrmXITBKr9ptCqQcAUKjsWjZCaqe9NZ3r5RDX/+SKownnM7pQ==,"46",Male,Mr,"41","356",Hometown 41,Career 6,2026-05-13
"357",nIzRa3HN6RdybBf2L1+8T9eB3vAmAmdMUzro5Mgv5p7er6GHyeXpVQ==,"47",Female,Ms,"42","357",Hometown 42,Career 7,2026-05-13
"358",xQDbeZlrEeJih/r68ZzbsgtFTjTGDxk6O3e5FERn+71+ujE64nzi4g==,"48",Male,Mr,"43","358",Hometown 43,Career 8,2026-05-13
"359",Q1BfD28x8lwIjW38Q258BcK2dTsHAjeZGS4wF3XYoJewTbzb0BkpJg==,"49",Female,Ms,"44","359",Hometown 44,Career 9,2026-05-13
"36",D0zAYPxs5VWlZU/iG0s+u1ZTfBXi64uhwVaRjUb5bEhlf9yoPZ2x,"46",Male,Mr,"36","36",Hometown 36,Career 6,2026-05-13
"360",AZWyBJhVPS1JrU9+/KgJmnbBSUpwKZk2LxRvEyK6fWUga0j0h1KUFA==,"30",Male,Mr,"45","360",Hometown 45,Career 0,2026-05-13
"361",mdcRsJ158BFJweXrp4sMXfcrUXG+NRflQaqttv8I2v3XTA7laFTI/w==,"31",Female,Ms,"46","361",Hometown 46,Career 1,2026-05-13
"362",BlXeGlw6XxuQnQ0daJo+3ihkK3ab4MpGpj5zMSwn3yrVBZYYuJd2NA==,"32",Male,Mr,"47","362",Hometown 47,Career 2,2026-05-13
"363",YByIRmjbnVNndltJOn8lgMUf2Dy3h+aBGWzMWc2pMPGQ+/ntVaRSxw==,"33",Female,Ms,"48","363",Hometown 48,Career 3,2026-05-13
"364",CIXVgNpFuTlboi86HjUKxNA4HX7Ce82FMuGbm3057QF7HazXTlXMig==,"34",Male,Mr,"49","364",Hometown 49,Career 4,2026-05-13
"365",ar4nu9zOeDBuqYROfXRxoJdQrxwFddU0Ip0xdQUta4YxXQMxsUSTVA==,"35",Female,Ms,"50","365",Hometown 50,Career 5,2026-05-13
"366",C9GkMYGCFsrL27mphLZyN/+HzDezUoVvzlAcbsgUgR6NawFrY6WcZw==,"36",Male,Mr,"51","366",Hometown 51,Career 6,2026-05-13
"367",Xdn4R0lSLgt2rVHjJOXCpYrr/UDoh24WX2o4atgkhI6ZstKDru2+aw==,"37",Female,Ms,"52","367",Hometown 52,Career 7,2026-05-13
"368",vhLAIxXjQxSDRRykqBVmYIwHkO7BYBsrKgtltN3Psx3xGQ9V/25yig==,"38",Male,Mr,"53","368",Hometown 53,Career 8,2026-05-13
"369","4EaWKYVBGWYRGmOBdYTM9PsNtuj6R/QY5zpigad++PtFTWfxb/rNzA==","39",Female,Ms,"54","369",Hometown 54,Career 9,2026-05-13
"37",X8rptvmmt6v2GHWrXn8tTWHhMt5RHI1aDK+O8SbavwzTwGQ4KLKc,"47",Female,Ms,"37","37",Hometown 37,Career 7,2026-05-13
"370",xX0AytAlEOkvteBPtROR3IFjOepMoGM4ZQasB/tAC2G/pCVrvm05Uw==,"40",Male,Mr,"55","370",Hometown 55,Career 0,2026-05-13
"371",AUbugSgJ8pKkPxpTFk/j+64SkEW9BiLGdDKnd0osw+4a7+TmqVhHhw==,"41",Female,Ms,"56","371",Hometown 56,Career 1,2026-05-13
"372","4mHMGkBVcoq3mTGpf5X3JAR6FBOuhvM40qXS86FAU62ybTZh+d/gZw==","42",Male,Mr,"57","372",Hometown 57,Career 2,2026-05-13
"373",iOoqNUAJCPpf3++k+4R3KT1HPweJrjBSTtHKc0nzseK7wV0XTqnfRA==,"43",Female,Ms,"58","373",Hometown 58,Career 3,2026-05-13
"374",Pu3bCKoARz/HB7OIUBdg+2147W7/WDDXcmIVpsBAwWTTVCnck6MO1A==,"44",Male,Mr,"59","374",Hometown 59,Career 4,2026-05-13
"375",F5eTR/Dnhlu9SyzsQ7jppOoRXDvAKIGMlV8OF8Kfqz8fvEJBZgQoKA==,"45",Female,Ms,"60","375",Hometown 60,Career 5,2026-05-13
"376","677Sdo94U8XO4zp316BSDPNV1nczJA7W1rYtYg+hDrwb+XwaKZLGkg==","46",Male,Mr,"61","376",Hometown 61,Career 6,2026-05-13
"377",+rUaNeqW2NyAgfa08QqaUfQ19FmK7mMnY+Kl81JRYAu50CdZLnkuZw==,"47",Female,Ms,"62","377",Hometown 62,Career 7,2026-05-13
"378",uT/XgU+GdHTmO133d1dqZuQ0fdf4EcuhcF4WWkY4j9OBrkg6zL0TxA==,"48",Male,Mr,"0","378",Hometown 0,Career 8,2026-05-13
"379",rZdISFd73fo7OPZVXVb3k1isZ4AcSXEyktJ6Ps8wdTVrBF0wsXznvg==,"49",Female,Ms,"1","379",Hometown 1,Career 9,2026-05-13
"38",UPzNv1yfoeWWmPR2a1i25ZdTd49c6KX5rniXedQG2HNv49BhfVEV,"48",Male,Mr,"38","38",Hometown 38,Career 8,2026-05-13
"380",zrI1ercfLaXD543+6QXloXe31joQziRiamopvSzor6cDsseVIKZ7rQ==,"30",Male,Mr,"2","380",Hometown 2,Career 0,2026-05-13
"381",Aw71v9s5jPt/HWsnV4aM7Su8sMp5+tW0lAGNLv8UXpzUsHmIWGdtAw==,"31",Female,Ms,"3","381",Hometown 3,Career 1,2026-05-13
"382",fIBVu4/fPvd+yY+11hnRqKStSz2dOXwjV7K2xzBm0/YSGrMqiG/TmQ==,"32",Male,Mr,"4","382",Hometown 4,Career 2,2026-05-13
"383",bkhZgYyE5bRZQNPxK/Rf+rjVmoHUmAo5IsXTmh0YcpIFUbh/btcspA==,"33",Female,Ms,"5","383",Hometown 5,Career 3,2026-05-13
"384",tfZ/lnkQemIkQITkmR/0eaWlrSZ4zIKUeDmbGpS+IdNRwPaG3LzUzA==,"34",Male,Mr,"6","384",Hometown 6,Career 4,2026-05-13
"385",eol2gn8VYLK5dltBDGaJ5gv2GKuYEGkZ9hJUjCz4huEXKIrpX0R6Tw==,"35",Female,Ms,"7","385",Hometown 7,Career 5,2026-05-13
"386",dalP9J0b7Efk95FKPWSSMWXllIrFG2l2VSMSs/M1fjTHmvtM6yoshA==,"36",Male,Mr,"8","386",Hometown 8,Career 6,2026-05-13
"387",/V1LcqGuMv7NOi00upmFZ6D0P3zKT+1XyZLJixGs8/JmTHBNydY3pw==,"37",Female,Ms,"9","387",Hometown 9,Career 7,2026-05-13
"388",w+lSsSLinqcROGaIQ0kNR5ypjodIM6vVtTKfjOz6e7OyTG1DPRjWWw==,"38",Male,Mr,"10","388",Hometown 10,Career 8,2026-05-13
"389",/xStIMXPRqgCVj6UnDN3PFwtHwdObwBvjl3WYA/06tySWpMGt8TUQw==,"39",Female,Ms,"11","389",Hometown 11,Career 9,2026-05-13
"39",TinjEHrIvXEuwHhAsuxlDk29uqkErLkcJechF3iDnk7lIRTKpyC2,"49",Female,Ms,"39","39",Hometown 39,Career 9,2026-05-13
"390","2CzdJ6Z0q1O3iwEvzcfpTMpp+E1w1o1dq8F4CgMpLyIXlFOX9Y47tg==","40",Male,Mr,"12","390",Hometown 12,Career 0,2026-05-13
"391",iBg84IS4UOK82ewYlIh/JKP/e/4lbZqwK39DY0JyQ00Un3m+nCtVKA==,"41",Female,Ms,"13","391",Hometown 13,Career 1,2026-05-13
"392",jgzKa8gy0QSD0jZD6lRy0rl7lUJwm7TSf5TKnJx6zAkUMoyy69gF+w==,"42",Male,Mr,"14","392",Hometown 14,Career 2,2026-05-13
"393",AUy9hZbSHB3BAAninAaRE0j3a0AIShieCuYR+s3bUTEyqpc2VdvHAg==,"43",Female,Ms,"15","393",Hometown 15,Career 3,2026-05-13
"394","4QZVIJL6yUlsihTOIWw6tcza2VVNxXZ6JL0IA/3Azekvnl8aqklpXQ==","44",Male,Mr,"16","394",Hometown 16,Career 4,2026-05-13
"395",P23uEASdhVN3pebOqufAD79D7kNLHOX2tQsmKqwxBV9Ti0VI+nsxdg==,"45",Female,Ms,"17","395",Hometown 17,Career 5,2026-05-13
"396",oghuHxQLgPnqZGDvMUwkGrIzeDNOUrrT3H0HTyioTo5lF+cqCmgByQ==,"46",Male,Mr,"18","396",Hometown 18,Career 6,2026-05-13
"397",Hwb+h8JeNVVKwHy0OheInMNPYpEHX4TW730lsjtD1hKlQTSBW4bDiw==,"47",Female,Ms,"19","397",Hometown 19,Career 7,2026-05-13
"398",YrRBChczgakEcivRIGF0KyoYmViNKsS8FVh5A8Mpmifql6dKXdTeCw==,"48",Male,Mr,"20","398",Hometown 20,Career 8,2026-05-13
"399",Af0TTaQEPevUvSa/6NhFm9MxXoyAtuy/LVy6difaKbEw5KCbEJpzDA==,"49",Female,Ms,"21","399",Hometown 21,Career 9,2026-05-13
"4",aMBuKQ42dMxBCrNNQn0Frp7BrAhTzMTVzKGs7zakRMOushU1QDs=,"34",Male,Mr,"4","4",Hometown 4,Career 4,2026-05-13
"40",tH6Ym30h8fVMvjoQZyIg8N4OdPvwNyXEjNHD9zPjyhEOWv3mdEP0,"30",Male,Mr,"40","40",Hometown 40,Career 0,2026-05-13
"400",nIgmIQ/g/HRhtHZJpMe64IJoJLnDeMfKNsXGEF37nue0BqLXOXSvBg==,"30",Male,Mr,"22","400",Hometown 22,Career 0,2026-05-13
"401",ggiwxU429Nr5R4B8QT9/HKy63e3IOjsHTKrFqS+TxxJLEKhM19IwSQ==,"31",Female,Ms,"23","401",Hometown 23,Career 1,2026-05-13
"402",k8cdZ6eq6mPVEgpwJtJdL5+BBDyqog5eiToDpMTZVxkR0+/6xEq2qw==,"32",Male,Mr,"24","402",Hometown 24,Career 2,2026-05-13
"403","6N+ustydQSSoWSzWF3Zo3B+1G0cCT22eqGpR6qlSlLJtpxiV+wEKVg==","33",Female,Ms,"25","403",Hometown 25,Career 3,2026-05-13
"404",/oQuzO3Ge72jB3QhF1LH1vrbIsbBLMco0K3qTyJNIPCmktLk/5RIRw==,"34",Male,Mr,"26","404",Hometown 26,Career 4,2026-05-13
"405",qrG0XIluDmS0WBDDByo7seJ2gfTTkmcvo3KXaTHEKnBB1st+hh8jVA==,"35",Female,Ms,"27","405",Hometown 27,Career 5,2026-05-13
"406",zFQChOFSL/F6et1Nc/q1y6+vPuWP18h/DpB2NeMWgYzWQamdz/xBZw==,"36",Male,Mr,"28","406",Hometown 28,Career 6,2026-05-13
"407","4CQsYwkaZKIqNj60oWXYOjsKO/FJILNYcfmpS0bmWSteyVRqpudR8Q==","37",Female,Ms,"29","407",Hometown 29,Career 7,2026-05-13
"408",xRB8UZtqJUKTaRDyogBFoNUQ5sRxB8abHdENW+HNH3C6nakbX2rD4Q==,"38",Male,Mr,"30","408",Hometown 30,Career 8,2026-05-13
"409",Nn2oRk3a+cflnpjJI5H6qql+zJ5nF61CUE/7gB8Dk2W2HMZMW55W6Q==,"39",Female,Ms,"31","409",Hometown 31,Career 9,2026-05-13
"41",jxz7xmX1lMmsvAhk6dThE/owkRMWbCIjZTktitRLQ2yvQxdFzQSF,"31",Female,Ms,"41","41",Hometown 41,Career 1,2026-05-13
"410",mql3yA4mOBaO3K/LxTo4uicwoezCvvaNevK2M8kv9KKlS1EpctIX1w==,"40",Male,Mr,"32","410",Hometown 32,Career 0,2026-05-13
"411",ggBotpHwmq4S4LN54mZykl+esDI7gFBggWNu1R9gTtD0/42v51bZGA==,"41",Female,Ms,"33","411",Hometown 33,Career 1,2026-05-13
"412",tPSomCVey1lwVfhp1kNzX5IcBXJiif+3KAt9gRhkG20eqhjxSGRT2g==,"42",Male,Mr,"34","412",Hometown 34,Career 2,2026-05-13
"413",hs6oxcEqkRm/GFmB/GkcgEQoUqm8s0lqsgx286Fe/0qMRTwNa9jrxQ==,"43",Female,Ms,"35","413",Hometown 35,Career 3,2026-05-13
"414",DGkfhrWZ+qTDUCQu9/chYBzQWEswEA4wOItDfuTlF0NwZfuSJuUOhg==,"44",Male,Mr,"36","414",Hometown 36,Career 4,2026-05-13
"415","6drfedIB2R9K2iLPar1S37kFZWhzHp3U/6wlBowaIYGiA1KdU99bbQ==","45",Female,Ms,"37","415",Hometown 37,Career 5,2026-05-13
"416",UWNFb9OVmm3rvM+xP9F1NjaTG2MPvHf/Wr6J8xCZs/dj1mNMHNLXxw==,"46",Male,Mr,"38","416",Hometown 38,Career 6,2026-05-13
"417",HwpCgaLJr366pwP1ad1UnXd1rtWOAVqWmxiG9LNKFk+ihQKfayNXeQ==,"47",Female,Ms,"39","417",Hometown 39,Career 7,2026-05-13
"418",uUz9r/kvjp7upzJ0sUHYLZV2+dGhy/FWR5D+7ed0EZlaaDsrjEC2tA==,"48",Male,Mr,"40","418",Hometown 40,Career 8,2026-05-13
"419",Kws5tdpEYSpNeC3BuNtsraY482SH+qYntH+akc/uNA4PCpKLmzddvQ==,"49",Female,Ms,"41","419",Hometown 41,Career 9,2026-05-13
"42",zfJR8tserALyT1ki5mLwsImLZpsdde/7eOS9jSLJ52JPRQLGQt6p,"32",Male,Mr,"42","42",Hometown 42,Career 2,2026-05-13
"420",sgTcMxY8VU5vbGGe/2mCUxYliaFLGXFtLgQCu4BVGFu5wHHTNpMnzw==,"30",Male,Mr,"42","420",Hometown 42,Career 0,2026-05-13
"421",Yt5mjSQWfkE9bVzcoVY41nq+npEC83ZzRtfXhVceCZeVqsgsQHpN0w==,"31",Female,Ms,"43","421",Hometown 43,Career 1,2026-05-13
"422",ywh7IP9f26yfT3K1q2jGRpX3HsQ4oTGEUhtK/6RIAM/9MpXsKXiyMw==,"32",Male,Mr,"44","422",Hometown 44,Career 2,2026-05-13
"423",SugrPBK2UqOwrdIvZOloEMm0wxX1j/nTgZjeHKYqOvT0/euo385UiQ==,"33",Female,Ms,"45","423",Hometown 45,Career 3,2026-05-13
"424",aDeGI4FR7bL7Oi9RwJ7WyN0PoE9wCPDKqSd07Z2Cyv9tLqdRyIvQ+A==,"34",Male,Mr,"46","424",Hometown 46,Career 4,2026-05-13
"425",XuaPZ6JgyytvmH24ATUP3GCDnkFrzcG461LpTEsWGtngvmI4Pglj0Q==,"35",Female,Ms,"47","425",Hometown 47,Career 5,2026-05-13
"426",BvPrtdGXEceuX/c5MmlhNFhvY2aN0eTgaUDexEoGx9Y4u53KhWobVg==,"36",Male,Mr,"48","426",Hometown 48,Career 6,2026-05-13
"427",B9IHNdi7uK88XqnjO6SW71ZlvnwSLakODbOsY8o54sqyKAKJ51GDeQ==,"37",Female,Ms,"49","427",Hometown 49,Career 7,2026-05-13
"428",ifCyQaGC9aGc11bJZQ415LM3MKdaKR9nloMZXyjSNIa+0q3pYeV+HA==,"38",Male,Mr,"50","428",Hometown 50,Career 8,2026-05-13
"429",nScfi4aPtNLGAQs4ry19pfh3wKMq8CXHXE4SKQrKj30v9vXhAetmaA==,"39",Female,Ms,"51","429",Hometown 51,Career 9,2026-05-13
"43",LL3en4JWnLS3MM73aUdFRmC4Dt64b1YG0Afm6K5JsIByGUsyqr9+,"33",Female,Ms,"43","43",Hometown 43,Career 3,2026-05-13
"430",gV/Z28TY8AE9BXKCYpXnSTXgpTmfAtPCJQm2XesxDCLlw9Vbfwi25g==,"40",Male,Mr,"52","430",Hometown 52,Career 0,2026-05-13
"431","4Nwri3IqFEh43UWLny0J+S1QSGyI/TMoGI2nNJYioLDxiDxNGFbFfQ==","41",Female,Ms,"53","431",Hometown 53,Career 1,2026-05-13
"432",yvxsFNh5Zga3QRdYCMFthpeAH4RxBnsDEgYXAkB40zu31jXC/Toy8Q==,"42",Male,Mr,"54","432",Hometown 54,Career 2,2026-05-13
"433","1Y2I09jUfPxKURZz0hO+aG5LaJ20cIJHTmIQgYe/JkHNI3ycR9MTCA==","43",Female,Ms,"55","433",Hometown 55,Career 3,2026-05-13
"434",YMvJ7Y0JDoJhPeTF3ctaRX5bTch3ooJDy1Ma3FERN8WJqBtOzSAODA==,"44",Male,Mr,"56","434",Hometown 56,Career 4,2026-05-13
"435",NLU59HTDZ6pb/2NJfXvF5sfoPa79HiQmxVHAN+83M8k9/2YVVTt9Og==,"45",Female,Ms,"57","435",Hometown 57,Career 5,2026-05-13
"436",jrwPyICrja/omZT25c5w05GOcsPoZyRnDo6+xdYCeRqpbKgdlGfQEg==,"46",Male,Mr,"58","436",Hometown 58,Career 6,2026-05-13
"437","014nRa5BM+yw//GGLeviLhfxzpl8LgW/oaArIsIxJQRTBgPxf4RzHg==","47",Female,Ms,"59","437",Hometown 59,Career 7,2026-05-13
"438",i2XVvGUt7Knzq4GVJdpSrzEAtzsYqvuNvFPffBVTz1jvRhmKS+Tmcg==,"48",Male,Mr,"60","438",Hometown 60,Career 8,2026-05-13
"439",eTgkwIKODIF5p0AOA6D/iv5o5yyv5Tx9/b6ZcUuhv/fmEegFjJF42Q==,"49",Female,Ms,"61","439",Hometown 61,Career 9,2026-05-13
"44",Ljfa9XAwCyr8iDaYgaaDkPvz19m75AUR5nsFQtvCGGTXIfq1r97p,"34",Male,Mr,"44","44",Hometown 44,Career 4,2026-05-13
"440",l2iTo05+85b2pQyAw9eNklVy/qzpthSCtUGrB8evo24nGbeHDNfowA==,"30",Male,Mr,"62","440",Hometown 62,Career 0,2026-05-13
"441",xYy9vWrsboIWGm2putXBASno5ShOtxnage1kbG6Up3mXLmGLkskGbg==,"31",Female,Ms,"0","441",Hometown 0,Career 1,2026-05-13
"442",R/87hW3KuPFQDS6NBf3FHtPbhFPtgK2Wi6s4VDEOqvWgP/rysfYT5w==,"32",Male,Mr,"1","442",Hometown 1,Career 2,2026-05-13
"443",HJqsD7/hIxKEyPCk7TbsplujjSe432SCP5UR8kFjbYTacj4HktA5RA==,"33",Female,Ms,"2","443",Hometown 2,Career 3,2026-05-13
"444",viUbAytyfW+3T+UJ7n4lUIYnxmNVFcgr0l/0srLC92npsxJpzbnI6w==,"34",Male,Mr,"3","444",Hometown 3,Career 4,2026-05-13
"445",G4t9EkyP4+Q1rAWNFCibRfKDe/ekS8bMYCaMF3Z7HuKhBAIxtnj78g==,"35",Female,Ms,"4","445",Hometown 4,Career 5,2026-05-13
"446",qBMmvWo2nPUuPL/Th6U/Xtdg7imySf+amElrmdP1WXRSgM0uTmPjHQ==,"36",Male,Mr,"5","446",Hometown 5,Career 6,2026-05-13
"447","3lTx37QEAiqWZ9GrvdniCbEp5VOxjFMA8ViASa+X55OIqCnZIKY2zw==","37",Female,Ms,"6","447",Hometown 6,Career 7,2026-05-13
"448",BA+5yaWAEi0CqImN9dsExreCJrA8r71G6AV4b92SAv40jScwPKlSUQ==,"38",Male,Mr,"7","448",Hometown 7,Career 8,2026-05-13
"449",bGH2HHfx8S+L+CZ0B/E7gYZPsLMX54NqFxc/GTVuC3jNCnSG68HSfQ==,"39",Female,Ms,"8","449",Hometown 8,Career 9,2026-05-13
"45","4IxUebqZ1cM0Ue+KhRDUZCehaYJ0R2t1rbFe+X2G4IwU9Gp8OxTM","35",Female,Ms,"45","45",Hometown 45,Career 5,2026-05-13
"450","9LCV9MSG7Y1xfhaSVysRjp8bie1b8K5pii/cI4IUj2nS1uCBEnFU+A==","40",Male,Mr,"9","450",Hometown 9,Career 0,2026-05-13
"451",Ou8J/UyYrzTAsMSBZuuCSXAOdPIOxnPhbTvUYxWFNSWmqO74hwq8aw==,"41",Female,Ms,"10","451",Hometown 10,Career 1,2026-05-13
"452",qmGI2Y0pgARmOzmPgbj3J1eTl1OzFS8f9MmzCz7FO2RB1iKOe9v+sw==,"42",Male,Mr,"11","452",Hometown 11,Career 2,2026-05-13
"453",UhdmMmlCHJWJtLevnd0vyqil9ixwacotdU6VSNoey2kdQy5/RSKFWw==,"43",Female,Ms,"12","453",Hometown 12,Career 3,2026-05-13
"454",kyX2T98QgcHCVRXUYnAakbXijD9U50GDdcvLvl9w75KcxDtP2vagkw==,"44",Male,Mr,"13","454",Hometown 13,Career 4,2026-05-13
"455",l7I8wWfwpoxsoZZ1XnsVmBUm1icGVLIdc3mBbxPAzk7LZOoNj19C6A==,"45",Female,Ms,"14","455",Hometown 14,Career 5,2026-05-13
"456",SAqsbrOydJWs5upN0OpFgZcJtxFBksolwQRtCQ9SFyzxdTik7p0dsA==,"46",Male,Mr,"15","456",Hometown 15,Career 6,2026-05-13
"457",zCsC8VxJyLqRvv5au6PMIUaafKy8zgo3l8kKg0GKo4gO7vKd2eMXZg==,"47",Female,Ms,"16","457",Hometown 16,Career 7,2026-05-13
"458",vW9lLZPwrICGxXFG/DmFboKtMPdl9rg3jf5x7mHhbB5rSQkruNL6aA==,"48",Male,Mr,"17","458",Hometown 17,Career 8,2026-05-13
"459",rSAtf74H/Q9IQKl2vWLQ2CcQOBrZELnhk7SDFb1dHlmJsosArLuD+g==,"49",Female,Ms,"18","459",Hometown 18,Career 9,2026-05-13
"46",bCn0yjrQ6uzFuUzRZnnRJP8DH669xJEOZp1N39kIn4eakhNFdv3o,"36",Male,Mr,"46","46",Hometown 46,Career 6,2026-05-13
"460",AbZrEANHJf2qLJvMtk5JD9rKWhnH954UXq2GleuvpUXwGw4T5jBFsA==,"30",Male,Mr,"19","460",Hometown 19,Career 0,2026-05-13
"461",CjCRoidLhAESwE6L+uX7DWCYJWBMrM/GkRsTpTJ8y62hTFcY8+UcsA==,"31",Female,Ms,"20","461",Hometown 20,Career 1,2026-05-13
"462",uZoQrueT8yLgDc/dS2afOMMzTqaoVCPjXlcFzbWqLWHboUZfv2Zn8w==,"32",Male,Mr,"21","462",Hometown 21,Career 2,2026-05-13
"463",nPrPpZmqGour62Ek98wbUq9iRuZTmOJTKXpIr+XSAvgpwDsrP54fpA==,"33",Female,Ms,"22","463",Hometown 22,Career 3,2026-05-13
"464",L22Q3tFEA4ylRGu4R2WxxBRF2kOKXpqNwTOk2cqYBG5UlM28KzhR5A==,"34",Male,Mr,"23","464",Hometown 23,Career 4,2026-05-13
"465",IOJSaemYFXlduXXeeEPqbbfxs6r9RFHV2fd9stgYO2BOdFgL+1BRTg==,"35",Female,Ms,"24","465",Hometown 24,Career 5,2026-05-13
"466",Njjy1SawZL57YmJh6cwYN3kJbzffRrnB5BnzpZcw9FalHqmj4cmqNQ==,"36",Male,Mr,"25","466",Hometown 25,Career 6,2026-05-13
"467",M399u/Z5SC/FmmUwrbdNrIdIDQgkkX0lG/Csji3oWLKAkx4Mz+cWqQ==,"37",Female,Ms,"26","467",Hometown 26,Career 7,2026-05-13
"468",p3KekGNg02Dpc7qCi5ejRuyBWVcfkCZ6Jr7HulQm+ey6nClIOzrTBw==,"38",Male,Mr,"27","468",Hometown 27,Career 8,2026-05-13
"469",+1Dm16274LYF4G941PTFrGHmdiRKdiDMdTCgHkG2iPwReKhVlhjohQ==,"39",Female,Ms,"28","469",Hometown 28,Career 9,2026-05-13
"47","2dJSDspQ1zBMRqFZKtpdMOWZwFR/wZobl1Y36c5AEUHp9fhgMZy3","37",Female,Ms,"47","47",Hometown 47,Career 7,2026-05-13
"470",Q2wd3JNM9RFSBOJy20RumtDtrd2qMW66dA21tuTC3bLH9qR33gsc/w==,"40",Male,Mr,"29","470",Hometown 29,Career 0,2026-05-13
"471",cTWPjBWw4/erN7/H5+t87so8G4oOp644DVU3mwVITI9VweyyqZ5XvA==,"41",Female,Ms,"30","471",Hometown 30,Career 1,2026-05-13
"472",DwxoCfRn3soW1jr0EtP4we/wNqJQaiR2cjBMwus+f1xnkA8tBoVfdQ==,"42",Male,Mr,"31","472",Hometown 31,Career 2,2026-05-13
"473",s8xVq+fVuWiiYo8h9uhf2A/0YkwEPS6M4dnQDBbt8R/H91kWdKRZMA==,"43",Female,Ms,"32","473",Hometown 32,Career 3,2026-05-13
"474",gioqXfDeWxudHTjFncN3MgX4s7A2QDtx1IjYqlVmIXn3aq33S71jnw==,"44",Male,Mr,"33","474",Hometown 33,Career 4,2026-05-13
"475",W05/fa6F+7dimjNejsVwckQA+o7zyhVwqUeUNAwx7Fd3XHt11DYycQ==,"45",Female,Ms,"34","475",Hometown 34,Career 5,2026-05-13
"476",TUKM6u6swwnbSRfDpMJKYwn0pGx1LqMP+yKLrvwynV69XbP/8s6skw==,"46",Male,Mr,"35","476",Hometown 35,Career 6,2026-05-13
"477",AY6TuY5/4mMKea/IOlJieyQjMjQMALEuxGfN+InE0iIMnoJzSlFAfw==,"47",Female,Ms,"36","477",Hometown 36,Career 7,2026-05-13
"478","5PWC2B82u0fSza7MO0+UBbiR6K8xKyr5fxwkqF/+/mhWZtqO+qGLsA==","48",Male,Mr,"37","478",Hometown 37,Career 8,2026-05-13
"479",ZHTe+zGF9uYw23dkE2Sm/NSEe3VQ1kuaeJneUYlXoo7rTssgn0fp7w==,"49",Female,Ms,"38","479",Hometown 38,Career 9,2026-05-13
"48","7Sjh0gpddE6CE4YKhoJWvZsFeF/Udji1muIo1Ftl68LRf/CfF8E1","38",Male,Mr,"48","48",Hometown 48,Career 8,2026-05-13
"480",GJEw7N2NEbyb/H5vQx56XpUGZEzeFcdLAJJ18C6a6fN0IVxgvPwpXg==,"30",Male,Mr,"39","480",Hometown 39,Career 0,2026-05-13
"481",CrYfo3tjaJdJK3QqdAM5vhZlgh7RJ7jWeMNrVbvnqCfwVIOjWN7CIg==,"31",Female,Ms,"40","481",Hometown 40,Career 1,2026-05-13
"482","1oy/j1tC12pGZkUogFiUoOozmD0P4kproG5/jcaJ39SS/J1x2dzkxw==","32",Male,Mr,"41","482",Hometown 41,Career 2,2026-05-13
"483",EsgHtGKoZGBdXfVU3AmJF5NcWzMSMIh6XhwHQCK8l8hG++B5/DS06w==,"33",Female,Ms,"42","483",Hometown 42,Career 3,2026-05-13
"484",CeVt+YBZJtITkQWAF5iqql4lMjDej+ZAc80uqw/5zgvsi2qCZr66uA==,"34",Male,Mr,"43","484",Hometown 43,Career 4,2026-05-13
"485",D4PZvxQbMU7BHm7IQwGU33kW/WtfXOIM8ezwcaFUZB8oDuVWpJzCJg==,"35",Female,Ms,"44","485",Hometown 44,Career 5,2026-05-13
"486",J2Nr8yZzADucEqXfO5lZxEqMkC8HeNe2tDWXSTvIFzcT2rTjJewNrQ==,"36",Male,Mr,"45","486",Hometown 45,Career 6,2026-05-13
"487","4QNmpoRqClFNU9vWWRTFSjRLbGuGF+M0tiznFCQjBv6aSHPPMP58rA==","37",Female,Ms,"46","487",Hometown 46,Career 7,2026-05-13
"488",Lum4E+Z+wCU1ZqULCeZxcZv70iBs2hyPX0S+vAc3fkmhPgJDG/s8fA==,"38",Male,Mr,"47","488",Hometown 47,Career 8,2026-05-13
"489",qJSKBlMqDptme5Vi8qm/ajEKGyAFiqAOT3jYmBpcDe0crk3EyYZTeA==,"39",Female,Ms,"48","489",Hometown 48,Career 9,2026-05-13
"49",vZxuz6IRXupunukrxT5rOXZAutQcscM18ne0z/wUUHT19WT/6VAZ,"39",Female,Ms,"49","49",Hometown 49,Career 9,2026-05-13
"490",I8E59kePctsJr72dy3CI3pjd0wbZwU4+CkCtKyfowq7bXP65uRYCgg==,"40",Male,Mr,"49","490",Hometown 49,Career 0,2026-05-13
"491","2zI5hNQLq00RWhVcLd6besXls2plDXvOjfK5k2C8nZ+I40QuDUMdnw==","41",Female,Ms,"50","491",Hometown 50,Career 1,2026-05-13
"492",Zo2el2M+uoVFah6IilXlfcQaSStRP9KkAGdth/56tbLTj/DEKsIUtg==,"42",Male,Mr,"51","492",Hometown 51,Career 2,2026-05-13
"493",oDvPaiobbCYy2l+lHj28zB6VYF5Zre0oO2csQ4/ya94PE1RgNaA21Q==,"43",Female,Ms,"52","493",Hometown 52,Career 3,2026-05-13
"494",P6WLombo6t2Jhw3jpq9tmINnj/XkGEKKU+sYHG8H9a+UZSg5tX7LdQ==,"44",Male,Mr,"53","494",Hometown 53,Career 4,2026-05-13
"495",G0ZamBTjfQbovkfPeh94e800raBAQ32/Q2ZjY6LOLuiV5xFK7GIbuw==,"45",Female,Ms,"54","495",Hometown 54,Career 5,2026-05-13
"496","12zrJVLgR6jRv8zcP3YtG55d6nYREry5lvCJ/b2rV3dsIAEQdnEx7w==","46",Male,Mr,"55","496",Hometown 55,Career 6,2026-05-13
"497",zwlZQJfWJ9Fv5cRLWmehywjVhkvaEsDudZInPZSskIp639WEnWZ4qA==,"47",Female,Ms,"56","497",Hometown 56,Career 7,2026-05-13
"498",UVwSiWl4p42MQy0r0CL4BFm1OU/CbW1tEckV5jy0xJq3J2RKtHBy2Q==,"48",Male,Mr,"57","498",Hometown 57,Career 8,2026-05-13
"499",Rv2cDo1CDa+vLX2W26vge5h7uHGYuxaLePrGBtrOxcqJBvjA0GFJUQ==,"49",Female,Ms,"58","499",Hometown 58,Career 9,2026-05-13
"5",QTp5j0OYgupJzVv/rrGOVFTrxqOE08dQAcl+o90d6ZB8ED9uJuA=,"35",Female,Ms,"5","5",Hometown 5,Career 5,2026-05-13
"50",NzWcCGo16BK3yK8ALWixHdjobjSCQtZJwqTkEePh5aCMNF4gLyba,"40",Male,Mr,"50","50",Hometown 50,Career 0,2026-05-13
"500","1RPLQIHRhFRgDdv+6zlfCC8LjJgIcAjKfG362uPqRJWHq30pfGwomg==","30",Male,Mr,"59","500",Hometown 59,Career 0,2026-05-13
"501",jZ26M+ZYQByWS3gNaBTA+9y2FD3SVeQX+NetUe4OrpjGD6jXtaTiuA==,"31",Female,Ms,"60","501",Hometown 60,Career 1,2026-05-13
"502",fRWw3S1U7bpNdWywWF33hleUvNofE1Cz3yhEhXq30F9eJ4fiavV38Q==,"32",Male,Mr,"61","502",Hometown 61,Career 2,2026-05-13
"503",exu4devHuChY3J2J6I9Ll3Yjgpy95XrJeEnfKcggKCZzKlnkGHMmPA==,"33",Female,Ms,"62","503",Hometown 62,Career 3,2026-05-13
"504","3szdZiyvLC90JmDxD7RMCyWjPyGctMzldU4OhKngvQusc7U0SwxXGg==","34",Male,Mr,"0","504",Hometown 0,Career 4,2026-05-13
"505",EPWPhRvVF1PcWoM28v7qWtw0CN9WQq3KfJ+ccM2JEVfewkhDX/ykEQ==,"35",Female,Ms,"1","505",Hometown 1,Career 5,2026-05-13
"506",oNq23ND47DmO8hN4iIs3zPi+htmdeYGU5RVwmqbhR8NqYRrfZXQS8g==,"36",Male,Mr,"2","506",Hometown 2,Career 6,2026-05-13
"507",kfyNXC4rwr4meOrUpB9bzITPXA6r0Srj6lo14W3II82BQsOf5xE7Og==,"37",Female,Ms,"3","507",Hometown 3,Career 7,2026-05-13
"508",lVVeQ/cZ8fPWiPfhz2HrRT3YkTC7gItDwle8kj7sN+qBj5kl5rG4cA==,"38",Male,Mr,"4","508",Hometown 4,Career 8,2026-05-13
"509",TUQTC97bb2r9VPQGHz8Vek3KM4RNM+quJ/NGlapa73BTLqOZdjQQQA==,"39",Female,Ms,"5","509",Hometown 5,Career 9,2026-05-13
"51",m4Fc6Ai56jAxPhWixs4A8JBLYIt/4Q7waCi/K0ICPl3EnjDoRnXQ,"41",Female,Ms,"51","51",Hometown 51,Career 1,2026-05-13
"510","9oauvItlIDm2pI3WsdxnwmKpc6DseaESsGe+OWfo1g8hYvCvhaCjFg==","40",Male,Mr,"6","510",Hometown 6,Career 0,2026-05-13
"511",kVIuXB6GaaX/uOFOE2B0AyY8V4f5HgD9i8bV3ypdGxnOA9cdjci61A==,"41",Female,Ms,"7","511",Hometown 7,Career 1,2026-05-13
"512",uUz4bBzTYVAtygRmMwXvjGfpL8z6qq9xRviUL1PnCNi/i+Tb6b4pyg==,"42",Male,Mr,"8","512",Hometown 8,Career 2,2026-05-13
"513",hx79okGeyPuyfvNgVtntiWfieZ6nudstsRduTV3O1ULLwOjr57IM2A==,"43",Female,Ms,"9","513",Hometown 9,Career 3,2026-05-13
"514",CFD3zzCB/yTJ0nfwgHZiXhue2OVUu8Kw/JvPvzQNIgLgwecp6KSOaQ==,"44",Male,Mr,"10","514",Hometown 10,Career 4,2026-05-13
"515",cL3BCGls4ujiQwVPvI0HzIwx8M0vlGOOrK3M0M3NJp2rIbVJEM8usg==,"45",Female,Ms,"11","515",Hometown 11,Career 5,2026-05-13
"516",Zysjsy8CYRWovUCyn7vexCnRRJbsO1VZP/7UswoL+056OBAvW7ebJg==,"46",Male,Mr,"12","516",Hometown 12,Career 6,2026-05-13
"517",DxEGDMeMCQS0TrjWMcSBBaJcRKLcgSixpwDY3JtBYDiU0TxFMjT0DA==,"47",Female,Ms,"13","517",Hometown 13,Career 7,2026-05-13
"518",BTY2Xtb81L39j1kUZgkc6pbjSkDjoMQhpuutTFPdPPr0E2Pw7OyD8g==,"48",Male,Mr,"14","518",Hometown 14,Career 8,2026-05-13
"519",e4sBs537/bYBi5XgwO7MI6vl7IwoLhDfvrq3nv09iUYWnW6nZQbAhg==,"49",Female,Ms,"15","519",Hometown 15,Career 9,2026-05-13
"52",vw7OdBmGKV9lS1DaRRjR4lWYEk/guqNZj72dTxa54SLWdpNFsTMR,"42",Male,Mr,"52","52",Hometown 52,Career 2,2026-05-13
"520","3EQ8v7ORe2RaXJJvOglL2stWf6BVA/5yDPSEH9giprOKxKMMd+o3jw==","30",Male,Mr,"16","520",Hometown 16,Career 0,2026-05-13
"521",FKoskokob4ezDmjbqUjw/saex8ec/3g5lPrkQ1JI4mZlGdgPI7X96A==,"31",Female,Ms,"17","521",Hometown 17,Career 1,2026-05-13
"522",pjz9ZNA5CcOx83uVorjdex5uUz2kK9gDzSIAsDY7hzH181g5nTvTaA==,"32",Male,Mr,"18","522",Hometown 18,Career 2,2026-05-13
"523",bB0Iwv0rENhwQiBLgEnQ/UojS1XIfCnnFMGIeEzbKqVtYwcwCcOx6Q==,"33",Female,Ms,"19","523",Hometown 19,Career 3,2026-05-13
"524",pMGCkws8BrMO+oErq2hN0658Me1NJIyRj50d79qtqYmOI5bCdp+g8Q==,"34",Male,Mr,"20","524",Hometown 20,Career 4,2026-05-13
"525",LVGPyRce0819f6fe0z12S5nfmwBrCgmqKZ5n/HXpZba77fwi16c6SQ==,"35",Female,Ms,"21","525",Hometown 21,Career 5,2026-05-13
"526",rk5TBiczf7mJeHxI+qYgSdfVOkq7rsTW2oNuIowHgYw8CZ0UMV47Fg==,"36",Male,Mr,"22","526",Hometown 22,Career 6,2026-05-13
"527",B1tfwW6EJrRiLJguKyS3swsiODLW/YmEP3KQb+fVI6cTYs9fLtt4Cw==,"37",Female,Ms,"23","527",Hometown 23,Career 7,2026-05-13
"528",cNWe3iUmpkTi1vhm0Sc8RZMqiAJh2uOfigFK/ilPwAL/qnU93Gu+Qg==,"38",Male,Mr,"24","528",Hometown 24,Career 8,2026-05-13
"529","8DPuYc9NMB0iVnB/nEeJjPGdZf5GzXjLq88N/4SGWJMZm4xDzw+wUA==","39",Female,Ms,"25","529",Hometown 25,Career 9,2026-05-13
"53",toEayi3yPC02Ie85tTbrg9/WIjynefm11QPB+DpQWoBVlrUemJIV,"43",Female,Ms,"53","53",Hometown 53,Career 3,2026-05-13
"530",oiw0lSS89TtEA4N+h+wJijFFcZ6k1bJr4ja1eo7cJmHOkOQxS/GLnA==,"40",Male,Mr,"26","530",Hometown 26,Career 0,2026-05-13
"531",ZHBgcQpRUqYon+MD4Eg637PNOePSg5Th+ylPHr4cZgd0Bda7EV5eUg==,"41",Female,Ms,"27","531",Hometown 27,Career 1,2026-05-13
"532",lo4zlcwOLQzXRXFInERSsb9IsCxrYELvDMdJY3gBLt5jMFSHiCLFEw==,"42",Male,Mr,"28","532",Hometown 28,Career 2,2026-05-13
"533","5w/20J8iDZP9gWtjjlcrV755EkVmvWSoapP95+UXouR1564cYim55A==","43",Female,Ms,"29","533",Hometown 29,Career 3,2026-05-13
"534",CbvoNNeYFX6vxUx7gYbHiHCKA7d1olHLE4enB9EkEmbY5btqJ/Kvzw==,"44",Male,Mr,"30","534",Hometown 30,Career 4,2026-05-13
"535","79frCSP9oOUntG7YtbPb2xjjmWgxnqTTwSvCRut2ooDrSybtO6jC2A==","45",Female,Ms,"31","535",Hometown 31,Career 5,2026-05-13
"536",Ny6M/mtiqOl0fFoixmfqCX6CmcLVrtIkH4wtLGriPnAi+fKUFO5s5A==,"46",Male,Mr,"32","536",Hometown 32,Career 6,2026-05-13
"537",cDMK+5RVdftYxV+3CIn52JfgySQwmw3yyF2eCHwzuzyJhkVVqVqypA==,"47",Female,Ms,"33","537",Hometown 33,Career 7,2026-05-13
"538",DFAqY3lOwVNfaCroL5P9S9caj6QtzPGngsmPYm4Gb9omXYYUjSzucQ==,"48",Male,Mr,"34","538",Hometown 34,Career 8,2026-05-13
"539",BRk99pPe9DNp3+FAtGmfrGTuMFVEASVEfhomCfB8oGie2AVGbVfGTQ==,"49",Female,Ms,"35","539",Hometown 35,Career 9,2026-05-13
"54",UvZLVBZ8o2BMbYGhQSOYxCiBmg/X9Ko4E+DqVoOXlMFPR/YP2U35,"44",Male,Mr,"54","54",Hometown 54,Career 4,2026-05-13
"540",HP0Q7rRo2bXVmuDm0TWZCQaBVTxq2cCexe7pUVd4nNicZE7uT891kg==,"30",Male,Mr,"36","540",Hometown 36,Career 0,2026-05-13
"541",ZkFk6lZK7KPftaa+k5gVv27kky7QjYlUpEFu8sPrFxa8ICyWGaSS9Q==,"31",Female,Ms,"37","541",Hometown 37,Career 1,2026-05-13
"542",OiGSxyhbVwNVrE6eEhSWCAMyasDWP1fgM830lfTjlG6SgV6v4uXK/A==,"32",Male,Mr,"38","542",Hometown 38,Career 2,2026-05-13
"543",AikSrKIYYXJehcAMeI2w2kWUHnUDqMESKfHLQUMcgnKsoy0E2WVDTg==,"33",Female,Ms,"39","543",Hometown 39,Career 3,2026-05-13
"544",emqVMjbWI5/ysRw1l+39muPt2XhCNwJMxwP4cnBNxJkV2Gd9+3lXgw==,"34",Male,Mr,"40","544",Hometown 40,Career 4,2026-05-13
"545","1RoUpO0DfH2qrznJ5SMPUPLqQgvgFJq3v3e/4WCwWACHu3fSbpEmag==","35",Female,Ms,"41","545",Hometown 41,Career 5,2026-05-13
"546",o5LZwUkZ9YRbFeUY1bk5sWSxeFARJdEEq11Oz4KWKRGHgnSRLeoahA==,"36",Male,Mr,"42","546",Hometown 42,Career 6,2026-05-13
"547",YgQdaBJNhMQOTLnu6Ldvm40wmHjzbeXzkPODr9ZabBYYQxG33003Rg==,"37",Female,Ms,"43","547",Hometown 43,Career 7,2026-05-13
"548",CvFq35x+VijrMKpfsvtnxNLOo/D+TMRkkaUCfBGKWuwhYrjKKE3cEQ==,"38",Male,Mr,"44","548",Hometown 44,Career 8,2026-05-13
"549",esSRUcq7Jxykph+IkWY36uSS/TbL8f3RTTk3ypXI/2+P4nBaWLiE6g==,"39",Female,Ms,"45","549",Hometown 45,Career 9,2026-05-13
"55",KMtuQNTH//a7+XSGeJjIRtUwlGERcWCMfIqoNuqu4tF6GTg9Sthv,"45",Female,Ms,"55","55",Hometown 55,Career 5,2026-05-13
"550",rHzvJ5g/cyWK4EDO0ThyTNU/UisY8YQji2d5TqZ9oOqVPs+2O3NBmw==,"40",Male,Mr,"46","550",Hometown 46,Career 0,2026-05-13
"551",IbW8LJs2GPQNLdAJ3q3igmYsGGhiqhpfvfStj6RtCGdmKw+KKsbRpg==,"41",Female,Ms,"47","551",Hometown 47,Career 1,2026-05-13
"552",WMhF80fVabuCD7pTsFBEcA75EZsOxnTbpALiAK/zSJ5EpEBXYcb4aA==,"42",Male,Mr,"48","552",Hometown 48,Career 2,2026-05-13
"553",eLOscvdPXwVA5dDcb+n6j++aQxkF0t8jwgD1tLg2ZlSMOMPrZ1T1rA==,"43",Female,Ms,"49","553",Hometown 49,Career 3,2026-05-13
"554",jDwDKwTRyeLb+KvA+JMY76/8ovW5x5ajWFCOpez5vHNoXlEirlcOdA==,"44",Male,Mr,"50","554",Hometown 50,Career 4,2026-05-13
"555","87fOU15SlYUiQvkObB3m9eNIjaEDz8VMgd6NG3LqzYZmATRfSKE5Cg==","45",Female,Ms,"51","555",Hometown 51,Career 5,2026-05-13
"556",vt88W+uxA1CciHBG12wb8HZC0ABesRHzwxi1n8YNnAWCu3R5NYT4Sg==,"46",Male,Mr,"52","556",Hometown 52,Career 6,2026-05-13
"557",kw0i5fuM8+YhwxEkSomMCigd09S7nCSY/vwEqlpcPmqK26hkL6xtUw==,"47",Female,Ms,"53","557",Hometown 53,Career 7,2026-05-13
"558",gSB5rZmvcFNlyc9rx7j7Drgmp3nUiDkSn/XO0hIv7SYB7LgD8dFCjA==,"48",Male,Mr,"54","558",Hometown 54,Career 8,2026-05-13
"559",T05PM0w95/l8X7jFhgG7y8KV03YrBdA5D2l3rAY2w0jeWPR7lt5sJg==,"49",Female,Ms,"55","559",Hometown 55,Career 9,2026-05-13
"56",BhELB0xajFVPAo5gXU8Mbf34cN6tX3I3ZQHDkuX0VywnsH/44MdI,"46",Male,Mr,"56","56",Hometown 56,Career 6,2026-05-13
"560",z4jqhQqqpdAE1AO40wGWQ0uI4o3daLflXcx+zf5WsbJlwAcnCrQyEA==,"30",Male,Mr,"56","560",Hometown 56,Career 0,2026-05-13
"561",uPtggNGNYnL68CXf7S5V36GE2GscNqvBEo1+JRODZAmzxthIBIjdaw==,"31",Female,Ms,"57","561",Hometown 57,Career 1,2026-05-13
"562",TpzHRnQ41NQTgy2IwQ5dh02szdBqMrmo3dtChn29Jat7KVROsLOIOA==,"32",Male,Mr,"58","562",Hometown 58,Career 2,2026-05-13
"563",luY8i17Nc7UCmar/uj/+zTcGP6UemAwspfRj6ehxNEmyqKk+swXrOQ==,"33",Female,Ms,"59","563",Hometown 59,Career 3,2026-05-13
"564","3SIK5bdxmuAvSDs0bCT+Qs8YjnRPlZVFGBM7pv2KKzLr6WA5+hJE7w==","34",Male,Mr,"60","564",Hometown 60,Career 4,2026-05-13
"565","3Hjh7YIIR1MHqAzxoFEJRQ1si8b9EXD2fmRwi6h+/jV/9Y62KYePfQ==","35",Female,Ms,"61","565",Hometown 61,Career 5,2026-05-13
"566",d0HnW5z5sgzVrDJOY8fSzj1dysEZ1ej2ctmfRwc2dfnPAiip2uf7vQ==,"36",Male,Mr,"62","566",Hometown 62,Career 6,2026-05-13
"567",SKdvJFGkvFtYosustl2qIzA2OlEHega7UbHJwN8dn8L8p1BvUvf+gg==,"37",Female,Ms,"0","567",Hometown 0,Career 7,2026-05-13
"568",UhrNvniaHyrhT5B/eKHFVJiFTIoQoCMw2BaBTEu+X6iCkDPAD4ED9w==,"38",Male,Mr,"1","568",Hometown 1,Career 8,2026-05-13
"569",a2C+rJI3wlVzQqu1bLCCDrIOOgVODvin/u37qCbJUtG6gbshojCC+g==,"39",Female,Ms,"2","569",Hometown 2,Career 9,2026-05-13
"57","0hQtRg54ow+RKjWCmNqeP5AI/jOP7vlDdqRQfNyGAt72iZs/Ns5m","47",Female,Ms,"57","57",Hometown 57,Career 7,2026-05-13
"570",w/eosg1/ixvtwybUjZWmwuuwqvgaw+6dmdZ+I8muyrFkz3v9bUFLuQ==,"40",Male,Mr,"3","570",Hometown 3,Career 0,2026-05-13
"571",cpyAxzafTH1smq3HdQs2XdyXEUXAp1hNn4gaegFPB8yVcuaoinF09w==,"41",Female,Ms,"4","571",Hometown 4,Career 1,2026-05-13
"572",QLydDPblW2+4Hrk/iaSM7fmKMErK9Cn/8XOeRM9lNNtCU+bkzRLYuQ==,"42",Male,Mr,"5","572",Hometown 5,Career 2,2026-05-13
"573",iBLVZlTEi9gV7SJjmpdbxtxymyg6PLFwPcX3MnNzJzlswWjHkucbPA==,"43",Female,Ms,"6","573",Hometown 6,Career 3,2026-05-13
"574",r/Or0LSEKD0eXF6uMgVcA9XcRydRF1gobsOhgQwPQS0NG1tA0Zn5hA==,"44",Male,Mr,"7","574",Hometown 7,Career 4,2026-05-13
"575",V6ckvbgvfRWchMQGfJQUcKXPmm9tlIuZ1m/yh2X7r9dTR+6Fx8WP9w==,"45",Female,Ms,"8","575",Hometown 8,Career 5,2026-05-13
"576",z+H6QLT0Frxo9KFcAjoinIt7p1vORfyE+bZgK+ZDB/3383bYUGc29g==,"46",Male,Mr,"9","576",Hometown 9,Career 6,2026-05-13
"577",xx3HVbvlvd64CjkG5YYdQ9OxN9cz5PcGYoNqxJHfF8QPjIfGOzCIKw==,"47",Female,Ms,"10","577",Hometown 10,Career 7,2026-05-13
"578",uNRyvcAjw3DfQmMRIPjxg/Y9WA/wrQJrUjogfWsldqQ/YeYgFI642w==,"48",Male,Mr,"11","578",Hometown 11,Career 8,2026-05-13
"579",zlIStvKtoP8m5XITapRdZONQXlqGIVi0DmxXihmb46KiziilCifwYg==,"49",Female,Ms,"12","579",Hometown 12,Career 9,2026-05-13
"58",dtjhH4rjKV2V6QGfbATPRb73zNU9wdSS9q0VOSc0/O/iLtxSXBW3,"48",Male,Mr,"58","58",Hometown 58,Career 8,2026-05-13
"580",ccn5oA18qTm2BXednsw0X6lLB79h/2obk4tYAN4yEvCA1AYdjcfvAQ==,"30",Male,Mr,"13","580",Hometown 13,Career 0,2026-05-13
"581",res49YklTzvJp7WDO2+PrrRkpU8PbBsi3sny0AFHeDeyHS+hH3KXLg==,"31",Female,Ms,"14","581",Hometown 14,Career 1,2026-05-13
"582",IeVtHzaKTqw4Y4JzWBYiCDiPywPIsyrPAHbsMc7hpkIZYPkA0Yv9oA==,"32",Male,Mr,"15","582",Hometown 15,Career 2,2026-05-13
"583",b1L5BJyhYRFJ/iqvAWCd2r473EqhYmXV1gF/VlbCFOtv7yYrAFD0hw==,"33",Female,Ms,"16","583",Hometown 16,Career 3,2026-05-13
"584",bBaubuZt2Wk5CxpGJjPmAmEnzq/7JMzL0IHZn80rpuzIZE83CLPJrQ==,"34",Male,Mr,"17","584",Hometown 17,Career 4,2026-05-13
"585",/fMtrgZDLmtaHqN80gaMHL+dn5scMMxbdirV71ytdrR3PLjHyNH0ng==,"35",Female,Ms,"18","585",Hometown 18,Career 5,2026-05-13
"586",a+Nb6i+AYBBJa+gzAW6Piqg0DtrqzV6LDmpzpT+HPhDxFluLj2vFtw==,"36",Male,Mr,"19","586",Hometown 19,Career 6,2026-05-13
"587",NHQ4KOQscM5IjRqIlHjzyfxz/wrM8Go3fI67+mxL+Z9l/DaRWkNdXQ==,"37",Female,Ms,"20","587",Hometown 20,Career 7,2026-05-13
"588",SrJifxdyp//8NFa1ksShbusM4/8MXry6hQETmNwmq0WBq6QF7uEVbg==,"38",Male,Mr,"21","588",Hometown 21,Career 8,2026-05-13
"589",Rx9q/ObQAbCc/7UjjwQY65D1gCumz01+oQMP+r6tkGbFVMouhBt/HA==,"39",Female,Ms,"22","589",Hometown 22,Career 9,2026-05-13
"59",QUKi4xmR47RJh99rFLLaS37G6s0YaR6zc8BXH579OsXe1OzwnXSF,"49",Female,Ms,"59","59",Hometown 59,Career 9,2026-05-13
"590",nJcwAioN7IdWbBXO3dvAT6QmeVKf8doIpWTuWHA6AuNyIgWel1AgHg==,"40",Male,Mr,"23","590",Hometown 23,Career 0,2026-05-13
"591",pguNu+I148JRgSaIEa4SRJv7RsxD5jNBzWtQ5LeCHvfg4IJtKaUQQA==,"41",Female,Ms,"24","591",Hometown 24,Career 1,2026-05-13
"592",a0IMlTOJ13ZovfCtJ82/9BHHiPbXyBv/V+c1Bn2WGvxK6tZ4Rqvtow==,"42",Male,Mr,"25","592",Hometown 25,Career 2,2026-05-13
"593",/rmDdrAowR3jWRFUCERjuj/7+3iUt7Elql8nZUDPviTxvwK9e5tYUQ==,"43",Female,Ms,"26","593",Hometown 26,Career 3,2026-05-13
"594",LUR+ZE/BcAuxUBWoeH3zgqxk3m7xxGIOMm/+poQVg/xbwvoQ4aM/cg==,"44",Male,Mr,"27","594",Hometown 27,Career 4,2026-05-13
"595",elZvNSMlkV9U9dRBqQqjk50dnhWkyrKP9py+fna9d92yxORUzFI/Iw==,"45",Female,Ms,"28","595",Hometown 28,Career 5,2026-05-13
"596",kYEFobpSHrgbPt3/ZrRLpOFgR6dE9bxB8H73hScARHWgCJBxrD5a5Q==,"46",Male,Mr,"29","596",Hometown 29,Career 6,2026-05-13
"597",M06ExxtKvSg0D7OuJfAnU9vyU4TvVdgJkL6Hio9EIgjlZ9eEaLdH4A==,"47",Female,Ms,"30","597",Hometown 30,Career 7,2026-05-13
"598",n4Ub3WnJWYAyvgkzwI0rpEBpnfbZuR/Kn7wsrPLebc3BFyMtm0+V6g==,"48",Male,Mr,"31","598",Hometown 31,Career 8,2026-05-13
"599",pYa5Ovve9Vk8unFZL2PL31xGmcjAgIprAySeprdK1XnfpT0aUr46vQ==,"49",Female,Ms,"32","599",Hometown 32,Career 9,2026-05-13
"6","1LSO8fmzAfmm6yz79bjX9dEEUjvbGbpsjH0KgnYdra7KbA/LfL4=","36",Male,Mr,"6","6",Hometown 6,Career 6,2026-05-13
"60",aDnVLCox0FFu//MUC5QuMkavtCwBRDFISueh5GIjbzZyJC3sZW4q,"30",Male,Mr,"60","60",Hometown 60,Career 0,2026-05-13
"600","7SehlO/NZWNnlGe7GuAXOSIDleuaIpnsAmTMYd2tpOO/c3Kro6oqeQ==","30",Male,Mr,"33","600",Hometown 33,Career 0,2026-05-13
"601",IMVD5ItnlAPK3fH1fb3v6q6nzziBTrs+l9UBVqMNOWwE98C6wyHn0A==,"31",Female,Ms,"34","601",Hometown 34,Career 1,2026-05-13
"602","19adNuCpzbM+NE5xtg4RJLHlcBcRpPXvhh1SbYYrFAuAATwXS4owhw==","32",Male,Mr,"35","602",Hometown 35,Career 2,2026-05-13
"603",h0OqP/MkowqRwVnfSK+lwQ4vKBfz/V1Y82FsyiVobOuq+dG9Vm/yjQ==,"33",Female,Ms,"36","603",Hometown 36,Career 3,2026-05-13
"604",sB8TmnOFQe2V28yhFQO1aArzVACGYwKTbZuJHfLUycMuD2IL6gmWug==,"34",Male,Mr,"37","604",Hometown 37,Career 4,2026-05-13
"605",Q+JRKvuzSJYbM2KFRT83koLLQ5YJ8i9qy9B4VoEbUDgYS9KO9+Ti7g==,"35",Female,Ms,"38","605",Hometown 38,Career 5,2026-05-13
"606",egObH7HEQc/0Rqf8mzoup1UGwyRxwMzvNBhfsj5Vcl6ehZ9MwTm3UA==,"36",Male,Mr,"39","606",Hometown 39,Career 6,2026-05-13
"607",ttjaUrJD7TV8yuhHuHLNVgNUPLJY8birhSo9JzksvN9+B6wIMqk2bA==,"37",Female,Ms,"40","607",Hometown 40,Career 7,2026-05-13
"608",kpJnlFQb3LjSDsU/cA5W0vkZNAHqudkOk1E4Xh/qlH+6d8TkzMSXZg==,"38",Male,Mr,"41","608",Hometown 41,Career 8,2026-05-13
"609",mSaljndfFcGHjYaWPrCmtYXrVDKg2wZc/tQMPXbLvP4hcu8nKmQYnA==,"39",Female,Ms,"42","609",Hometown 42,Career 9,2026-05-13
"61","5Fg4cWosvoDdOtrsYQXhVpRNijsUX8F/p0sYvjO7u+4CzWw30mdw","31",Female,Ms,"61","61",Hometown 61,Career 1,2026-05-13
"610",yI1id0NYvqY/qX6NBT1Skqf8aMYUer1ySJOq2jcyWb9M0OTGJ9TB2A==,"40",Male,Mr,"43","610",Hometown 43,Career 0,2026-05-13
"611","6iI2CwOHY9Jy+9Rg95Kbguvm9zxLO20Ujk4u1E5YN6BF8pk6ijes9Q==","41",Female,Ms,"44","611",Hometown 44,Career 1,2026-05-13
"612",zCYEroy3IqZ3XU6Sr9mdzM5i2ULkAkqqez1DQNeOAVl9ll48Gjew7A==,"42",Male,Mr,"45","612",Hometown 45,Career 2,2026-05-13
"613",uaebeRPSuhvOoZrJYT7ZIe2bwnLLnjvDOFrrDovKsgatd8GqT/h6sQ==,"43",Female,Ms,"46","613",Hometown 46,Career 3,2026-05-13
"614",bOJtWyCaGEzW1ur75R7YpVGmHDFSPsue5hZIYNok+5jBRWfHQxXm2g==,"44",Male,Mr,"47","614",Hometown 47,Career 4,2026-05-13
"615",Z1TTUHA9aTthN3LpFkOr+z3lIjG5WrQqt/gTus7RKUL02dBXeVVFZg==,"45",Female,Ms,"48","615",Hometown 48,Career 5,2026-05-13
"616",JxdAt2S1u8Wt0R/9XNuIqZGZVmRQnuZI+MV7f7ICTeBOVBwYA3Bv8w==,"46",Male,Mr,"49","616",Hometown 49,Career 6,2026-05-13
"617",EnhB+RU6PkFRocLSyxcGbiQtLyzAj2O/gkkXP+SwdF+qdMbiiU7e0A==,"47",Female,Ms,"50","617",Hometown 50,Career 7,2026-05-13
"618",r6+Kq488u4ugCF/dSMS/RUtKuN1UR32w5sie3fWs3Ui15ruDzZCcCA==,"48",Male,Mr,"51","618",Hometown 51,Career 8,2026-05-13
"619",qIV5/rv65O3pjGK1F3N22qvdfoTUfIw/cL25xcml0ScvQ3K8rsDKTg==,"49",Female,Ms,"52","619",Hometown 52,Career 9,2026-05-13
"62","0vql2CTDKnRV815OEFDfDuHiYKcVXJlryd0GeBDU7rhfD2wQjt+m","32",Male,Mr,"62","62",Hometown 62,Career 2,2026-05-13
"620","8AyFn0WAGLcqEAZbv+flPtjz6/5iqMZs5fiMEqoqBokfQ3wUc6NwRA==","30",Male,Mr,"53","620",Hometown 53,Career 0,2026-05-13
"621","1JGpwGworQhCCtSey952Js8XCZJaANcPsvLQ/+obIpqhxZAZnmmMRQ==","31",Female,Ms,"54","621",Hometown 54,Career 1,2026-05-13
"622",wm3TStCUyLnJ1CxbK++KnnW8uqwE7rcnfJK3XowEm/hXJViEeUussA==,"32",Male,Mr,"55","622",Hometown 55,Career 2,2026-05-13
"623",AUOCwXtbausssKADnCL93+0/B+CUvodqBNGuZ6sowOJD2n+/ojO0QA==,"33",Female,Ms,"56","623",Hometown 56,Career 3,2026-05-13
"624","3nh6bseJs/HDelIWZBaa+jvfXhk0BqRPcQaL79yYHDiBXg32plyPoQ==","34",Male,Mr,"57","624",Hometown 57,Career 4,2026-05-13
"625",veagZtS2yG6nXE+hRodAJSMNENVCrzFw4uHKfZqf2d0cjbzLDXQFxw==,"35",Female,Ms,"58","625",Hometown 58,Career 5,2026-05-13
"626",TlqZV/3ESNqYIzebL5QHisnXGsu5X94+QVWkKc2hqK0W/BLWKNqXCg==,"36",Male,Mr,"59","626",Hometown 59,Career 6,2026-05-13
"627",w4rpPBJtHGr4u2GBq4eyYpSS1GdT9imaM3YHF5XssjbsoAnY+nPuWA==,"37",Female,Ms,"60","627",Hometown 60,Career 7,2026-05-13
"628",DjyocdNOAo6j04a1BnHkUfb7ovCJaFwt+qe1R/3ZjUiB8cm8V5zG7Q==,"38",Male,Mr,"61","628",Hometown 61,Career 8,2026-05-13
"629",KJoT5lzwpU86zakxQUN1Xna/2parm49BGOPw+wT9znwRCmmZ5S5Hsw==,"39",Female,Ms,"62","629",Hometown 62,Career 9,2026-05-13
"63",u/Kr53ajSXFcr0bG1aKj5wJ7eRLTfJ9Uz9woeX+jF04KGrHjpPPn,"33",Female,Ms,"0","63",Hometown 0,Career 3,2026-05-13
"630",G1rjro/IVlvKJKHIVLxBEnb8cyfeu9bEOQz82XoHfhRznhaBDeCFig==,"40",Male,Mr,"0","630",Hometown 0,Career 0,2026-05-13
"631",SrVAkByLBve6ehwKXcOUwvm4TTNj4wRYx8xB9KMeOFjyjD6yTDzwMA==,"41",Female,Ms,"1","631",Hometown 1,Career 1,2026-05-13
"632",x2+PYMD0cxEZs/kRkrUjNybwD1yRX8TOUaNNIdcv9UXXxOPPpOFTVQ==,"42",Male,Mr,"2","632",Hometown 2,Career 2,2026-05-13
"633",rHCcaKfFRoPAK1nlPmoHTt3PBe7+1Vgz76wSqjTR/L3FddG9bDOP7A==,"43",Female,Ms,"3","633",Hometown 3,Career 3,2026-05-13
"634","7sWEJ/zVF5f4Y6WpjG2u2MDgIA1Ek0TydP6YpDKUclov+7LoKiBf9A==","44",Male,Mr,"4","634",Hometown 4,Career 4,2026-05-13
"635",Zh77lKs1gx7hzPmrNKbnBWCyNiSL9zY84KSkqvjqw4bqJb8L7H0NSA==,"45",Female,Ms,"5","635",Hometown 5,Career 5,2026-05-13
"636","77BMw0P7Izw0KBLur82VIWGWMCMTuQ2EXsiRAUt6r1scjjMKThff+g==","46",Male,Mr,"6","636",Hometown 6,Career 6,2026-05-13
"637",+usH+7Gh+7X+gkmDOIH67ffGPnNOtAzi+uGGF2cDJi4A4R5Ze5DUvA==,"47",Female,Ms,"7","637",Hometown 7,Career 7,2026-05-13
"638",YD2pYuefk3qu+ofNsoErcNDI9qUBELhdMfQDwBo4JsocY+nF/XpTKw==,"48",Male,Mr,"8","638",Hometown 8,Career 8,2026-05-13
"639",RplM+rPF8oC0mQBc54kS0pXkQr1PjW25fl1UZop347fDBPHznwFb0w==,"49",Female,Ms,"9","639",Hometown 9,Career 9,2026-05-13
"64",SF51fBxUM7gmq52vdjB5WCfkpN04ZNpf354ps2Qgg/zRcYGz9pxR,"34",Male,Mr,"1","64",Hometown 1,Career 4,2026-05-13
"640",gG7jtIXN4PC26Fs4lycug37wGJTFHp0PNMZjPKPC2CzeeamZbVgGqQ==,"30",Male,Mr,"10","640",Hometown 10,Career 0,2026-05-13
"641",Z2poHAQD6SZoGCk64urXMArnHMBBE3WDMjIhjooeeHggfxfW4NZWFg==,"31",Female,Ms,"11","641",Hometown 11,Career 1,2026-05-13
"642",S4zfNJQ4PFvn1G52JnFY8msLXjumyABq/+HcdpwqEmODz7agWooh8g==,"32",Male,Mr,"12","642",Hometown 12,Career 2,2026-05-13
"643",w8Zp1iMOeL6/fdYQi1by6tzWT5MwmSveMfVAymMhi/N/LmQEIn3s+Q==,"33",Female,Ms,"13","643",Hometown 13,Career 3,2026-05-13
"644",gLGCimlLm2Kvi8/HoKtj75LEUgLoI5a1g01mtOnETSvnPzgrZVZEVA==,"34",Male,Mr,"14","644",Hometown 14,Career 4,2026-05-13
"645","5MMRp5uV02xRsmG/U824IIYwpgu5PWMszgaa0YinW7N7SlndpKf50A==","35",Female,Ms,"15","645",Hometown 15,Career 5,2026-05-13
"646",GjLHlelckbCCPV9SwK6+i2CudmfiR0abDJy5w+6LOWyGUYnViRuppw==,"36",Male,Mr,"16","646",Hometown 16,Career 6,2026-05-13
"647","7ZRB8Rtd/79U6Oz5MUtCa8+J6FRCTxMF8nmwXmdkzt4Tchy7nFgDbA==","37",Female,Ms,"17","647",Hometown 17,Career 7,2026-05-13
"648",XNUIiqsGpAgzndPnsstqKkBim8I+51Zkp8VfAToErjuNe2U9HoG8Gw==,"38",Male,Mr,"18","648",Hometown 18,Career 8,2026-05-13
"649","6XKr+/dSBgf6wnXGzTvQ1bdHxcbmeJ7wm4XL3a60FKD5Z5CZ9g9Q7Q==","39",Female,Ms,"19","649",Hometown 19,Career 9,2026-05-13
"65",Xw7QRulD9qINxrqPWW8c480KLB9tIRuGTPrkFeaIsxMxRFLs4q0g,"35",Female,Ms,"2","65",Hometown 2,Career 5,2026-05-13
"650",Gd+TC9iUE8vqeDnEHwh1Vu266cU/BnUum/1rEjbOiaWgeG5Y/rrSKg==,"40",Male,Mr,"20","650",Hometown 20,Career 0,2026-05-13
"651",+1jDvtbpXj9tOK6u/jWEzScOia0gmYYJEIO8SxUEkCsIB9p7etofUQ==,"41",Female,Ms,"21","651",Hometown 21,Career 1,2026-05-13
"652","8Wc9H1HzozSb7Bram1un4WqKMIQb/NSHdk5faQLXSwYqwtGf02PY8A==","42",Male,Mr,"22","652",Hometown 22,Career 2,2026-05-13
"653",V+miNybdnxy7NkQO/QrXxL7MAh8K/h8RTOnPWrZy6NkEkzUAnuOBjg==,"43",Female,Ms,"23","653",Hometown 23,Career 3,2026-05-13
"654",HvOG3ILeVTPevm6EynffIRWOYrQNW6Dn08PBIHlN/ZLWuVxHCr28Zw==,"44",Male,Mr,"24","654",Hometown 24,Career 4,2026-05-13
"655",G+Z1J/R7yeEOR8y6Gb5JjSASvCosWdQadyUUHXLxFMZ/ezgN6uElcw==,"45",Female,Ms,"25","655",Hometown 25,Career 5,2026-05-13
"656",ak+RXmKKrK3Nipx5OL1DLEG/uP4hyluAu9rVqsvPNju4gsYHfClu1g==,"46",Male,Mr,"26","656",Hometown 26,Career 6,2026-05-13
"657",lIrxh3mqCwR6Zs4M4zdbshXONHRdTryrn8o3wsoNh+Mym6ZRzrI6oQ==,"47",Female,Ms,"27","657",Hometown 27,Career 7,2026-05-13
"658",cPlXkpifkAqG6gEUOAO9GVgIcZXSWXkSEvlYkCBz61FRT2DKeSoWHQ==,"48",Male,Mr,"28","658",Hometown 28,Career 8,2026-05-13
"659",tt0O+YzSC3gMsE/q/VXpwfPN6gLMS+0ZGq04wZUWEs8eI+U4e93XWw==,"49",Female,Ms,"29","659",Hometown 29,Career 9,2026-05-13
"66",QWY+NetZFH5Sf1ukGyIBHbwCrh3yOAHO7yD8lq2glhh1nu5t6hes,"36",Male,Mr,"3","66",Hometown 3,Career 6,2026-05-13
"660",oYNtCQEdWQujivlNhccDJmotvfpb69gouaoG3yQ+ksF0Qx9c0k4/jw==,"30",Male,Mr,"30","660",Hometown 30,Career 0,2026-05-13
"661","6DqW/xtXuK+Bo+suGeCPjsCqngToQwSTePqfBCMFnb+1erOw+HN7aw==","31",Female,Ms,"31","661",Hometown 31,Career 1,2026-05-13
"662",yRRBWUQuqyO5LoEGGgQlhIbhAUxm4HbdTXLhTiW9KnNqvjD/TWEzLQ==,"32",Male,Mr,"32","662",Hometown 32,Career 2,2026-05-13
"663",H0Z8HKOCUxXK2V7zmcTmtTOMOev8yRTut82VzkTbjSUCv4TCK/qlig==,"33",Female,Ms,"33","663",Hometown 33,Career 3,2026-05-13
"664",JfLmza97hX/rk3ryLUb4B13+dY9lSlv6b2peoontzlpRn12CjhodKg==,"34",Male,Mr,"34","664",Hometown 34,Career 4,2026-05-13
"665",th30d0RdAir79rhwUt8WUDp/+OPJYnPLc5dbDYr+7nOpPe4d7OICCw==,"35",Female,Ms,"35","665",Hometown 35,Career 5,2026-05-13
"666",wnxSAJ2pgALmGroDN6Wj6C0efLX03vUkp6yiJtyW7Uc+dDgwcIz+Gg==,"36",Male,Mr,"36","666",Hometown 36,Career 6,2026-05-13
"667",KHAGeMKKyt+HtevzLLXuxdcj6eJqZgFKvVu8dTK+AzAvo940CeKozA==,"37",Female,Ms,"37","667",Hometown 37,Career 7,2026-05-13
"668","17nloGXlU+iTokm5suUiBR7FcaosdZd/QB32mbOdfFPasvEcZeF3Qg==","38",Male,Mr,"38","668",Hometown 38,Career 8,2026-05-13
"669",Z78T7qBxXd3fRfLHzO7JWkUl2mfEhPe/vZPdeDFuTPxO2j0hxaeLmQ==,"39",Female,Ms,"39","669",Hometown 39,Career 9,2026-05-13
"67",dbWywR/4jmkb89GrsVOXyfw0RD8jhZ+LYrspvLTTTCFBUpNfOgtx,"37",Female,Ms,"4","67",Hometown 4,Career 7,2026-05-13
"670",TpcpTd/6KDeWLwjEd6V3gdPprg0I8BaAKBMc8BkOUhMAECdA5ZKiIg==,"40",Male,Mr,"40","670",Hometown 40,Career 0,2026-05-13
"671",s5s6zTJjDoxwE9Q339XV3CiPCTcF2TBg0ZdOEP9FKst3YTe5HZtwhg==,"41",Female,Ms,"41","671",Hometown 41,Career 1,2026-05-13
"672",u7KRL+584I1ekczI38sSxsm94XTPNGfNi9WsFENWO+Bb5RPB+wYlKQ==,"42",Male,Mr,"42","672",Hometown 42,Career 2,2026-05-13
"673",sg3aJ9dTKv3Mr0g85MW9iUIu0lrigNKWjHuUtKqR3maKOGMRpy3Yaw==,"43",Female,Ms,"43","673",Hometown 43,Career 3,2026-05-13
"674",LKXrpAgMMltGJg90Iz2zxcOCq0FYac8gkn7c6818FnrmjW9tU95MYg==,"44",Male,Mr,"44","674",Hometown 44,Career 4,2026-05-13
"675",uEtTE5Jwt0Pccmhh9yXhOp7WFE2ZL3UCB/GzUczi1YmLvMLSrkkDqQ==,"45",Female,Ms,"45","675",Hometown 45,Career 5,2026-05-13
"676",pe9aArSMbZ12EaAVKBBkbKKJO4XR9ZfNGvfiMHizSFwhiyInnxKWzw==,"46",Male,Mr,"46","676",Hometown 46,Career 6,2026-05-13
"677",Jd2yRPlh/MZlFCCGQiDEXXJtE9N47GCYRxaxyn5+h4wMWfK8gPGg2w==,"47",Female,Ms,"47","677",Hometown 47,Career 7,2026-05-13
"678",u/FVqsnBfL0wkBTW9v5ikS4NDPf7zQE1kGDMJB6D+eqSL2X+kaS2lQ==,"48",Male,Mr,"48","678",Hometown 48,Career 8,2026-05-13
"679",TLAHQ1jNxFL3K0BQLo6C+s5tcE+sT6YxirvSO6/kblP0Jrt59f12nQ==,"49",Female,Ms,"49","679",Hometown 49,Career 9,2026-05-13
"68",DOsbW2gY7FJSPkf+qTg7lX7cKMXU6DNGTXJE3ZhZ/fKpLal+SvqK,"38",Male,Mr,"5","68",Hometown 5,Career 8,2026-05-13
"680",IOxTZTlZKgXCMUlmetw4gSwJPbMrJP+Zxv4t4SQFYKv3e+knr7zTnA==,"30",Male,Mr,"50","680",Hometown 50,Career 0,2026-05-13
"681",+StlbHQw7q8sexY7QXTlM/jbWkczb5izAuwta8weZs/lTke5mUcX9A==,"31",Female,Ms,"51","681",Hometown 51,Career 1,2026-05-13
"682",PaI+wq/QIRUTOG2NdmKRfB2mw/dHXbm+UYjzhwDrlwxydJL1ZChmyA==,"32",Male,Mr,"52","682",Hometown 52,Career 2,2026-05-13
"683",j1vJCWwE5Vwhf+pESz/4t9NJxeP0R3CZM1I3/a0e9mTIg12do4P9mg==,"33",Female,Ms,"53","683",Hometown 53,Career 3,2026-05-13
"684",nEt9wLvmglC1fSGMkP+Frnx1eG9tIKcwNWBSOEKhfEjVNVzNf26JyQ==,"34",Male,Mr,"54","684",Hometown 54,Career 4,2026-05-13
"685",Ag7MyTEJ5YuEKrh/DhYlfAmYzaKqPpI0fYtdKyO5ydOkSDKLnB2Png==,"35",Female,Ms,"55","685",Hometown 55,Career 5,2026-05-13
"686",vHd4Or4WnwvrRnP1KmFWvrtlHfQVnT/xsdO8GBdhDiGXyTUkDy121w==,"36",Male,Mr,"56","686",Hometown 56,Career 6,2026-05-13
"687","8jUrtz8xzHstdUtFMbJrD+8i946aNy7KdLB/x3txU06u1/NDt9Qc1w==","37",Female,Ms,"57","687",Hometown 57,Career 7,2026-05-13
"688",b5cHN5FBCmHCSAnXXCVO9Y/Ibgcr5RGCdt20ohYvUdOOYgOgMaW37Q==,"38",Male,Mr,"58","688",Hometown 58,Career 8,2026-05-13
"689",R8Dr3y/zXH1xDxIzwTLYCq5oQtL9g1LmYhLx+fCFPIs71zcQzJJVCA==,"39",Female,Ms,"59","689",Hometown 59,Career 9,2026-05-13
"69","2ICrK5RaGEXKVMcPHHEjTUXh+lDKw7pTO85lZgqKYHlDOY6aU1Si","39",Female,Ms,"6","69",Hometown 6,Career 9,2026-05-13
"690",ibhzhZG++QT+aGOf1gm6uff+hb65nAdOk9rPwfH9u9O17Ao7KLRztw==,"40",Male,Mr,"60","690",Hometown 60,Career 0,2026-05-13
"691",rcR+5RQdAypybd+/OFJxBmp5W+H+eZZqnCrL67NOdHIzwPWhmDmfVA==,"41",Female,Ms,"61","691",Hometown 61,Career 1,2026-05-13
"692",DjmpMsnzkJVL3o0O9u2TdM3JukUXnUC0TRtUxqtWD2dQOj+bUeBZHg==,"42",Male,Mr,"62","692",Hometown 62,Career 2,2026-05-13
"693",F3KMppHGgFymNqnIARHTf+4ADFd7p0i4iIdorky1HpQtn1o132i7oQ==,"43",Female,Ms,"0","693",Hometown 0,Career 3,2026-05-13
"694",TKzwVSDCUZWrqGx+7jE68hbWl3ant/+7LGRh7CJBzqPf3YKIRy+cew==,"44",Male,Mr,"1","694",Hometown 1,Career 4,2026-05-13
"695",LcHlTPIqa3b7H/hQAyrjqxuc0q1pB3fv2eKKqzTbgaFE53tsmJlxrA==,"45",Female,Ms,"2","695",Hometown 2,Career 5,2026-05-13
"696",UIwHydQHUKI3twhLNueFtkgEQNxD/hqG2QKWyOFfFORra+5T0dQ6xw==,"46",Male,Mr,"3","696",Hometown 3,Career 6,2026-05-13
"697","5Kf2qHHsX1/mff5B7mi1PSwST7bCpmX3b6uidQ5SL5tPYLVtwdziJw==","47",Female,Ms,"4","697",Hometown 4,Career 7,2026-05-13
"698",oW34PrRxBud47yYQpPUKFAURC9HwK3MfcjUgZWAoF5BORfbCwSWH4w==,"48",Male,Mr,"5","698",Hometown 5,Career 8,2026-05-13
"699",Vt4zEqBGAyNRJ+X8oSVOJ5+Yt99ueAS4FzyVWGD4UVdP5u+NqGg/UA==,"49",Female,Ms,"6","699",Hometown 6,Career 9,2026-05-13
"7",MXLVNWgW37WOk55kJuDpmHeA2IaYNtNoq/PqdISA76vwcKj6cJk=,"37",Female,Ms,"7","7",Hometown 7,Career 7,2026-05-13
"70",M4M+n8bGYkSKZ9cfZOEqMx9ElExrn8AezLzT1KRKax5740MzdGMJ,"40",Male,Mr,"7","70",Hometown 7,Career 0,2026-05-13
"700",EdjEyzoF9BthN6a4YTA+1vRLKrdMhv1QXigR8tbdSOzlCfx82dGdeQ==,"30",Male,Mr,"7","700",Hometown 7,Career 0,2026-05-13
"701",FFSYAjcx+h51zuoURLCWXEj3OFeQOK0yNuiOH6u8DDAtkAN729iplw==,"31",Female,Ms,"8","701",Hometown 8,Career 1,2026-05-13
"702","00HAu2hnf/LrR9uS6Z/4GhzneO1QJmyno4OCrGbEh0GrM5pYJIoMrg==","32",Male,Mr,"9","702",Hometown 9,Career 2,2026-05-13
"703",r/53a3wZNsbPNloMpQwmJCKuFF2YKTVZaTHSxxWQ97d61Ams8r2enQ==,"33",Female,Ms,"10","703",Hometown 10,Career 3,2026-05-13
"704",SDFOveYwKmhajZjfwM32mGAt5iIqoHQJb4r1VZ9TMHDVkjeE+1m17Q==,"34",Male,Mr,"11","704",Hometown 11,Career 4,2026-05-13
"705","4O0QynsSV57NzVPvuLXCV7jbkZV+Ztc1gUyNRcpaoKMgS32P8WTYaQ==","35",Female,Ms,"12","705",Hometown 12,Career 5,2026-05-13
"706",SbNEPAqr+cJS90B4vTeV2P0tn9BjzP8wtob2jZYNXfX0jQ1DUA7rFQ==,"36",Male,Mr,"13","706",Hometown 13,Career 6,2026-05-13
"707",/S16z3acUhUgnxXPHm6hdTiim8HwktdW/IixC2DsqM2nS6qQvgbZNw==,"37",Female,Ms,"14","707",Hometown 14,Career 7,2026-05-13
"708",ijzaQcV48q7zaD+RIE1kMBaf41PXgov23WVGhtNI8z6CEndfRMWi+A==,"38",Male,Mr,"15","708",Hometown 15,Career 8,2026-05-13
"709",qdkADyioSrwSwDUCUoufRUzCpGNsAmCdk10cmw5yhcy6Auzvf6EGng==,"39",Female,Ms,"16","709",Hometown 16,Career 9,2026-05-13
"71",HfWnoyChZNvfDTNt636A4Od5Blkp4ogE1q1ZU/+CVDD9R0PixcG1,"41",Female,Ms,"8","71",Hometown 8,Career 1,2026-05-13
"710",ZET9lhublOYpQqoC4dvTqDwkstam9sF2w0ZLgJwAoNiqwtsQ63M3sA==,"40",Male,Mr,"17","710",Hometown 17,Career 0,2026-05-13
"711",se5uuBJM/ABxKwUvN8zGinaSj15EYbRR/0RO1cnuVIeSMtlCm+WONg==,"41",Female,Ms,"18","711",Hometown 18,Career 1,2026-05-13
"712",ToQaKKGsb/51viz1V1YUarIsJywiM0kyX7R76U2M9oybbOc+hmvB4Q==,"42",Male,Mr,"19","712",Hometown 19,Career 2,2026-05-13
"713",fHyhJsbpUO9EKgnmBdX4EmOdJBvt9vGUCqGVdgGI7y4n1UNaZGcEIQ==,"43",Female,Ms,"20","713",Hometown 20,Career 3,2026-05-13
"714",ASCqoTFgxy5tjyhGYhwRSSNmzCcEu6GtQYyp7qoWWp4iLTd5e36nvQ==,"44",Male,Mr,"21","714",Hometown 21,Career 4,2026-05-13
"715",+RJEGneusQy4wdLd9IbIcUK1Ki+ULcJyVMIgh+Neuooh+UD33DEX9A==,"45",Female,Ms,"22","715",Hometown 22,Career 5,2026-05-13
"716","2IsdviV8yHJTx9l3yAGIfGf7nlqKT2/3M7wd7Zx2gsdxhdzZBjm24w==","46",Male,Mr,"23","716",Hometown 23,Career 6,2026-05-13
"717",mweR9avsWUNrgGoDqYnWajxYEtUrddBEKlNHoHW9lQSNAo89crD9SA==,"47",Female,Ms,"24","717",Hometown 24,Career 7,2026-05-13
"718",D8XmgwPUSUj4UCRh5ThJph6lf2DrHFmcMhXIYDlgmXyJC4/tB4CGfg==,"48",Male,Mr,"25","718",Hometown 25,Career 8,2026-05-13
"719",SWCPXOKc7lVyJW/BA+SZUGFaWX2EVWiQ1Z+f6+Tuzrj6rFrX1JgN0w==,"49",Female,Ms,"26","719",Hometown 26,Career 9,2026-05-13
"72",Xq+czKGeIcmvhUOqhEUxpuI8BBGyBayQQwuu62k0aeIlUslTxJ6p,"42",Male,Mr,"9","72",Hometown 9,Career 2,2026-05-13
"720",+OHBklhNVjXiwTu1f5z9BEGKcu1AlFJy6s6eSqtNAdj1QhwFyUy5sQ==,"30",Male,Mr,"27","720",Hometown 27,Career 0,2026-05-13
"721",PUb/6lpxZyAEtI/wWG6kBug32E+5QDTEGYVaXMgzvQMJysI7vjvZJg==,"31",Female,Ms,"28","721",Hometown 28,Career 1,2026-05-13
"722",QJLZ7C2UtTbGZAlFTvD2BnChs30hL1MEUOWq+3Q6k0h1mgHnhx6RUw==,"32",Male,Mr,"29","722",Hometown 29,Career 2,2026-05-13
"723",lStrstE/C1NSFpp/a/rSEWPLgeaz09la4pM+ED7taKGaZiLtlTtqeA==,"33",Female,Ms,"30","723",Hometown 30,Career 3,2026-05-13
"724",DEwpjLR+bTOgNhUKan2ddHcR/Z7LqdxRfBdtQ/qhSKGKoypquoEv6w==,"34",Male,Mr,"31","724",Hometown 31,Career 4,2026-05-13
"725",TMSoJdsc4+v6lUfxtf0icTJphQ39GZQJ6+xZXEMzHqqyeYdKO3uVzQ==,"35",Female,Ms,"32","725",Hometown 32,Career 5,2026-05-13
"726",imVha6IFw1JjCUzYwIDay3JLXT5fuDYe3Zxktdx4eXnbtGLXkn82Uw==,"36",Male,Mr,"33","726",Hometown 33,Career 6,2026-05-13
"727",JtUVw2FUNbvuk2KNG9aQHxOMjg7YHa+y1QTcRjJ1EJJmaLNj178Hqg==,"37",Female,Ms,"34","727",Hometown 34,Career 7,2026-05-13
"728",E36YpRoKtHM7X9ypt+MxyztHOJUkd5vXZBjRIhjJfbeaa/N4iu90ug==,"38",Male,Mr,"35","728",Hometown 35,Career 8,2026-05-13
"729",ZRGkCnW7j/AuQOBoL2vNX+Z2GAVzE8JEZKzEkkFdvuaSYslhdMvIRQ==,"39",Female,Ms,"36","729",Hometown 36,Career 9,2026-05-13
"73",GeSdu7TkODkIEqHwqfVbIRzNSo5kNC0yLRHYPlJ8TjKehxIBkpia,"43",Female,Ms,"10","73",Hometown 10,Career 3,2026-05-13
"730","7HDCJmZ5xgVCCCdHXg24aZqQsoKFnqqFjhluLr3nDI8/8IXcXQWsqw==","40",Male,Mr,"37","730",Hometown 37,Career 0,2026-05-13
"731",b/Du1jH6Wm40wiDyIPxe/Q9/FzelF7TSFQqjWoREOxfD61LxAyoMmw==,"41",Female,Ms,"38","731",Hometown 38,Career 1,2026-05-13
"732",oGDe1gaJv+aFeetyR2vYkshBlowfAVS4r0bwM9aND5hGl93UoVcWfQ==,"42",Male,Mr,"39","732",Hometown 39,Career 2,2026-05-13
"733","4uzcral0WjGJpKz5StkgymaYWhAutCejurSq9cmUwKuUrZ3pbZRuZw==","43",Female,Ms,"40","733",Hometown 40,Career 3,2026-05-13
"734",o+nqChUCpsxhH/7UVc6Gq5DPVYUlVMkCXk0we79DzI61b8prxz+MkA==,"44",Male,Mr,"41","734",Hometown 41,Career 4,2026-05-13
"735",bXIdujEZshxjMN45wjcNAxVlbbzDqq4PczsOC3jhYig7sZ3zwbmHJA==,"45",Female,Ms,"42","735",Hometown 42,Career 5,2026-05-13
"736",kKpLkPt9GPX6s843Qa/LUEEGVIP/cuoNNHDeHnfOR7ZbfJf4Sn0oTg==,"46",Male,Mr,"43","736",Hometown 43,Career 6,2026-05-13
"737",u3rBYg1YTqWkw3AoRLPugS7vCWWC/JkrCaAq+P0mcVJWFt16gC0n1Q==,"47",Female,Ms,"44","737",Hometown 44,Career 7,2026-05-13
"738","9ebgxJcauv0DUV1UpH6yR68Z9N0bwjiJiH6TdOI43xrfeJrqcQCIGA==","48",Male,Mr,"45","738",Hometown 45,Career 8,2026-05-13
"739",G9wmeVkaLSvhuUEqTZrGkCdMT76BzsZWmMXPXTdbAzL/D1MT9m1E7Q==,"49",Female,Ms,"46","739",Hometown 46,Career 9,2026-05-13
"74",gQsnSPZt+4ILiCk0iGYAuhGxP9mfvoSTFQwX4P15sBfEKVh7G0HA,"44",Male,Mr,"11","74",Hometown 11,Career 4,2026-05-13
"740",LRAx8ray0bjmoB4TSHlWwm8hM+5VV+uqZTTiDEjVX7g6vge1u4XXaA==,"30",Male,Mr,"47","740",Hometown 47,Career 0,2026-05-13
"741",U7Di38jJQKXRWR1A2Zxk4tfIR1dwMOhuVoOU/t5rqutEVHMAIv2ZTw==,"31",Female,Ms,"48","741",Hometown 48,Career 1,2026-05-13
"742",LIhptt+PjG6HlIW/u/VFVuLOVEGE5JNwNHMmPKatB1gBn5IO2mMICg==,"32",Male,Mr,"49","742",Hometown 49,Career 2,2026-05-13
"743",rT38YOtPTAS98W+t3R9lvgiavdcSYz0XiB3w7WWclbebJNt6bmzxNA==,"33",Female,Ms,"50","743",Hometown 50,Career 3,2026-05-13
"744",BOLq4ghEwvALz4Htsl0VOYQzYYr6ALaRFfxZlwr1RQP1bA2Rr+tsdQ==,"34",Male,Mr,"51","744",Hometown 51,Career 4,2026-05-13
"745","8NzZuRtKNaaj7h6kielMij0/OZkjy628egCgb2Rwlf60/7p80HvS0A==","35",Female,Ms,"52","745",Hometown 52,Career 5,2026-05-13
"746",I0mTaWubvtwun1Iu7WMiPUjW/fZhMhVNrjPTYAQPyuJLHjoaXAx18Q==,"36",Male,Mr,"53","746",Hometown 53,Career 6,2026-05-13
"747",gYSgSjaz8uvHW9Ibj8MvESChjDYVUyWxfFbfoh07d/tUu0umrONp+w==,"37",Female,Ms,"54","747",Hometown 54,Career 7,2026-05-13
"748",oFPrztjsDYBE3R0Dfpjkm+RllBiud+Qigp3ND3hqglWl5p23q6+URg==,"38",Male,Mr,"55","748",Hometown 55,Career 8,2026-05-13
"749",/IjkLTvTkBsVPBsrfAYMd6qWEX8Mtf6NiBJ45EngCoQ0WjcOvpC8PA==,"39",Female,Ms,"56","749",Hometown 56,Career 9,2026-05-13
"75",V3JlHO1x4Z54E8Ajq7oP097Oqzzxl0Lzv7mEv9oMwCDNzecR1/44,"45",Female,Ms,"12","75",Hometown 12,Career 5,2026-05-13
"750",a6duDVZ8dhhCQIqUSAdWPR9Nju8hgTpuFbTU0a0o3/0hNG75HrmNow==,"40",Male,Mr,"57","750",Hometown 57,Career 0,2026-05-13
"751",Jq37gHfzfJ75NfMSGaLzNlYdsoWzf9V4lIPo7ljG5W8wdRXkQMJWFg==,"41",Female,Ms,"58","751",Hometown 58,Career 1,2026-05-13
"752",LaHZ7a2SagnyGgOQjU+LRR9iE8iIcNUFH0BKBh+BMJOa+PlmJsX3KQ==,"42",Male,Mr,"59","752",Hometown 59,Career 2,2026-05-13
"753",AiCWlrI50F2SHpp1ZP1vY2zceCT+T2LOm1yImJLz2ho8kEURnI+EWQ==,"43",Female,Ms,"60","753",Hometown 60,Career 3,2026-05-13
"754",dRwNqwJb0/ZoY505pjrHI6Qr8gTr1osBs/qe9KFu/9j/EzYTZoV23g==,"44",Male,Mr,"61","754",Hometown 61,Career 4,2026-05-13
"755",caA4vA77ra+WkOIBNUXEhrAUemgQXhSKsD2mzUxLOYhzHuvnYaUFsQ==,"45",Female,Ms,"62","755",Hometown 62,Career 5,2026-05-13
"756",xWrmys1jT334q7bMSZzRfy1/HxbIq+xtr2jMBASGpyXMaD/N8izqpw==,"46",Male,Mr,"0","756",Hometown 0,Career 6,2026-05-13
"757",kSjojHuHAvYDE8UNyQh5FkvAUWEtEdePCPSIq3OaXq1577eytga2EQ==,"47",Female,Ms,"1","757",Hometown 1,Career 7,2026-05-13
"758",LRFaa6pt7vw2bYB6Lj0B4xSAAbtcssl/kJorp0nWpw4x1U78WmuQGw==,"48",Male,Mr,"2","758",Hometown 2,Career 8,2026-05-13
"759","3BhRvbtpItHa9Zli4RcY+GTt8uGPp33VtfLHfErBfA1zAeYx/jyNow==","49",Female,Ms,"3","759",Hometown 3,Career 9,2026-05-13
"76",Igc4iDsgtQOsOUsyjO/C8YOo4Yk1OKAEgGtOs+50AfX8mxJlDsED,"46",Male,Mr,"13","76",Hometown 13,Career 6,2026-05-13
"760",P3/SMcEihE6XyQvpYIZqUckqbnIwrE+2c4t0P5T+HWjVHrtPjEiy5Q==,"30",Male,Mr,"4","760",Hometown 4,Career 0,2026-05-13
"761",ZxjIRUfENahHXChMbzQljotJlIyhA0e26za/jVUu93LiO4r8dDPRTg==,"31",Female,Ms,"5","761",Hometown 5,Career 1,2026-05-13
"762",mkCMMIyxOHJ67c/mTMjClv6QL4Th0sf5++KrmaqDJ88ionyJbFhrew==,"32",Male,Mr,"6","762",Hometown 6,Career 2,2026-05-13
"763",Zt9RQmc6XafGa0Fa0pCPzBOw/QTTWjJ2de+794nhNgechxz11zC+/w==,"33",Female,Ms,"7","763",Hometown 7,Career 3,2026-05-13
"764",VpMLAnRlMS2WSTCtU61KDGLxMHH03e4+mirpD1kRCvPkJw4P0Lzutg==,"34",Male,Mr,"8","764",Hometown 8,Career 4,2026-05-13
"765",hMtPamtE6WZ5oMaDqh64jy/lnTiPnTZhKxADsokiLzyWZxx74KhY5Q==,"35",Female,Ms,"9","765",Hometown 9,Career 5,2026-05-13
"766",FAlfsrvfqOOeKv4faNxTfC2AMVWdHPjZW5f4ukf8+nRJSmPyRDy5bA==,"36",Male,Mr,"10","766",Hometown 10,Career 6,2026-05-13
"767",Ju4rFMR5fgGy+R1jNib2UL7kv4n4HoYwm0uNwcqsR3OkpfEbgK+kzg==,"37",Female,Ms,"11","767",Hometown 11,Career 7,2026-05-13
"768","4TapDG7NaX3WnOlR8yQbO377V9A1LJ/B2dXz/q+BtoN6cgAtL9+xnA==","38",Male,Mr,"12","768",Hometown 12,Career 8,2026-05-13
"769","8J+UScCBtwMyK1GdgZEg92wEVUsnpWqpmpcALFNCTO4i2lLcq1Gj1A==","39",Female,Ms,"13","769",Hometown 13,Career 9,2026-05-13
"77",LJ+X6iGeEq5oxpBHWclIU4fQQFHMm+xOeOcMywLGlRt92AK3+vgb,"47",Female,Ms,"14","77",Hometown 14,Career 7,2026-05-13
"770",d2UEHcH3MZ/VMJzUpXQbTiSspYxpXPQr5E57fTHds9EQTqGAPIj5QA==,"40",Male,Mr,"14","770",Hometown 14,Career 0,2026-05-13
"771",bQpjbKf2XpX8Mu5IKJzBkAWTLOmpEjjIDITbFwqSxFLj6LmTzcA6Rg==,"41",Female,Ms,"15","771",Hometown 15,Career 1,2026-05-13
"772",xpbcvuUQKvQgyLk+Q+WIN89LDOE1+CmigokuGzwFZyuVYiraFW3Ebg==,"42",Male,Mr,"16","772",Hometown 16,Career 2,2026-05-13
"773",NoDdOpua4PYTctGc16l0nL4AkophObXj5WcY1XCa/H1Ht0ptYsFU0w==,"43",Female,Ms,"17","773",Hometown 17,Career 3,2026-05-13
"774",sRt4IzcdfhC8uQsIN3gyu5NwFLH98kpjabsD69XiuzUUQBcs9e3hOg==,"44",Male,Mr,"18","774",Hometown 18,Career 4,2026-05-13
"775",tTmZnbcfX2MtD6VF7lj43wh+V06fowrYLfP8rRbjs6PhCmHlK7q7rQ==,"45",Female,Ms,"19","775",Hometown 19,Career 5,2026-05-13
"776",JYKObqexn+doTepnUNaon802kj8lUIlc31UXmpJNMNIHYH03yQnwQA==,"46",Male,Mr,"20","776",Hometown 20,Career 6,2026-05-13
"777",mAIqrxdgiXgtismI4oUWcPkZM0MV92Q12SDyjnEj2mO6kAGn3V138g==,"47",Female,Ms,"21","777",Hometown 21,Career 7,2026-05-13
"778",snvpueLRHe3vd9QP4PSy7WNj7j8paFU20xvgmaaPtsIbWeWDM4lQrQ==,"48",Male,Mr,"22","778",Hometown 22,Career 8,2026-05-13
"779",pOxJwKri9/xGPb/0bm3UWo9hCi7ar1tRvwD0W5Cqu7tZUH1X8xWAaA==,"49",Female,Ms,"23","779",Hometown 23,Career 9,2026-05-13
"78",ATWTI7hpumlSXkHh5R/M1zQEH9GZ+sIj5k1KEKQgTry3a0iPLIY5,"48",Male,Mr,"15","78",Hometown 15,Career 8,2026-05-13
"780",gACxfj6rsizL8juQDuE8GFEq3MYyUENmAnfQsAdonyLk3LcMxWXnHA==,"30",Male,Mr,"24","780",Hometown 24,Career 0,2026-05-13
"781",k0ucr4iJyxB6DXf8kk+LRzn5X1Scj5xwBYBYjI/uuYSnBc9OhWdCuw==,"31",Female,Ms,"25","781",Hometown 25,Career 1,2026-05-13
"782",iYdQlL86SAG6/gCkSe4Ol6dzuYDY1UTpj/7klZ9tYRiitoemVsijkg==,"32",Male,Mr,"26","782",Hometown 26,Career 2,2026-05-13
"783",UzzSQSzYHvSS/3JRSVL26E7hgYwsYZMwSjw+ZFUJNC2iEYFmNXs72g==,"33",Female,Ms,"27","783",Hometown 27,Career 3,2026-05-13
"784","4Fnuc/3sbja7heUnOy7wjB52TguElB2ByLYwKIm4/ia1LmTfyMXthg==","34",Male,Mr,"28","784",Hometown 28,Career 4,2026-05-13
"785",xUdv5MKoQT7bQBLcj4v/Joamoy0vVwa4lDk2jhcrZBBnlQD/KEBlDA==,"35",Female,Ms,"29","785",Hometown 29,Career 5,2026-05-13
"786",tg/k0XypVjG09wA6JnHhZo93c46DR5+Z2JyrstB5nFzYyxmOAxvHrw==,"36",Male,Mr,"30","786",Hometown 30,Career 6,2026-05-13
"787","105mkLuNiwNrUxeVIHSvCv7BLpa719GmmExBFb2HRdFNEKuTN9h9EQ==","37",Female,Ms,"31","787",Hometown 31,Career 7,2026-05-13
"788",WQFSMiVZ73l/miQUTEBAf7XAV+1178GoODCwKXpsmntyL7/q+opJ3Q==,"38",Male,Mr,"32","788",Hometown 32,Career 8,2026-05-13
"789","5oeXD9VMBOz4aLLYKcYHjXoWVG80BJ5vVY3hh2BjZSjiWfFff/TKBw==","39",Female,Ms,"33","789",Hometown 33,Career 9,2026-05-13
"79",KViwYVg1SeBsmNoMrv+XDh8LHhDoVhvabhpwcRlT9eD6sisLAHHQ,"49",Female,Ms,"16","79",Hometown 16,Career 9,2026-05-13
"790",JdlNvv6rHraPYdy9R2AQNoRzdiQ6UoM7YzUYhRIwRrrBJrHjeupwSQ==,"40",Male,Mr,"34","790",Hometown 34,Career 0,2026-05-13
"791",x9wa/r7v5+cJy1dxKMl66tsnLn4u2Qbwkkk0va69OQPQ+yWtciLN9Q==,"41",Female,Ms,"35","791",Hometown 35,Career 1,2026-05-13
"792",KGVD+N9UQZLReFq08Wc78YaJwAbzRi/BoGd2znfx6cNezACuEdWw9A==,"42",Male,Mr,"36","792",Hometown 36,Career 2,2026-05-13
"793",oFx7xxUqaKfmfBvxvX+UGGKvyDJtS4+yM6dHMnG1C3FRiaZjGdyJYw==,"43",Female,Ms,"37","793",Hometown 37,Career 3,2026-05-13
"794",tcMMAjKo3UR9asegGGT5adoMQh8UJHFSut26J70LVUvuy9L/G3fg6Q==,"44",Male,Mr,"38","794",Hometown 38,Career 4,2026-05-13
"795",I7VZq7XF153DsMGhmoLkHyAJCXk8u3KHkLk14mpU8TTmUfuQVCvWXQ==,"45",Female,Ms,"39","795",Hometown 39,Career 5,2026-05-13
"796",W54UexC/AgdizbMZAu9rJP+v7t79flK4IzvqRbjw1p4mWPQHdCrndg==,"46",Male,Mr,"40","796",Hometown 40,Career 6,2026-05-13
"797",ArSLnLiaXJi41nhP3v/mryOs6Oy/C/KeiCFjcUckEINOVu8gs0zPbQ==,"47",Female,Ms,"41","797",Hometown 41,Career 7,2026-05-13
"798",okkUNvQKDwW95jdl5kbLrGE7sUrVuinncgdouoDWOzaDgq8DYFqEHQ==,"48",Male,Mr,"42","798",Hometown 42,Career 8,2026-05-13
"799",lvWEjP28T0K5SLDjbbilyZvBc/9PEUuYMeKaOlfe5EHSLxva0JWhOw==,"49",Female,Ms,"43","799",Hometown 43,Career 9,2026-05-13
"8","3Uf2KKSG/sWiZ6pmHcGWWkh/Kabg0n06w83VhsnwZ56FbqVKAbM=","38",Male,Mr,"8","8",Hometown 8,Career 8,2026-05-13
"80","8rEe/wi869ezsBXF3Pss3QtCNeRjzw/d0BBlv1Q5ibLGVIGr7+70","30",Male,Mr,"17","80",Hometown 17,Career 0,2026-05-13
"800","7L80ErP0ZlRIneBIB0iaJC8g1J5m7yAlESlQwoo0C/4oziXOxgUUjg==","30",Male,Mr,"44","800",Hometown 44,Career 0,2026-05-13
"801",j767lljs+CR6aL216VprTBZ6RyqZQJ5Oh4YCZx3jdaO1xJrj9NzwNA==,"31",Female,Ms,"45","801",Hometown 45,Career 1,2026-05-13
"802",ijg+5S6z4b5IXpcpsQLZN10o+UtzDSm+YP9iGnzr4uFKoOoXc8rA8g==,"32",Male,Mr,"46","802",Hometown 46,Career 2,2026-05-13
"803",o9a44zK7E5pSiCqjrG3G3y42bU3ncvvVMZNyMBozMuDYQ+eO5xoS0A==,"33",Female,Ms,"47","803",Hometown 47,Career 3,2026-05-13
"804",PJgsoHa62KYHKbGQHFiU1fhl3PtxYRs/C5bMOjNStMxF2xNUtl7Vvg==,"34",Male,Mr,"48","804",Hometown 48,Career 4,2026-05-13
"805",G/i5pwnyq7W5FJVLJ6LiVzh9hwWB3euSoOXt/nZVAIjmwfKCVF+gmQ==,"35",Female,Ms,"49","805",Hometown 49,Career 5,2026-05-13
"806",krNqP+unUp0KyZiHZEjGabtT+lAJ3MkHXz9jPdXU2A1sYxZeXjuPig==,"36",Male,Mr,"50","806",Hometown 50,Career 6,2026-05-13
"807",o0fmkQA6jwbkDJxIaCa9I9ILF29b7Ha1lq85gTIedGojWv6rxDu5tQ==,"37",Female,Ms,"51","807",Hometown 51,Career 7,2026-05-13
"808","18f0LE6ykoITkwtZZRgNQr1bdbKCT6BBBhmMG9F5pHro7potQs+qzg==","38",Male,Mr,"52","808",Hometown 52,Career 8,2026-05-13
"809",+gyAzlFd77rK18YdE+/XZIVODRHG6tC9NME4uu4g4s8pQJae++P8DA==,"39",Female,Ms,"53","809",Hometown 53,Career 9,2026-05-13
"81",XCvfcTxqtroFy/eOptxqO8uKSF4uhNxoH5CpSUAjkVKNsat0y5Ov,"31",Female,Ms,"18","81",Hometown 18,Career 1,2026-05-13
"810",kvaPGQuqu+csRKGZT6BOWpJYzat/BC6a3mPSdiCWrMbwFAico5zXRg==,"40",Male,Mr,"54","810",Hometown 54,Career 0,2026-05-13
"811",k8Y75Ro/Vs8TlGMEc4nhJgVamckaESj8oikmQ8gOMnEir9A3RMKBLw==,"41",Female,Ms,"55","811",Hometown 55,Career 1,2026-05-13
"812",G874h2eUxtweutEhL5c0z6T4QbYkRN8OyiSdVq+378DthmEMOs6ahQ==,"42",Male,Mr,"56","812",Hometown 56,Career 2,2026-05-13
"813","4jpXlr9i83pmZEdSquEkJzWpfOvMi6Sd7Ak2ulwNiinlt5fGd3kGRQ==","43",Female,Ms,"57","813",Hometown 57,Career 3,2026-05-13
"814",CRSlJMuE+qiGVMOmQjNcAFpWm1wHq8PKvWqKLaum7ozF/VaplOqzgQ==,"44",Male,Mr,"58","814",Hometown 58,Career 4,2026-05-13
"815","4FJ7/UKIjPxELYSoeqzV+U2qfIGb5O2JaPnDH6P7k6FInmyavOst0A==","45",Female,Ms,"59","815",Hometown 59,Career 5,2026-05-13
"816",A+UWtaQtVJ2IxliMPdUBrUAQPmtjr9syFZTJmQOrtD2Uh0REGmJ1NA==,"46",Male,Mr,"60","816",Hometown 60,Career 6,2026-05-13
"817","2W+pHWtG/Y+F/VLwxQCt/LsQSBDngshvPyKgOPPep7ev8rGffPzqXg==","47",Female,Ms,"61","817",Hometown 61,Career 7,2026-05-13
"818",yR6I1lzVpC46n9C+Bu4Z4SHklNx/QlPbpLnyNPyfom14RZbpV8N1QA==,"48",Male,Mr,"62","818",Hometown 62,Career 8,2026-05-13
"819",cMv7Eux2wI/ExIro7VU+6RQGB8ow4zlw+PEaI4uzvBv+/vBfciHlhA==,"49",Female,Ms,"0","819",Hometown 0,Career 9,2026-05-13
"82",wle6RjCC4FAozJNrjvNOLfrmYfBrYA+V6wyHdR7oeDNRgy0CUl04,"32",Male,Mr,"19","82",Hometown 19,Career 2,2026-05-13
"820",WokPSFHK8sy2BckGsFxDAz1QhlP3NOdqMenML/8GaKmOQ+FHQZQWEA==,"30",Male,Mr,"1","820",Hometown 1,Career 0,2026-05-13
"821",vYwUZrWlY2VHNC5WsT0BzCQvvuKBTof6l+DvzBFMvOJKrrQAe0nFIQ==,"31",Female,Ms,"2","821",Hometown 2,Career 1,2026-05-13
"822",Ip6nfMgIf0VrgMCx6hIuoMk+m18ZljGKoWS8IIYI4ttChL9zo8+uVQ==,"32",Male,Mr,"3","822",Hometown 3,Career 2,2026-05-13
"823",ggykxZ1UmB5YeUOxDN/e9KAhoLUeoRBHf0fDTDMCBu3mcNVYucUVLg==,"33",Female,Ms,"4","823",Hometown 4,Career 3,2026-05-13
"824",KFixzdkJ6lfSjcnq12bEA2YUUixbC9E+h4zwn5nBXSHbXF17eoxAQw==,"34",Male,Mr,"5","824",Hometown 5,Career 4,2026-05-13
"825",yBRUGMAAfkOGVsIuXcVMKg8HInPKq97nHjUqAFwLq+OLZPDHP5RJqg==,"35",Female,Ms,"6","825",Hometown 6,Career 5,2026-05-13
"826","2Sm1KhvQDNBIf4u8tdNshj0MJSxhdrTFbgBGawpCgcStj6r9H/q/uw==","36",Male,Mr,"7","826",Hometown 7,Career 6,2026-05-13
"827",ALzx0pQ5jkOLNgXVDs79bB5Ii3t7F5+Z0+PYpVLmzI29TgxY+ZyAMA==,"37",Female,Ms,"8","827",Hometown 8,Career 7,2026-05-13
"828",q3FLO81jNrdpt3LW7Sq73CNeM8q2qNpFSww77Fe1yeU0RusMaS/vQw==,"38",Male,Mr,"9","828",Hometown 9,Career 8,2026-05-13
"829",OEC+Gg5xppNLU8B1mhoj5J7N/D4KXoFQEgR4aVeBfCtGYWHg5tET2g==,"39",Female,Ms,"10","829",Hometown 10,Career 9,2026-05-13
"83",nK6Q/AbMMwjGksf4+7d1p6RfZwQxpk4q3E5ZJMl9SzRiAzywVXED,"33",Female,Ms,"20","83",Hometown 20,Career 3,2026-05-13
"830",bPUQFKERcT3MmJoyvEzBmGvXj/fgwvoqZDozr1M45PT28OqCAAjVIw==,"40",Male,Mr,"11","830",Hometown 11,Career 0,2026-05-13
"831",fW5erXgimJhmzz+ogJNk3L4ynKAUyxhx6e9L4R/HtHozEMUKcFHJww==,"41",Female,Ms,"12","831",Hometown 12,Career 1,2026-05-13
"832",R4rQ9/QcBkDvVXHnq9MkKnyVr30qNmoGNM/j4oCLKTwofo/Cq2UrJA==,"42",Male,Mr,"13","832",Hometown 13,Career 2,2026-05-13
"833",kLY3+bB//PMjO26oo+Z7lktH9eK5gFtdbCPehFNj0uINWFQh3DQjGg==,"43",Female,Ms,"14","833",Hometown 14,Career 3,2026-05-13
"834","3Y3aF5ic08hh0E6MIqNZ9EBFzbrVHUW6juj3g8+15NSFdxYXCDV2yg==","44",Male,Mr,"15","834",Hometown 15,Career 4,2026-05-13
"835",QbuO27B4PGBGK5aM1s1rqV9Kq2sE8iqf0cFX6gLGoW0tfR1UPtzJkw==,"45",Female,Ms,"16","835",Hometown 16,Career 5,2026-05-13
"836",q69TNs3UZAgVVSDDS6DEbfu4y0wN+iLgQ9WgB6RU7LqZr7+NMkGTLg==,"46",Male,Mr,"17","836",Hometown 17,Career 6,2026-05-13
"837",/w0EdZ5MafeaqC1+mQDvFHkvhvpk0K9ejKxrFP7kL9dCINUcF6Kh/Q==,"47",Female,Ms,"18","837",Hometown 18,Career 7,2026-05-13
"838","8z9MOeidAbULglFlCwwUz3OdALT68FBJ/vKKRKMcl1PL5MWP5OjjuQ==","48",Male,Mr,"19","838",Hometown 19,Career 8,2026-05-13
"839",NL6rTYIMDpZZsKxxyz3WjRjthYph17zy8kVe3B4Gz0gHyp0RHoZRQw==,"49",Female,Ms,"20","839",Hometown 20,Career 9,2026-05-13
"84",Go+T4D1/7qCcRlCzSQvhF+maNdVBK10NYo1RsegF33y6xLBSYfSn,"34",Male,Mr,"21","84",Hometown 21,Career 4,2026-05-13
"840",BToogd3Yqoe4iucan/DviiFNidYiQqow7Re+PHp9qBhpYze+0WtmUQ==,"30",Male,Mr,"21","840",Hometown 21,Career 0,2026-05-13
"841",YENnFtTFaY3n0ClefYVQ6yjVucyatwHZoHZCbpYIs+x5z/HKgeASSQ==,"31",Female,Ms,"22","841",Hometown 22,Career 1,2026-05-13
"842",+hxqZ9HQwmfJgbM3ZBg3Au2bMgDTaIx/YjCBSeUv0xsOvItmfAsg0w==,"32",Male,Mr,"23","842",Hometown 23,Career 2,2026-05-13
"843",syPKd5G6xeBwhQwqleFuhxkqsyCiHWulL+9Cu+Wv5FGSRfFQqknz9w==,"33",Female,Ms,"24","843",Hometown 24,Career 3,2026-05-13
"844",plGHTocx9ATpE3eDkofGAphNGyeFj/yujLEaaAuL8/Xaym3mLacvxQ==,"34",Male,Mr,"25","844",Hometown 25,Career 4,2026-05-13
"845",/m/rLhDOtBj4Uwn5oI5H93VBJGPyTR1kX9WhAKeCPbIqvGtvnmXB0w==,"35",Female,Ms,"26","845",Hometown 26,Career 5,2026-05-13
"846","6fq2jQowqpl9j/oLXbFeMGthFoRO8uLYYYj4rCV12IA0LASn+yYr2A==","36",Male,Mr,"27","846",Hometown 27,Career 6,2026-05-13
"847",njgJypDWa43H46XCmyH8XR0NzwzZxiv5MyXTZ7jzlkuqoHisY8Tl3A==,"37",Female,Ms,"28","847",Hometown 28,Career 7,2026-05-13
"848",LcEIWHdrmpWqSc7lTRDlRhy0aazMXWRBjv7DiERV+iIg/+SuLHIqEA==,"38",Male,Mr,"29","848",Hometown 29,Career 8,2026-05-13
"849",NdQTomB50jaaAQ5RKcwJqBN/eC4m18Zsm4EikcIVn7M2cMG877eMiw==,"39",Female,Ms,"30","849",Hometown 30,Career 9,2026-05-13
"85",ZOL5E9+JSXjTMgFAJC+71Y6wUeZ4NzjZ0xdmGLZatJWPQsf77wlQ,"35",Female,Ms,"22","85",Hometown 22,Career 5,2026-05-13
"850",Jx7tRTYnJ5fSL7MnKWPclOwmwS6uzwbvSdLV5qOC2eOlHppsH+4f2A==,"40",Male,Mr,"31","850",Hometown 31,Career 0,2026-05-13
"851",e6/6/FhHsXrYJtjM8D8zZ764an/h9i3NalkPfTB2G+52tL7Ch+5NOQ==,"41",Female,Ms,"32","851",Hometown 32,Career 1,2026-05-13
"852",Tyknk+gNAPnxy8allUc+11oZGyzzRdTHQDrXxrXHgCe3H8lbp4cTcw==,"42",Male,Mr,"33","852",Hometown 33,Career 2,2026-05-13
"853",fcJX8cWmzA0QupBwLoqx6LmEhso+ocivH9eBWV+GHuEY1AIwgphzRQ==,"43",Female,Ms,"34","853",Hometown 34,Career 3,2026-05-13
"854",HeWRhxTMN1vc2xlSSfl9aGAKAn6wmMx8CnNWN5QGOszb6Cq9cYIsVA==,"44",Male,Mr,"35","854",Hometown 35,Career 4,2026-05-13
"855",TCAsxoAPJKK5MtQ5XaHKC9JaZWa1cScsZwUOiRbj1ZfWQlSaTUcjHg==,"45",Female,Ms,"36","855",Hometown 36,Career 5,2026-05-13
"856",GZkDfezkOTpoMd+n/gvLU/sdjjXPJi9fffCbCMJnzKF/oyhJraWlkA==,"46",Male,Mr,"37","856",Hometown 37,Career 6,2026-05-13
"857",G1QseFxknGvltBtD0qTx6U51bIq8vHep6T1E+igpIrAfetoGA9i1eg==,"47",Female,Ms,"38","857",Hometown 38,Career 7,2026-05-13
"858",utbhgTkY0ScBYqLBUexvGraEIriVaa24lem0vZJm8rwmjLpHg/DL6w==,"48",Male,Mr,"39","858",Hometown 39,Career 8,2026-05-13
"859",Sz5k1ABYo9ShPGJTehJ5syKlgRh9POpgfKAfGDiT9jbsHl/dq0q3Kg==,"49",Female,Ms,"40","859",Hometown 40,Career 9,2026-05-13
"86",nkg6BOzByxPmztJX24/aEmKmBxq9+rUcheQkVaCgrFTls0LwxZAE,"36",Male,Mr,"23","86",Hometown 23,Career 6,2026-05-13
"860",lmJVAX9UJ+Jh3mpI18PPtr6hdrN4wjiT9xa+S+xbVsi1eqgMCrSc/Q==,"30",Male,Mr,"41","860",Hometown 41,Career 0,2026-05-13
"861",VwMNVLBdtFlLpRBi5h0SX3ypJVc2xFvR56zp9DNZoQDRG0jIaJ3XYg==,"31",Female,Ms,"42","861",Hometown 42,Career 1,2026-05-13
"862",t3hOhGIibjZQXb9WpkWp5WtLdZz2iBrBMoD9xZIJ6UaNLm3rinTMqQ==,"32",Male,Mr,"43","862",Hometown 43,Career 2,2026-05-13
"863",IQaYxSbLKwwcy2mam/c5wkvoh0RcxLdMV4h84SNbcrYClZ50ULAz5w==,"33",Female,Ms,"44","863",Hometown 44,Career 3,2026-05-13
"864","6s4xa4z6d7Es0OfZGh9i8itKa9RNXY7kWVMiWhES7hchciSq8JwYvQ==","34",Male,Mr,"45","864",Hometown 45,Career 4,2026-05-13
"865",SgCJ4zYKQN/5XwqZBXWMPo4ch9XxeAFGZKWokTHb5ydJyM/9DFwdbA==,"35",Female,Ms,"46","865",Hometown 46,Career 5,2026-05-13
"866",k0aYN02+fz0po1QFiuFUp3Y6RTETq3zIeq59m9LqI2Sl0GCWLuKddA==,"36",Male,Mr,"47","866",Hometown 47,Career 6,2026-05-13
"867",H1M+mDrgyjtC9pn5bLeJyRASrlVzmOPyC157avg3ajAna4kqVEC25w==,"37",Female,Ms,"48","867",Hometown 48,Career 7,2026-05-13
"868","5tKvZxXBVQdYALHd5ZXLsEh5/qLkHDpYC7rT+XvfavP5z2dvb/zf0g==","38",Male,Mr,"49","868",Hometown 49,Career 8,2026-05-13
"869",lAYTo4l9wlsDH9yXdMHqHiU59yvYBphkCjyRMZx2XtSwIes3PSw08w==,"39",Female,Ms,"50","869",Hometown 50,Career 9,2026-05-13
"87",M9RGUTUe8PYNm6PNgUGhSQ69og8QsVzVjRv3HKz0LDQ8dC+gWylC,"37",Female,Ms,"24","87",Hometown 24,Career 7,2026-05-13
"870",/mEtMbunuPko4C3V0vp8DQndRQeat0qc9PJeKmka/iecj9r/5JiuQg==,"40",Male,Mr,"51","870",Hometown 51,Career 0,2026-05-13
"871",ix+gK677Mh7aDiVtOuMrVIGhTwUi+UUhwn0RhovkoqnvKz8do/9Irw==,"41",Female,Ms,"52","871",Hometown 52,Career 1,2026-05-13
"872","3FBUC8sJjFem4T9NNSA6M3tvNlEEFzlqjkaU2RirbBxwZNGc6wTQww==","42",Male,Mr,"53","872",Hometown 53,Career 2,2026-05-13
"873",WmJz2Z7vdBLzIufjYVHBieI0OVkrSqoKNj+Pt0ak1xJJdOT8TNi7WA==,"43",Female,Ms,"54","873",Hometown 54,Career 3,2026-05-13
"874","94kQJRT5AnyJS3X7jUxxNfcfANogk3MshgUXBkj/SLIuFKU+Wm23lQ==","44",Male,Mr,"55","874",Hometown 55,Career 4,2026-05-13
"875",HVPOD1yEvxWC95Pal44e37qGRGbSLliYNIZw5vMmC0pPGQyPFd/sSg==,"45",Female,Ms,"56","875",Hometown 56,Career 5,2026-05-13
"876",bMXLR3QJAWfLDsZQRCVqgJ/Q02myPlugAfGW7O3tln+064aqjeGRnw==,"46",Male,Mr,"57","876",Hometown 57,Career 6,2026-05-13
"877",Ef2Zci98JAUlRsnc80iPHZKD3HBt499lcrNxIqr5Zf9xl8Ws16SXLQ==,"47",Female,Ms,"58","877",Hometown 58,Career 7,2026-05-13
"878",EbP3GZEXONmsesAj5guUEt8+HcyFMJP4ie75YPR+sWZ1eMwZFrjYEQ==,"48",Male,Mr,"59","878",Hometown 59,Career 8,2026-05-13
"879",o6UI2f/2kq4HOXKnJLRDP2xp8hqTdU1AmBhLK7LzmFPSP3lRlJd3GA==,"49",Female,Ms,"60","879",Hometown 60,Career 9,2026-05-13
"88",O2j/yHLSRem/dUxD5O7IvjvXT9Y14J6u004+U3kPXXWfZYK01dr9,"38",Male,Mr,"25","88",Hometown 25,Career 8,2026-05-13
"880",G3RLXjyicKH2yPgIUsaldTNDpwHtpOZmrymMxK+zvn3r1lPAWk3QNA==,"30",Male,Mr,"61","880",Hometown 61,Career 0,2026-05-13
"881","9hubHqoKmEEGrg+UrIITa8sVpwgBG6IJZExhgA5nAdsVSRIVnx6QGA==","31",Female,Ms,"62","881",Hometown 62,Career 1,2026-05-13
"882",fXspnvDdP1QW1TtG1wNq/f+YdyaDFKcB/7caibVGWj0I8MoY3eky0g==,"32",Male,Mr,"0","882",Hometown 0,Career 2,2026-05-13
"883",SASSydmCEgChFVtXuCkaGwgpCUfL9yntc1rK0+6S5qGk5qo9w28KCQ==,"33",Female,Ms,"1","883",Hometown 1,Career 3,2026-05-13
"884",M6T/eQgrOKvWqe02EYs9wTHIrNHt6w/ZALxwwzEK0kjo5EX7MWcG6w==,"34",Male,Mr,"2","884",Hometown 2,Career 4,2026-05-13
"885",AQWW4Rk6tH+p/7WUCvLxX2hVvnHcNfer02n8/D9xuGcvmEnyVZ565w==,"35",Female,Ms,"3","885",Hometown 3,Career 5,2026-05-13
"886",zlQBG1W3V9eJOUAmkZVQ+38zji+Wd6egQ4moTpUUoAco2Ma6xZI9hw==,"36",Male,Mr,"4","886",Hometown 4,Career 6,2026-05-13
"887",ih6q6gAQkvqysOI4aAFB5GJHv89O8D6iM1qrhVKotEEBHP8JaXYj1Q==,"37",Female,Ms,"5","887",Hometown 5,Career 7,2026-05-13
"888","3dZW76lm+CTEDduiUWDK3LaxBCI/zjjFIboRDfHliVxTb/JHNiUG1w==","38",Male,Mr,"6","888",Hometown 6,Career 8,2026-05-13
"889","2d+jorLgL9CHGH14NrJtidmm6xBKsdsT2fYuJCzHG728vbpk/N0djw==","39",Female,Ms,"7","889",Hometown 7,Career 9,2026-05-13
"89",kDyCJGn/1ECfqWUCx6ZffrDt14VB8KoLFYJCQBeLMUgUApT5Og8d,"39",Female,Ms,"26","89",Hometown 26,Career 9,2026-05-13
"890",nR1b1zfTAUVukEjDboAE0tDYVB60xsZj0MgS/x/PtQRIEmM14qlWQQ==,"40",Male,Mr,"8","890",Hometown 8,Career 0,2026-05-13
"891",yZX+jvnc3YAsLrmKZj9sa/QFO40qVHtBbKTC37w+YEWSusl/aqA7eA==,"41",Female,Ms,"9","891",Hometown 9,Career 1,2026-05-13
"892",QJ8BEGBeUDizJLvXOE2kcr+fArSJ80FnBEFEV2I9x3dBOEhFcUbzbg==,"42",Male,Mr,"10","892",Hometown 10,Career 2,2026-05-13
"893",YX3XfiXBg4VoOjlfgVN0cYNkNBtSYbBetY0FPM+Eg4YbxYMIOirrnw==,"43",Female,Ms,"11","893",Hometown 11,Career 3,2026-05-13
"894",aPNLph66haO+h2HXB52/Mn4BQXxJ0APLr9HpTYwWHVjtAuaE60aqdw==,"44",Male,Mr,"12","894",Hometown 12,Career 4,2026-05-13
"895",yCaYUMmsYSsx5E19q1l6FNttw5ZwBOQtZGd7bCUOSv5ih52hCXbzDw==,"45",Female,Ms,"13","895",Hometown 13,Career 5,2026-05-13
"896",tGTukY5UzdSmK+uoWaiIfE2xXWvBC5dG33NOQ+MaSj+8jpHbqgczcg==,"46",Male,Mr,"14","896",Hometown 14,Career 6,2026-05-13
"897",+9W+wWxs73NqQl7j4/MQGQhB48coSYTiOHhbipmkk6hR5ZeZHM8gnA==,"47",Female,Ms,"15","897",Hometown 15,Career 7,2026-05-13
"898",w9av7q6IiZcrnQYULhVlkw1FY7bwYSbHqXDlOxvoU19DDGCvIpw+bw==,"48",Male,Mr,"16","898",Hometown 16,Career 8,2026-05-13
"899","6OxDWM1sa5oyMj/TMAImfGPwskPHygF0hoGhDNRkktGSExSu6qA4BA==","49",Female,Ms,"17","899",Hometown 17,Career 9,2026-05-13
"9",YJW8LmkJEaD2OuOQSLZ8icJWmzsxDMSHHtfmzTyjqVeVstTv9Cg=,"39",Female,Ms,"9","9",Hometown 9,Career 9,2026-05-13
"90",WThIV2+63K+dkvGISGmpFs9pcghESlnda4U5n96YZpTEDgCvw2lK,"40",Male,Mr,"27","90",Hometown 27,Career 0,2026-05-13
"900","8Sk5VL7p+d/xrCeEJeTtN5IM2tyG3FRloUTkp34zFiuKn8pdesg18Q==","30",Male,Mr,"18","900",Hometown 18,Career 0,2026-05-13
"901",vcyH1x5wE/Iwc6NupJJJ0fysNl5qdOi7LB2njzhQYHSOKUdKKIGmfw==,"31",Female,Ms,"19","901",Hometown 19,Career 1,2026-05-13
"902",X3EeJhjqQ+kkftoUawYz3f7W4VTOnN5738baS5sTBc7QT8om08Gsuw==,"32",Male,Mr,"20","902",Hometown 20,Career 2,2026-05-13
"903",q2L5fCi64BUEcYZ2KICtRvUYWW+xOhBvujPwmlAtv+eQbQ06qfpEbA==,"33",Female,Ms,"21","903",Hometown 21,Career 3,2026-05-13
"904",UNMhjqHGU0RQSVlFjwxndWZMqSiumgs9d4GdZqM9pU6aD1cRlZUMww==,"34",Male,Mr,"22","904",Hometown 22,Career 4,2026-05-13
"905",OHmSjCLSW0XlVEuDAq3GqbMEqO7hpal93r/cKs+6v/BxYRo5AB9d/A==,"35",Female,Ms,"23","905",Hometown 23,Career 5,2026-05-13
"906","6fPM2yYrzT6Xsklaiqi/tlHtY18WmQWX5RXR8SWVoJuyiDUihaTasQ==","36",Male,Mr,"24","906",Hometown 24,Career 6,2026-05-13
"907",HdmlB4/mIsHTapsCjwUMyYfZAY1KUxxqDUCX5GhV9bpI/Da5LN+1yA==,"37",Female,Ms,"25","907",Hometown 25,Career 7,2026-05-13
"908",SiTEAyoCuoLVNo6HMxMngzCcnLTQisCTS99Xw+Md/F5fN0MBcPysEw==,"38",Male,Mr,"26","908",Hometown 26,Career 8,2026-05-13
"909","2oiGu9UUlMs0f2FfMWcAViMWNPdgGdUgoh4LuWe8WsioexIKmWh4Fw==","39",Female,Ms,"27","909",Hometown 27,Career 9,2026-05-13
"91",Ee0z5cFt+x4XFguHrKdynv5PffCaNcML4JiKCPNYJ6GpbuKC+OrW,"41",Female,Ms,"28","91",Hometown 28,Career 1,2026-05-13
"910",yVVFMndR64/WpcH9Uj4XhRDiZj59hBPoEuXzQDzbKNeE/rGVcOiG3Q==,"40",Male,Mr,"28","910",Hometown 28,Career 0,2026-05-13
"911",yr9DlA4aL2Km+7+845AKXCIHpKCAnNa7WjujM45CTwL7qwyoKNNT/A==,"41",Female,Ms,"29","911",Hometown 29,Career 1,2026-05-13
"912",K/yNpS6ie45DgfG48jHBRsAqkCyhZSAtO038ueaCsgs1kPHcVTO2Iw==,"42",Male,Mr,"30","912",Hometown 30,Career 2,2026-05-13
"913","2kroSyR5hmEcESDAqMJtTa7xi6Bd8nmuA0+GemDGeq2RPH5NS0bmLA==","43",Female,Ms,"31","913",Hometown 31,Career 3,2026-05-13
"914",KwVfOEgC8CjlnWRQFOzdtEG8GE+umsK2OQNBIkczTVkL3YfSEEH4BA==,"44",Male,Mr,"32","914",Hometown 32,Career 4,2026-05-13
"915",v34RvfCRQhZelM/WfkOt2gR6l/uOKB6o/95UOPpjozTrEWPFoTi1BQ==,"45",Female,Ms,"33","915",Hometown 33,Career 5,2026-05-13
"916","9ZitDdAuPBLjDf8caZXcjyMZ9hT4HymPCWCk4j4RRQ4A9aZXTzr/zA==","46",Male,Mr,"34","916",Hometown 34,Career 6,2026-05-13
"917",GECHnKYoI5IaMhRcci2g1hK69OEWCat9LIY46NJPhZ3isOfvs5Cg+Q==,"47",Female,Ms,"35","917",Hometown 35,Career 7,2026-05-13
"918",NMMHs9+OAHAqHvKMkMqPewN8kw0mfyZooqS2Q8taUAFxfpZ5ylASDw==,"48",Male,Mr,"36","918",Hometown 36,Career 8,2026-05-13
"919",Qa1TTa59fb/dvyh5bqZtnbcQ8sFQRcgM5+CUQugSDrsD1GPqKAX//g==,"49",Female,Ms,"37","919",Hometown 37,Career 9,2026-05-13
"92",yUQxykNhE4m9nq/G6u1Y+sf6pdnt3lkZLIXlFN6cMMy+C0wqgopL,"42",Male,Mr,"29","92",Hometown 29,Career 2,2026-05-13
"920","2BOjknJgNMj8102MvBSAjtthhfr/7nSVTGvPdePOCyKRMet6e5ze5Q==","30",Male,Mr,"38","920",Hometown 38,Career 0,2026-05-13
"921",x5TDRMAowDUw5KcZl29VbfeFy+MtiKQq1T07EFU1d5+PH6gfN+a9Eg==,"31",Female,Ms,"39","921",Hometown 39,Career 1,2026-05-13
"922","3MxjtPHuBXt68XIFoCbQ8mClQNlUUGiEPsAfq6QMwawH1CvsLb5IKw==","32",Male,Mr,"40","922",Hometown 40,Career 2,2026-05-13
"923",L4v2iwXkLkp3Q3CpXlCPxp4LEXoYHKcosjYiMJ7sghO2dLekhgvZPQ==,"33",Female,Ms,"41","923",Hometown 41,Career 3,2026-05-13
"924",IXJKPI3Ewnb6rw0AfOboX6EX9537Ad0PPmmo5sjeJgFcXH5f6AkLiQ==,"34",Male,Mr,"42","924",Hometown 42,Career 4,2026-05-13
"925",r97zVbWDUJ9iijSou4OGpfijGjOHiri0qXgAV8XPC8CELmOb2G3fqg==,"35",Female,Ms,"43","925",Hometown 43,Career 5,2026-05-13
"926",jNokFn/hm6YCUoYMiGzg9jGc/qZGQvGX5z6tIeXbRhMqYzZRrIuSBg==,"36",Male,Mr,"44","926",Hometown 44,Career 6,2026-05-13
"927",QX2WWXpVz7xwXR07zw5CbjwS3qTPy0tqQZ8umzgFIhqGyVYUAj2aOQ==,"37",Female,Ms,"45","927",Hometown 45,Career 7,2026-05-13
"928","5XkPCz7cot3I2xRSEMDa56qPUi2lJslCl63xMvjisKYmQTGsoIrDzw==","38",Male,Mr,"46","928",Hometown 46,Career 8,2026-05-13
"929",RW0bbmiUBt4LviPO9aDrkiSBT17/OMJJ75ptBRsbhIUCSDgUUTi5/A==,"39",Female,Ms,"47","929",Hometown 47,Career 9,2026-05-13
"93",wGwGCuKOiyhVU6okQ/gnHEJkl8Wa4Koj2SNTP0BqKXoikBmSK/2X,"43",Female,Ms,"30","93",Hometown 30,Career 3,2026-05-13
"930","93R5mrJNVYP5RPuedH4kQJEC1Bnd02/LQu/IpanpSLXUu/sN2Iv8wQ==","40",Male,Mr,"48","930",Hometown 48,Career 0,2026-05-13
"931",nO4kTcuc9JEGLMrIxDjmX0UVj05q43y8ETpGDWUIm5DkyrvK3BZI9A==,"41",Female,Ms,"49","931",Hometown 49,Career 1,2026-05-13
"932",hTZFh/kf5M2XJmiLhrmvS9vrZqiHxJJZHkhhAvAWygsQIiL9ko56qA==,"42",Male,Mr,"50","932",Hometown 50,Career 2,2026-05-13
"933",FJlvUFP5/ijWeaqx/bMDopZmavWA31r9QRHARLxBFQreBgMICyX4rA==,"43",Female,Ms,"51","933",Hometown 51,Career 3,2026-05-13
"934",xhENSldXTO+RyU5EnsYAhaDXkUpdh5f6lDLmwWQ081f0PlCFdBzYBg==,"44",Male,Mr,"52","934",Hometown 52,Career 4,2026-05-13
"935",/kx/S0vwLvpNBkc8YY3yw6K1yAjbhVx2xYv1G8Y0IIurdQOZ0/dG6w==,"45",Female,Ms,"53","935",Hometown 53,Career 5,2026-05-13
"936",lsTvkn1J0jHOyLQrq9pjifmJlU1eBibZaqAR7KEzvyo8B8l4ttewhQ==,"46",Male,Mr,"54","936",Hometown 54,Career 6,2026-05-13
"937",klfLQccl1v2zfAAsOyNJTNrG2qPvm4GSdo/7PV5vRLiy/R8DSfScHg==,"47",Female,Ms,"55","937",Hometown 55,Career 7,2026-05-13
"938",AuC6ZU5kaSEAKC3SuL4QHFIHsRM/BlP/yxItVj9/1Rk/a3JC2v+Sow==,"48",Male,Mr,"56","938",Hometown 56,Career 8,2026-05-13
"939",tbaxvn+zZqLP4+3eOg7fMe4APeuAIN+0PkT5IEIoJGwyFqAiT7pyxw==,"49",Female,Ms,"57","939",Hometown 57,Career 9,2026-05-13
"94",JNnwrmMWTGP4KwS1Bc7O1xMxMzmzSsFOycz1/u0mIW9rEnG12MDG,"44",Male,Mr,"31","94",Hometown 31,Career 4,2026-05-13
"940",MhUTpknSYSoQNUEd/DXmm/TyCtXssUwpWmWy1pkPQuTyP0iXBMoqEg==,"30",Male,Mr,"58","940",Hometown 58,Career 0,2026-05-13
"941",KrowID58fMFBcXln+I3jfVl+nT3FwS+pTvpVDnzDNBSk+qRO//a8dQ==,"31",Female,Ms,"59","941",Hometown 59,Career 1,2026-05-13
"942",P4h3nln0uCvu/G0+WYPtqBb0/X5apt9zw97nuZjhH61UA7kiA1wWCw==,"32",Male,Mr,"60","942",Hometown 60,Career 2,2026-05-13
"943",Mah9X07YjPx4yqJZDob7r7cEtoFwGRVLbbuG3Bo2lNRxpFZL0jO+Xg==,"33",Female,Ms,"61","943",Hometown 61,Career 3,2026-05-13
"944","4VF0/3tP0uXv9yIysAYuLmtjnjnc88tz9FLlvJPB/TbFr4wm+9erDg==","34",Male,Mr,"62","944",Hometown 62,Career 4,2026-05-13
"945",xcKHRP0cEREQ8HYmnE7DcIfVW+Q5TPQdsBWIm0bWMI3HkGwQKHO/jA==,"35",Female,Ms,"0","945",Hometown 0,Career 5,2026-05-13
"946",xgEibk0KzM3gmec6xSPA2rdx5vQ3HjD8UaYUcllzXfcfdS1OMRyUXA==,"36",Male,Mr,"1","946",Hometown 1,Career 6,2026-05-13
"947","2YrafUDDS6QQq2A/GqYCbh6mqh4mWT3TASJIKUoFsfCJoWUI/ZXrbA==","37",Female,Ms,"2","947",Hometown 2,Career 7,2026-05-13
"948",+BFmxOURJCfnu+EFZav029KkqOTEcxMqStlfLcWs1mN0b5yq5be+Cw==,"38",Male,Mr,"3","948",Hometown 3,Career 8,2026-05-13
"949",BX8gE8QzavKhXQwCFdFCNc3PPn4/0ORRIYUM31cyFdPODx8aPQKqDA==,"39",Female,Ms,"4","949",Hometown 4,Career 9,2026-05-13
"95","2JUCwPEI0Ka4MpuUv1hrgreCsZJbo4NvqMV7UFvPKfuUCAZE8Bnj","45",Female,Ms,"32","95",Hometown 32,Career 5,2026-05-13
"950",E9O11myzjKUOqex+4UzVUMLLzPG8a95ohn5Hb9Ek9Y85BnblpbPZ6Q==,"40",Male,Mr,"5","950",Hometown 5,Career 0,2026-05-13
"951",njPY2YvHpt9omyygNeV8jr2CXAnlw4tBGQ8kM3S+8o4W13+U4NTd+g==,"41",Female,Ms,"6","951",Hometown 6,Career 1,2026-05-13
"952",chuZ/QA4iq2J6ckk2yLQpRGzcVPH+8Ps0WK8hSAEhyLB1BkF8MqoHQ==,"42",Male,Mr,"7","952",Hometown 7,Career 2,2026-05-13
"953",rlxoKDYezINsGlnb8S6QMQI2roZwoZUhVqoiiM9GD+gdzEQ7NS/weQ==,"43",Female,Ms,"8","953",Hometown 8,Career 3,2026-05-13
"954",ZYnTMPh77161BjvpuZPc/LBtafzCL2iUXL3lWp+EOjrkwgEGUNnU9g==,"44",Male,Mr,"9","954",Hometown 9,Career 4,2026-05-13
"955",qAXfxqrdH8lzM+mqOI6teR8xsioyNk8gke0RUh09OjhzXfborDrxCw==,"45",Female,Ms,"10","955",Hometown 10,Career 5,2026-05-13
"956",hFXfbYj5gWCJcPoPWDNb/6LSCPhZQBI58vRe8qac8GFUK2GRY0vmLw==,"46",Male,Mr,"11","956",Hometown 11,Career 6,2026-05-13
"957",bJtExvFi5N6PEt/+fBblQ1dXtTViAemZ0ZHwcGGIdb8JjNWV1KBQtw==,"47",Female,Ms,"12","957",Hometown 12,Career 7,2026-05-13
"958","0qlB2XX6LRX62+ENQCKpOuEwLir+cLAQpB3HMN7vxDA3p7xRpGE8ZQ==","48",Male,Mr,"13","958",Hometown 13,Career 8,2026-05-13
"959",Wg565yR//eeakzc/vSIG4BO2m3OCGm+oTNoDrlaIeSRfdKmY/bWGrg==,"49",Female,Ms,"14","959",Hometown 14,Career 9,2026-05-13
"96",UlVnxnFBKWqxyjO1Yz7hW3MCgY+icLwt7MCcjvS+zJAfx4ixzMmn,"46",Male,Mr,"33","96",Hometown 33,Career 6,2026-05-13
"960",pF2fypVUAU5AdVjTMMySn5DrMQeeJPin8ywpmV87MIrMhcnErvNDKA==,"30",Male,Mr,"15","960",Hometown 15,Career 0,2026-05-13
"961",rUDDs1JJuYgT8O+FtqhM2cxRH13v2dMs5TV0+BZ0E18PN612sgbtgA==,"31",Female,Ms,"16","961",Hometown 16,Career 1,2026-05-13
"962",r5lAW2OMs8GlhggbXhtoonlj6mCgxjKEV/CCWDV20TS3Kv1C0IA8kQ==,"32",Male,Mr,"17","962",Hometown 17,Career 2,2026-05-13
"963",EAnrPng7ASwyWn5Sc0s23XSDW0vT6awkPcZ7TOD4fd/8xW9KcqtN0w==,"33",Female,Ms,"18","963",Hometown 18,Career 3,2026-05-13
"964",j0sMIDyJpdEUzi+KOvNvdf4yBZrnPgV8oNPs+FCBaWtR/R9b7EMkTA==,"34",Male,Mr,"19","964",Hometown 19,Career 4,2026-05-13
"965",Zul43US5nyKcAMcWRYeyvCTJ90Idq2AobkIau0RwVjGXrgynJW/kZQ==,"35",Female,Ms,"20","965",Hometown 20,Career 5,2026-05-13
"966",Z1jrmvMQQkFWBjYLDIHtRanT+SYRCF7Ma0Z7dCm94sitWQqsxCVB7g==,"36",Male,Mr,"21","966",Hometown 21,Career 6,2026-05-13
"967","0tsUxqMzxkF8aDb44K1RJfsjJVmMDhn8Rsr/8GwqH48LiH252H9g8g==","37",Female,Ms,"22","967",Hometown 22,Career 7,2026-05-13
"968",qeGuapJw1YJaHpVkoAxAun1HNOa49zEY03zucLYz5hW4sBB+7FLA8Q==,"38",Male,Mr,"23","968",Hometown 23,Career 8,2026-05-13
"969",woouk2nTPTLahIlbyZlH03YNOPY6nd267fNcQBSQompx0bPM0Dwr2Q==,"39",Female,Ms,"24","969",Hometown 24,Career 9,2026-05-13
"97",aIsINHmltTZYYHJGPQe4DzLqLEU5Pi2wTWT9eV17GePvpZqhLDzy,"47",Female,Ms,"34","97",Hometown 34,Career 7,2026-05-13
"970",zCUrJkiGcyo19qLmnouTTnF5rNiKG8QgM+PI2fY1IX6Jyp7J9XphAw==,"40",Male,Mr,"25","970",Hometown 25,Career 0,2026-05-13
"971",GgFEKkdDHYpJ5D7TxgPQ010GvEy3UROAua34A9unNTP4Ff7kYq1VYA==,"41",Female,Ms,"26","971",Hometown 26,Career 1,2026-05-13
"972",q6ZF9JOC91f2vuZSJbpn1ohYyORLPR0s3Fsve8Tzf+Zi6FWIQB/6jw==,"42",Male,Mr,"27","972",Hometown 27,Career 2,2026-05-13
"973",Z3PteKqoo5q73+PpvzI19wLZZLVwTOUBqGd4ylS89bHAVopKycTaWg==,"43",Female,Ms,"28","973",Hometown 28,Career 3,2026-05-13
"974",BHVpN9hsV3qdr+UCS4j9CCTY4AhWWG4fkvHGVi5VMgFbpVCfoOXOag==,"44",Male,Mr,"29","974",Hometown 29,Career 4,2026-05-13
"975",vJhsY+VtgOoGfHcRZpPTD99YHlchWDiNx4lzVJ+Pdkohh03snKqqHA==,"45",Female,Ms,"30","975",Hometown 30,Career 5,2026-05-13
"976",ZPlyf8gx/UBZUB8kMUIK8sHx5kqbj+OL9BavM2QR5YWoZF2xzUhsEQ==,"46",Male,Mr,"31","976",Hometown 31,Career 6,2026-05-13
"977",P1UuCDsbHCF84Hh4vYA3S1rVBRV9ymJg95+h35szvlcB203M9gmYeQ==,"47",Female,Ms,"32","977",Hometown 32,Career 7,2026-05-13
"978",mZeMXONMHQXuhvzLiCwfSgnXSmjhB3QVRvbt3QMeXViqWoLypscUvA==,"48",Male,Mr,"33","978",Hometown 33,Career 8,2026-05-13
"979",IyfNvA9dJGr+k6tEHYkvdPIpGTFkv0tsHVH8FT3c5FI5b8GWNl3V+g==,"49",Female,Ms,"34","979",Hometown 34,Career 9,2026-05-13
"98",Lpm22nKlwTkqfjmt0oI6szVHJAPiAWjsDPQU3csmr74dc6rsqWP2,"48",Male,Mr,"35","98",Hometown 35,Career 8,2026-05-13
"980",kmQi0O8tDYuFQKJ/9vBeRf+WyPWITES0Ab9O/0/FtjIFkoxO67aSWw==,"30",Male,Mr,"35","980",Hometown 35,Career 0,2026-05-13
"981",/kvPobI+tUwtdSMJibvltkNVLtvLy7xDHjeVlD35YFewBFGwxtsZvg==,"31",Female,Ms,"36","981",Hometown 36,Career 1,2026-05-13
"982",byERa5nLo52XP91OAN5mTVC2XcRn8bYWaFl6PAsyfb57JMs8xW2EeQ==,"32",Male,Mr,"37","982",Hometown 37,Career 2,2026-05-13
"983",cAtmzY8DphKUGFZIX6RNtz53j40PyKOmMoJKTNwXl2lwc4XGHHccIQ==,"33",Female,Ms,"38","983",Hometown 38,Career 3,2026-05-13
"984",mIed49/60gbH6aLxLO9JRRuIOJg6Xe/RVrWQ+IWdIRoxMnPTx6LR3A==,"34",Male,Mr,"39","984",Hometown 39,Career 4,2026-05-13
"985","2bNbbvgonD8Iq1ki8mwMycR9AxKfdtK3mQjSRGhBZp3Y4H3Q+KuIyg==","35",Female,Ms,"40","985",Hometown 40,Career 5,2026-05-13
"986",Ovr6XBGF3Z3TLQvdyAeXkJ3U4nUNhZbftQ4PivncvYh8ohiRogoMJQ==,"36",Male,Mr,"41","986",Hometown 41,Career 6,2026-05-13
"987",VAo6mvcUDlwx9cYwSCbxh0NYHAr7KrRz3jqWDBLQt3iiQyjEdy/w/g==,"37",Female,Ms,"42","987",Hometown 42,Career 7,2026-05-13
"988",CtfVBrZoOi7j+E/RjAK9Ktdd0hgfNpy80NeuHBaFWE1zofaxBEZJ3Q==,"38",Male,Mr,"43","988",Hometown 43,Career 8,2026-05-13
"989",Gc9EfyrPTPhbIdQ3aRi2CNFjk0Q6aeWibYBhsQonUbfN4bpjVKJVxg==,"39",Female,Ms,"44","989",Hometown 44,Career 9,2026-05-13
"99","9h59k0c6/EpP2TGwkkL8sEbFLh8DscbWKpQyrHELzBKSITAurs4J","49",Female,Ms,"36","99",Hometown 36,Career 9,2026-05-13
"990",DqX4ILAdft/5ekdzH2w95+gLW01TpBAfi2nVxvQsV+UwFUEUzoC/rg==,"40",Male,Mr,"45","990",Hometown 45,Career 0,2026-05-13
"991",adywgghzs+PfzKGLBVf5z+M8oW5GiVQYXMypwyEuq5Rm+CGFFhoF4Q==,"41",Female,Ms,"46","991",Hometown 46,Career 1,2026-05-13
"992",eFnoOr8J4EN/C4LW+vogJVAePOgJvXvRoxPyLYBhuSK6YsdnBclcQw==,"42",Male,Mr,"47","992",Hometown 47,Career 2,2026-05-13
"993",HGktYerGnj/cGB1/XE/Uye04FTneAxEwN8FJqDiURaeYU+2CBoq9hg==,"43",Female,Ms,"48","993",Hometown 48,Career 3,2026-05-13
"994","3M4S014MIHRK6YkyleEQ6xLjwB1C8K1LBYgsvmTUNcQ/V4M+DCNY1Q==","44",Male,Mr,"49","994",Hometown 49,Career 4,2026-05-13
"995",bDtSP3+6a7wuEjI14lbJKMiLkhThp7fMa8UupgRWYUhAspgUyvzdpQ==,"45",Female,Ms,"50","995",Hometown 50,Career 5,2026-05-13
"996",r1SfcMIciozEtAMA8cxasyDIAOuu1pxdg1U/mt/yTkiaR68MasxR7g==,"46",Male,Mr,"51","996",Hometown 51,Career 6,2026-05-13
"997",NMjo7LAMax6bPYD0XFr1s49kTI81X5mLiMWXjjxpiZ5uPkEw0XTt8g==,"47",Female,Ms,"52","997",Hometown 52,Career 7,2026-05-13
"998",e4HGvAzZCKsyIok1G9JV4RowJKF7Vjmao4VO1LX+XkLABIGbGbJ1FA==,"48",Male,Mr,"53","998",Hometown 53,Career 8,2026-05-13
"999","2b3uzXBOnPEt7+IkBGgOH+K89s5PXhPwUlADSL2ggqJAIMTwoVzWwg==","49",Female,Ms,"54","999",Hometown 54,Career 9,2026-05-13