"shop_code","shop_type","shop_name","shop_address","shop_grand_opening_date","shop_opening_date","shop_closing_date","shop_province_name","shop_province_code","shop_area_name","shop_region_name","shop_ward_name","shop_ward_code","_record_date"
SHOP_0,"[""F""]","LC LĐG 29 Nguyễn Hội, P. Phan Thiết","29 Nguyễn Hội, P. Phú Trinh, TP. Phan Thiết, Tỉnh Bình Thuận",2025-05-08,2021-06-23,2149-06-06,Tỉnh Bình Thuận,"11",Miền Đông - KV6,Miền Đông,Phường Phú Trinh,"22930",2026-05-13
SHOP_1,"[""F""]","LC HCM 75 Lương Ngọc Quyến, P. Phú Định","75 Lương Ngọc Quyến, P. 13, Q. 8, TP. Hồ Chí Minh",2021-10-21,2021-11-28,2149-06-06,Hồ Chí Minh,"23",Hồ Chí Minh 1 - KV2,Hồ Chí Minh 1,Phường 13,"27412",2026-05-13
SHOP_10,"[""F""]","LC HCM 159-161 Nguyễn Bình, X. Nhà Bè","159-161 Nguyễn Bình, X. Phú Xuân, H. Nhà Bè, TP. Hồ Chí Minh",2019-09-18,2019-08-20,2149-06-06,Hồ Chí Minh,"23",Hồ Chí Minh 1 - KV16,Hồ Chí Minh 1,Xã Phú Xuân,"27655",2026-05-13
SHOP_100,"[""VACCINE""]","VX HCM 408 Lê Trọng Tấn, P. Tây Thạnh","408 Lê Trọng Tấn, P. Tây Thạnh, Q. Tân Phú, TP. Hồ Chí Minh",2024-08-02,2024-07-15,2149-06-06,Hồ Chí Minh,"23",Hồ Chí Minh 1 - KV25,Hồ Chí Minh 1,Phường Tây Thạnh,"27013",2026-05-13
SHOP_101,"[""F""]","LC HCM 124/1H - 124/1S Nguyễn Ảnh Thủ, X. Bà Điểm","124/1H -124/1S Nguyễn Ảnh Thủ, X. Trung Chánh, H. Hóc Môn, TP. Hồ Chí Minh",2024-07-11,2024-06-23,2149-06-06,Hồ Chí Minh,"23",Hồ Chí Minh 1 - KV26,Hồ Chí Minh 1,Xã Trung Chánh,"27586",2026-05-13
SHOP_102,"[""F""]","LC BNH Phố Bằng Nguộn, X. Tiên Lục","Phố Bằng Nguộn, X. An Hà, H. Lạng Giang, Tỉnh Bắc Giang",2023-06-15,2023-05-21,2149-06-06,Tỉnh Bắc Giang,"4",Hà Nội - KV27,Hà Nội,Xã An Hà,"7396",2026-05-13
SHOP_103,"[""F""]","LC DNI 5 Hai Bà Trưng, X. Long Thành","5 Hai Bà Trưng, TT. Long Thành, H. Long Thành, Tỉnh Đồng Nai",2020-09-08,2020-07-25,2149-06-06,Tỉnh Đồng Nai,"18",Miền Đông - KV7,Miền Đông,Thị trấn Long Thành,"26368",2026-05-13
SHOP_104,"[""F""]","LC GLI 176 Tăng Bạt Hổ, P. Quy Nhơn","176 Tăng Bạt Hổ, P. Thị Nại, TP. Quy Nhơn, Tỉnh Bình Định",2025-07-25,2025-05-21,2149-06-06,Tỉnh Bình Định,"3",Miền Trung - KV14,Miền Trung,Phường Thị Nại,"21568",2026-05-13
SHOP_105,"[""F""]","LC DNI 2552-2554 Hùng Vương, X. Xuân Lộc","2552-2554 Hùng Vương, X. Xuân Hiệp, H. Xuân Lộc, Tỉnh Đồng Nai",2025-06-20,2025-05-28,2025-11-01,Tỉnh Đồng Nai,"18",Miền Đông - KV23,Miền Đông,Xã Xuân Hiệp,"26455",2026-05-13
SHOP_106,"[""F""]","LC DNI 666/20 Trần Cao Vân, X. Dầu Giây","666/20 Trần Cao Vân, TT. Dầu Giây, H. Thống Nhất, Tỉnh Đồng Nai",2022-12-06,2022-11-06,2149-06-06,Tỉnh Đồng Nai,"18",Miền Đông - KV34,Miền Đông,Xã Gia Tân 1,"26299",2026-05-13
SHOP_107,"[""F""]","LC TTH 80-82 Ngô Quyền, P. Thuận Hóa","80-82 Ngô Quyền, P. Vĩnh Ninh, Q. Thuận Hóa, TP. Huế",2020-11-14,2020-09-22,2149-06-06,Huế,"31",Miền Trung - KV6,Miền Trung,Phường Vĩnh Ninh,"19783",2026-05-13
SHOP_108,"[""F""]","LC HCM 24/10 Huỳnh Tấn Phát, X. Nhà Bè","24/10 Huỳnh Tấn Phát, TT. Nhà Bè, H. Nhà Bè, TP. Hồ Chí Minh",2019-03-04,2019-02-27,2149-06-06,Hồ Chí Minh,"23",Hồ Chí Minh 1 - KV16,Hồ Chí Minh 1,Thị trấn Nhà Bè,"27643",2026-05-13
SHOP_109,"[""F""]","LC NAN 69 Hermann Gmeiner, P. Trường Vinh","69 Hermann Gmeiner, P. Hưng Phúc, TP. Vinh, Tỉnh Nghệ An",2022-04-15,2022-05-06,2149-06-06,Tỉnh Nghệ An,"42",Miền Trung - KV7,Miền Trung,Phường Hưng Phúc,"16673",2026-05-13
SHOP_11,"[""VACCINE""]","VX HCM 294 Thống Nhất, P. An Hội Đông","294 Thống Nhất, P. 16, Q. Gò Vấp, TP. Hồ Chí Minh",2025-05-16,2025-05-13,2149-06-06,Hồ Chí Minh,"23",Hồ Chí Minh 1 - KV17,Hồ Chí Minh 1,Phường 16,"26878",2026-05-13
SHOP_110,"[""VACCINE""]","VX DAG 279 Phan Châu Trinh, P. Tam Kỳ","279 Phan Châu Trinh, P. Phước Hòa, TP. Tam Kỳ, Tỉnh Quảng Nam",2025-02-21,2025-02-18,2149-06-06,Tỉnh Quảng Nam,"51",Miền Trung - KV3,Miền Trung,Phường Phước Hòa,"20338",2026-05-13
SHOP_111,"[""F""]","LC HCM 41 Đường Tỉnh Lộ 8, X. Phú Hoà Đông","41 Đường Tỉnh Lộ 8, Xã Tân Thạnh Tây, Huyện Củ Chi, Thành Phố Hồ Chí Minh",2026-01-16,2025-12-19,2149-06-06,Hồ Chí Minh,"23",Hồ Chí Minh 1 - KV18,Hồ Chí Minh 1,Xã Tân Thạnh Tây,"27541",2026-05-13
SHOP_112,"[""F""]","LC HCM 250 Bàu Cát, P. Bảy Hiền","250 Bàu Cát, P. 11, Q. Tân Bình, TP. Hồ Chí Minh",2021-10-30,2021-09-10,2149-06-06,Hồ Chí Minh,"23",Hồ Chí Minh 1 - KV31,Hồ Chí Minh 1,Phường 11,"26983",2026-05-13
SHOP_113,"[""F""]","LC CBG 46 Đông Khê, P. Tân Giang","46 Đông Khê, P. Tân Giang, TP. Cao Bằng, Tỉnh Cao Bằng",2022-07-26,2022-08-24,2149-06-06,Tỉnh Cao Bằng,"12",Miền Bắc 1 - KV2,Miền Bắc 1,Phường Tân Giang,"1276",2026-05-13
SHOP_114,"[""F""]","LC CTO Lô 12 Trung Tâm Thương Mại Thốt Nốt, P. Thốt Nốt","Lô 12 Trung Tâm Thương Mại Thốt Nốt, P. Thốt Nốt, Q. Thốt Nốt, TP. Cần Thơ",2021-04-23,2021-04-13,2149-06-06,Cần Thơ,"14",Miền Tây Nam Bộ - KV25,Miền Tây,Phường Thốt Nốt,"31207",2026-05-13
SHOP_115,"[""F""]","LC HYN 10-12 Phố Nối, P. Mỹ Hào","10-12 Phố Nối, P. Bần Yên Nhân, TX. Mỹ Hào, Tỉnh Hưng Yên",2022-07-18,2022-07-27,2149-06-06,Tỉnh Hưng Yên,"33",Miền Bắc 2 - KV14,Miền Bắc 2,Phường Bần Yên Nhân,"12103",2026-05-13
SHOP_116,"[""F""]","LC HCM 798 Tỉnh Lộ 10, P. Bình Tân","798 Tỉnh Lộ 10, P. Bình Trị Đông A, Q. Bình Tân, TP. Hồ Chí Minh",2024-07-05,2024-06-12,2149-06-06,Hồ Chí Minh,"23",Hồ Chí Minh 1 - KV22,Hồ Chí Minh 1,Phường Bình Trị Đông A,"27448",2026-05-13
SHOP_117,"[""F""]","LC LĐG 1 Nguyễn Tri Phương, X. Di Linh","1 Nguyễn Tri Phương, TT. Di Linh, H. Di Linh, Tỉnh Lâm Đồng",2025-08-06,2025-07-08,2149-06-06,Tỉnh Lâm Đồng,"40",Miền Đông - KV18,Miền Đông,Thị trấn Di Linh,"25000",2026-05-13
SHOP_118,"[""VACCINE""]","VX TNH 4-6-8 Phạm Hùng, P. Long Hoa","4-6-8 Phạm Hùng, P. Long Hoa, TX. Hòa Thành, Tỉnh Tây Ninh",2025-08-15,2025-08-12,2149-06-06,Tỉnh Tây Ninh,"58",Hồ Chí Minh 2 - KV10,Hồ Chí Minh 2,Phường Long Hoa,"90163",2026-05-13
SHOP_119,"[""F""]","LC DLK 279 Phan Bội Châu, P. Buôn Ma Thuột","279 Phan Bội Châu, P. Tân Tiến, TP. Buôn Mê Thuột, Tỉnh Đắk Lắk",2021-10-27,2021-05-17,2149-06-06,Tỉnh Đắk Lắk,"16",Miền Đông - KV3,Miền Đông,Phường Tân Tiến,"24145",2026-05-13
SHOP_12,"[""F""]","LC DLK Thôn Phú Long, X. Tuy An Nam","Thôn Phú Long, X. An Mỹ, H. Tuy An, Tỉnh Phú Yên",2025-06-06,2025-05-09,2149-06-06,Tỉnh Phú Yên,"47",Miền Đông - KV2,Miền Đông,Xã An Mỹ,"22153",2026-05-13
SHOP_120,"[""F""]","LC BNH Thôn Khánh, X. Hiệp Hòa","Thôn Khánh, Xã Lương Phong, Huyện Hiệp Hòa, Tỉnh Bắc Giang",2025-11-14,2025-09-22,2149-06-06,Tỉnh Bắc Giang,"4",Hà Nội - KV33,Hà Nội,Xã Lương Phong,"7846",2026-05-13
SHOP_121,"[""F""]","LC DLK 198 Phạm Văn Đồng, P. Tân Lập","198 Phạm Văn Đồng, P. Tân Hòa, TP. Buôn Ma Thuột, Tỉnh Đắk Lắk",2024-08-24,2024-07-31,2149-06-06,Tỉnh Đắk Lắk,"16",Miền Đông - KV3,Miền Đông,Phường Tân Hòa,"24121",2026-05-13
SHOP_122,"[""F""]","LC HCM 70 Cửu Long, P. Hòa Hưng","70 Cửu Long, P. 15, Q. 10, TP. Hồ Chí Minh",2020-06-15,2020-05-15,2149-06-06,Hồ Chí Minh,"23",Hồ Chí Minh 1 - KV33,Hồ Chí Minh 1,Phường 15,"27163",2026-05-13
SHOP_123,"[""F""]","LC DTP 12B/3 Nguyễn Văn Côn, P. Long Thuận","12B/3 Nguyễn Văn Côn, P. 2, TP. Gò Công, Tỉnh Tiền Giang",2021-11-17,2021-12-14,2149-06-06,Tỉnh Tiền Giang,"56",Miền Tây Nam Bộ - KV30,Miền Tây,Phường 2,"28297",2026-05-13
SHOP_124,"[""F""]","LC LĐG 198 Lê Thánh Tôn, X. Tân Hải","198 Lê Thánh Tôn, X. Tân Hải, TX. La Gi, Tỉnh Bình Thuận",2024-01-16,2023-12-24,2149-06-06,Tỉnh Bình Thuận,"11",Miền Đông - KV38,Miền Đông,Xã Tân Hải,"23245",2026-05-13
SHOP_125,"[""F""]","LC TNH 47 Quốc Lộ 22B, P. Gò Dầu","47 Quốc Lộ 22B, P. Gia Bình, TX. Trảng Bàng, Tỉnh Tây Ninh",2022-11-29,2022-11-13,2149-06-06,Tỉnh Tây Ninh,"58",Hồ Chí Minh 2 - KV24,Hồ Chí Minh 2,Phường Gia Bình,"25723",2026-05-13
SHOP_126,"[""F""]","LC AGG 117 Đường 2/9, P. Tô Châu","117 Đường 2/9, P. Tô Châu, TP. Hà Tiên, Tỉnh Kiên Giang",2022-07-04,2022-08-20,2149-06-06,Tỉnh Kiên Giang,"34",Miền Tây Nam Bộ - KV5,Miền Tây,Phường Tô Châu,"30766",2026-05-13
SHOP_127,"[""F""]","LC HNI 248 Nguyễn Văn Giáp, P. Từ Liêm","248 Nguyễn Văn Giáp, P. Cầu Diễn, Q. Nam Từ Liêm, TP. Hà Nội",2025-05-08,2025-03-29,2149-06-06,Hà Nội,"26",Hà Nội - KV10,Hà Nội,Phường Cầu Diễn,"592",2026-05-13
SHOP_128,"[""F""]","LC HNI Tòa S1.05, Vinhomes Smart City, P. Tây Mỗ","Cửa hàng 1SH15, Tòa S1.05, Vinhomes Smart City, P. Tây Mỗ, Q. Nam Từ Liêm, TP. Hà Nội",2025-09-19,2025-08-24,2149-06-06,Hà Nội,"26",Hà Nội - KV10,Hà Nội,Phường Tây Mỗ,"628",2026-05-13
SHOP_129,"[""F""]","LC HCM 111 Đường 30/4, P. Phú Lợi","111 Đường 30/4, P. Phú Hoà, TP. Thủ Dầu Một, Tỉnh Bình Dương",2024-07-05,2024-05-23,2149-06-06,Tỉnh Bình Dương,"2",Hồ Chí Minh 2 - KV15,Hồ Chí Minh 2,Phường Phú Hòa,"25750",2026-05-13
SHOP_13,"[""F""]","LC DAG 408 Trần Đại Nghĩa, P. Ngũ Hành Sơn","408 Trần Đại Nghĩa, P. Hòa Hải, Q. Ngũ Hành Sơn, TP. Đà Nẵng",2025-09-06,2025-07-02,2149-06-06,Đà Nẵng,"17",Miền Trung - KV23,Miền Trung,Phường Hòa Hải,"20290",2026-05-13
SHOP_130,"[""F""]","LC HCM 238 Phan Anh, P. Phú Thạnh","238 Phan Anh, P. Hiệp Tân, Q. Tân Phú, TP. Hồ Chí Minh",2024-09-18,2024-09-08,2149-06-06,Hồ Chí Minh,"23",Hồ Chí Minh 1 - KV15,Hồ Chí Minh 1,Phường Hiệp Tân,"27037",2026-05-13
SHOP_131,"[""F""]","LC TQG 197 Nguyễn Thái Học, P. Hà Giang 2","197 Nguyễn Thái Học, P. Trần Phú, TP. Hà Giang, Tỉnh Hà Giang",2022-06-04,2022-06-10,2149-06-06,Tỉnh Hà Giang,"25",Miền Bắc 1 - KV16,Miền Bắc 1,Phường Trần Phú,"691",2026-05-13
SHOP_132,"[""F""]","LC TNH 206 ĐT784, X. Truông Mít","206 ĐT784, X. Bàu Đồn, H. Gò Dầu, Tỉnh Tây Ninh",2022-11-25,2022-11-06,2149-06-06,Tỉnh Tây Ninh,"58",Hồ Chí Minh 2 - KV29,Hồ Chí Minh 2,Xã Bàu Đồn,"25666",2026-05-13
SHOP_133,"[""F""]","LC CTO 183 Quốc Lộ 80, X. Vĩnh Trinh","183 Quốc Lộ 80, Xã Vĩnh Trinh, Huyện Vĩnh Thạnh, Thành phố Cần Thơ",2024-03-20,2025-10-15,2149-06-06,Cần Thơ,"14",Miền Tây Nam Bộ - KV32,Miền Tây,Xã Vĩnh Trinh,"31237",2026-05-13
SHOP_134,"[""F""]","LC HCM 28 Phú Châu, P. Tam Bình","28 Phú Châu, P. Tam Phú, TP. Thủ Đức, TP. Hồ Chí Minh",2018-10-13,2018-10-02,2149-06-06,Hồ Chí Minh,"23",Hồ Chí Minh 2 - KV3,Hồ Chí Minh 2,Phường Tam Phú,"26806",2026-05-13
SHOP_135,"[""F""]","LC DAG 113 Hoàng Văn Thái, P. Hòa Khánh","113 Hoàng Văn Thái, P. Hòa Khánh Nam, Q. Liên Chiểu, TP. Đà Nẵng",2022-02-10,2022-03-20,2149-06-06,Đà Nẵng,"17",Miền Trung - KV1,Miền Trung,Phường Hòa Khánh Nam,"20198",2026-05-13
SHOP_136,"[""F""]","LC HCM 1 Dương Đình Hội, P. Phước Long","1 Dương Đình Hội, P. Phước Long B, TP. Thủ Đức, TP. Hồ Chí Minh",2019-06-12,2019-05-18,2149-06-06,Hồ Chí Minh,"23",Hồ Chí Minh 2 - KV18,Hồ Chí Minh 2,Phường Phước Long B,"90107",2026-05-13
SHOP_137,"[""F""]","LC DTP 1B DT852, P. Sa Đéc","1B DT852, P. An Hòa, TP. Sa Đéc, Tỉnh Đồng Tháp",2020-12-11,2020-11-20,2149-06-06,Tỉnh Đồng Tháp,"20",Miền Tây Nam Bộ - KV21,Miền Tây,Phường An Hòa,"29919",2026-05-13
SHOP_138,"[""F""]","LC DAG Khối Phố Trung Phú 2, P. Điện Bàn","Khối Phố Trung Phú 2, P. Điện Minh, TX. Điện Bàn, Tỉnh Quảng Nam",2024-10-05,2024-09-04,2149-06-06,Tỉnh Quảng Nam,"51",Miền Trung - KV12,Miền Trung,Phường Điện Minh,"20593",2026-05-13
SHOP_139,"[""F""]","LC PTO 285 Mê Linh, P. Vĩnh Phúc","285 Mê Linh, P. Liên Bảo, TP. Vĩnh Yên, Tỉnh Vĩnh Phúc",2021-11-15,2021-12-22,2149-06-06,Tỉnh Vĩnh Phúc,"63",Miền Bắc 1 - KV12,Miền Bắc 1,Phường Liên Bảo,"8710",2026-05-13
SHOP_14,"[""F""]","LC NBH Thôn Quỳnh Phong 3, P. Tây Hoa Lư","Thôn Quỳnh Phong 3, X. Sơn Hà, H. Nho Quan, Tỉnh Ninh Bình",2024-09-22,2024-08-08,2149-06-06,Tỉnh Ninh Bình,"43",Miền Bắc 2 - KV8,Miền Bắc 2,Xã Sơn Hà,"14455",2026-05-13
SHOP_140,"[""F""]","LC LĐG 787-789 Hùng Vương, X. Di Linh","787-789 Hùng Vương, TT. Di Linh, H. Di Linh, Tỉnh Lâm Đồng",2022-01-17,2022-03-03,2149-06-06,Tỉnh Lâm Đồng,"40",Miền Đông - KV18,Miền Đông,Thị trấn Di Linh,"25000",2026-05-13
SHOP_141,"[""F""]","LC HCM 232B Tôn Thất Thuyết, P. Vĩnh Hội","232B Tôn Thất Thuyết, P. 3, Q. 4, TP. Hồ Chí Minh",2024-12-16,2024-11-22,2149-06-06,Hồ Chí Minh,"23",Hồ Chí Minh 1 - KV23,Hồ Chí Minh 1,Phường 3,"27286",2026-05-13
SHOP_142,"[""VACCINE""]","VX QNI 386 Nguyễn Nghiêm, P. Cẩm Thành","386 Nguyễn Nghiêm, P. Nguyễn Nghiêm, TP. Quảng Ngãi, Tỉnh Quảng Ngãi",2025-05-23,2025-05-20,2149-06-06,Tỉnh Quảng Ngãi,"50",Miền Trung - KV16,Miền Trung,Phường Nguyễn Nghiêm,"90167",2026-05-13
SHOP_143,"[""F""]","LC TNN 61B-61C Tổ 4, P. Tích Lương","61B-61C, Tổ 4, P. Trung Thành, TP. Thái Nguyên, Tỉnh Thái Nguyên",2025-06-27,2025-05-23,2149-06-06,Tỉnh Thái Nguyên,"59",Miền Bắc 1 - KV9,Miền Bắc 1,Phường Trung Thành,"5476",2026-05-13
SHOP_144,"[""F""]","LC QTI QL1A Hải Phú, X. Đông Trạch","QL1A, X. Hải Phú, H. Bố Trạch, Tỉnh Quảng Bình",2025-05-10,2025-04-06,2149-06-06,Tỉnh Quảng Bình,"48",Miền Trung - KV10,Miền Trung,Xã Hải Phú,"90345",2026-05-13
SHOP_145,"[""F""]","LC QTI Thôn Phúc Tự Đông, X. Hoàn Lão","Thôn Phúc Tự Đông, X. Đại Trạch, H. Bố Trạch, Tỉnh Quảng Bình",2023-09-24,2023-08-08,2149-06-06,Tỉnh Quảng Bình,"48",Miền Trung - KV10,Miền Trung,Xã Đại Trạch,"19186",2026-05-13
SHOP_146,"[""F""]","LC NAN 29 Nguyễn Xí, P. Cửa Lò","29 Nguyễn Xí, P. Thu Thủy, TX. Cửa Lò, Tỉnh Nghệ An",2024-06-03,2024-04-28,2149-06-06,Tỉnh Nghệ An,"42",Miền Trung - KV22,Miền Trung,Phường Thu Thuỷ,"16723",2026-05-13
SHOP_147,"[""F""]","LC TNN TDP Thái Long, X. Võ Nhai","TDP Thái Long, TT. Đình Cả, H. Võ Nhai, Tỉnh Thái Nguyên",2025-08-24,2025-07-12,2149-06-06,Tỉnh Thái Nguyên,"59",Miền Bắc 1 - KV6,Miền Bắc 1,Thị trấn Đình Cả,"5716",2026-05-13
SHOP_148,"[""F""]","LC HNI 29 Tổ 4, Chợ Trung Tâm Đông Anh, X. Đông Anh","29 Tổ 4, TT. Đông Anh, H. Đông Anh, TP. Hà Nội",2022-12-12,2022-11-29,2149-06-06,Hà Nội,"26",Hà Nội - KV12,Hà Nội,Thị trấn Đông Anh,"454",2026-05-13
SHOP_149,"[""F""]","LC AGG 958 Đường ĐT944, X. Hội An","958 đường ĐT 944, X. Hòa Bình, H. Chợ Mới, Tỉnh An Giang",2025-07-18,2025-06-05,2149-06-06,Tỉnh An Giang,"1",Miền Tây Nam Bộ - KV21,Miền Tây,Xã Hòa Bình,"30676",2026-05-13
SHOP_15,"[""F""]","LC HYN 355 Phố Lý Bôn, P. Trần Hưng Đạo","355 Phố Lý Bôn, P. Đề Thám, TP. Thái Bình, Tỉnh Thái Bình",2024-10-25,2024-09-26,2149-06-06,Tỉnh Thái Bình,"55",Miền Bắc 2 - KV22,Miền Bắc 2,Phường Đề Thám,"12439",2026-05-13
SHOP_150,"[""F""]","LC HYN Thôn Trương Xá, X. Nghĩa Dân","Thôn Trương Xá, X. Toàn Thắng, H. Kim Động, Tỉnh Hưng Yên",2026-01-06,2025-11-28,2149-06-06,Tỉnh Hưng Yên,"33",Miền Bắc 2 - KV23,Miền Bắc 2,Xã Toàn Thắng,"12286",2026-05-13
SHOP_151,"[""VACCINE""]","VX HCM 38 Liêu Bình Hương, X. Củ Chi","38 Liêu Bình Hương, X. Tân Thông Hội, H. Củ Chi, TP. Hồ Chí Minh",2024-06-07,2024-06-04,2149-06-06,Hồ Chí Minh,"23",Hồ Chí Minh 1 - KV18,Hồ Chí Minh 1,Xã Tân Thông Hội,"27556",2026-05-13
SHOP_152,"[""F""]","LC DNI 1309 Phú Riềng Đỏ, P. Bình Phước","1309 Phú Riềng Đỏ, P. Tân Phú, TP. Đồng Xoài, Tỉnh Bình Phước",2022-06-06,2022-06-19,2149-06-06,Tỉnh Bình Phước,"8",Miền Đông - KV26,Miền Đông,Phường Tân Phú,"25195",2026-05-13
SHOP_153,"[""HOPE""]","HOPE HCM 60-60A Phan Xích Long, P. Cầu Kiệu","60-60A Phan Xích Long, P. 1, Q. Phú Nhuận, TP. Hồ Chí Minh",2149-06-06,2023-07-15,2149-06-06,Hồ Chí Minh,"23",Hồ Chí Minh 1 - KV3,Hồ Chí Minh 1,Phường 1,"27058",2026-05-13
SHOP_154,"[""F""]","LC HCM 226-228 Yersin, P. Thủ Dầu Một","226-228 Yersin, P. Hiệp Thành, TP. Thủ Dầu Một, Tỉnh Bình Dương",2020-05-22,2020-03-28,2025-11-18,Tỉnh Bình Dương,"2",Hồ Chí Minh 2 - KV15,Hồ Chí Minh 2,Phường Hiệp Thành,"25741",2026-05-13
SHOP_155,"[""DANT""]",HUB NT HCM 198O Xóm Chiếu,"198O Xóm Chiếu, P. 14, Q. 4, TP. Hồ Chí Minh",2149-06-06,2023-04-26,2149-06-06,Hồ Chí Minh,"23",HCM - DANT KV 1,Hồ Chí Minh 1,Phường 14,"27280",2026-05-13
SHOP_156,"[""F""]","LC DAG Thôn Túy Loan Đông 1, X. Hòa Vang","Thửa Đất 582, Bản Đồ 33, Thôn Túy Loan Đông 1, X. Hòa Phong, H. Hòa Vang, TP. Đà Nẵng",2025-02-22,2025-01-17,2149-06-06,Đà Nẵng,"17",Miền Trung - KV30,Miền Trung,Xã Hòa Phong,"20320",2026-05-13
SHOP_157,"[""F""]","LC LCU 107 Trần Hưng Đạo, P. Đoàn Kết","107 Trần Hưng Đạo, P. Đoàn Kết, TP. Lai Châu, Tỉnh Lai Châu",2025-06-17,2025-06-01,2149-06-06,Tỉnh Lai Châu,"39",Miền Bắc 1 - KV10,Miền Bắc 1,Phường Đoàn Kết,"3389",2026-05-13
SHOP_158,"[""F""]","LC HNI 140 Ngọc Thụy, P. Bồ Đề","140 Ngọc Thụy, P. Ngọc Thụy, Q. Long Biên, TP. Hà Nội",2022-05-11,2022-06-02,2149-06-06,Hà Nội,"26",Hà Nội - KV13,Hà Nội,Phường Ngọc Thụy,"118",2026-05-13
SHOP_159,"[""F""]","LC NBH 118 Trần Nhật Duật, P. Nam Định","118 Trần Nhật Duật, P. Trần Tế Xương, TP. Nam Định, Tỉnh Nam Định",2021-04-26,2021-03-26,2149-06-06,Tỉnh Nam Định,"44",Miền Bắc 2 - KV15,Miền Bắc 2,Phường Trần Tế Xương,"13636",2026-05-13
SHOP_16,"[""F""]","LC KHA Thôn Lạc Tân 1, X. Cà Ná","Thôn Lạc Tân 1, X. Phước Diêm, H. Thuận Nam, Tỉnh Ninh Thuận",2023-07-26,2023-06-13,2149-06-06,Tỉnh Ninh Thuận,"45",Miền Đông - KV15,Miền Đông,Xã Phước Diêm,"22909",2026-05-13
SHOP_160,"[""F""]","LC HNI 33 Núi Trúc, P. Giảng Võ","33 Núi Trúc, P. Kim Mã, Q. Ba Đình, TP. Hà Nội",2020-07-31,2020-07-20,2149-06-06,Hà Nội,"26",Hà Nội - KV16,Hà Nội,Phường Kim Mã,"28",2026-05-13
SHOP_161,"[""F""]","LC HPG 385-387-389 ĐT391, X. Tứ Kỳ","385-387-389 ĐT391, TT. Tứ Kỳ, H. Tứ Kỳ, Tỉnh Hải Dương",2023-06-30,2023-06-01,2149-06-06,Tỉnh Hải Dương,"24",Miền Bắc 2 - KV4,Miền Bắc 2,Thị trấn Tứ Kỳ,"11074",2026-05-13
SHOP_162,"[""F""]","LC PTO 2 Lý Thường Kiệt, P. Thống Nhất","2 Lý Thường Kiệt, P. Thống Nhất, TP. Hòa Bình, Tỉnh Hòa Bình",2024-07-12,2024-06-26,2149-06-06,Tỉnh Hòa Bình,"22",Miền Bắc 1 - KV15,Miền Bắc 1,Xã Thống Nhất,"4828",2026-05-13
SHOP_163,"[""F""]","LC BNH 107-109 Nguyễn Văn Cừ, X. Gia Bình","107-109 Nguyễn Văn Cừ, X. Xuân Lai, Huyện Gia Bình, Tỉnh Bắc Ninh",2025-12-13,2025-11-20,2149-06-06,Tỉnh Bắc Ninh,"7",Hà Nội - KV24,Hà Nội,Xã Xuân Lai,"9484",2026-05-13
SHOP_164,"[""F""]","LC NBH 85 Mạc Thị Bưởi, P. Nam Định","85 Mạc Thị Bưởi, P. Quang Trung, TP. Nam Định, Tỉnh Nam Định",2021-11-09,2021-12-03,2149-06-06,Tỉnh Nam Định,"44",Miền Bắc 2 - KV15,Miền Bắc 2,Phường Quang Trung,"13645",2026-05-13
SHOP_165,"[""F""]","LC LĐG Thôn 3, X. Cư Jút","Thôn 3, X. Tâm Thắng, H. Cư Jút, Tỉnh Đắk Nông",2025-07-30,2025-07-14,2149-06-06,Tỉnh Đăk Nông,"19",Miền Đông - KV8,Miền Đông,Xã Tâm Thắng,"24655",2026-05-13
SHOP_166,"[""F""]","LC BNH Thôn Bảo Tân, X. Hợp Thịnh","Thôn Bảo Tân, Xã Hợp Thịnh, Huyện Hiệp Hòa, Tỉnh Bắc Giang",2025-11-10,2025-09-22,2149-06-06,Tỉnh Bắc Giang,"4",Hà Nội - KV24,Hà Nội,Xã Hợp Thịnh,"7858",2026-05-13
SHOP_167,"[""F""]","LC CTO 653 Hai Bà Trưng, X. Lịch Hội Thượng","653 Hai Bà Trưng, TT. Lịch Hội Thượng, H. Trần Đề, Tỉnh Sóc Trăng",2024-11-08,2024-10-30,2149-06-06,Tỉnh Sóc Trăng,"54",Miền Tây Nam Bộ - KV4,Miền Tây,Thị trấn Lịch Hội Thượng,"31679",2026-05-13
SHOP_168,"[""VACCINE""]","VX HCM 3 Bùi Bằng Đoàn, P. Tân Hưng","3 Bùi Bằng Đoàn, P. Tân Phong, Q. 7, TP. Hồ Chí Minh",2025-06-06,2025-06-03,2149-06-06,Hồ Chí Minh,"23",Hồ Chí Minh 1 - KV9,Hồ Chí Minh 1,Phường Tân Phong,"27490",2026-05-13
SHOP_169,"[""F""]","LC NAN Xóm Lý Nhân, X. Yên Thành","Xóm Lý Nhân, X. Hợp Thành, H. Yên Thành, Tỉnh Nghệ An",2023-12-23,2023-10-31,2149-06-06,Tỉnh Nghệ An,"42",Miền Trung - KV26,Miền Trung,Xã Hợp Thành,"17563",2026-05-13
SHOP_17,"[""F""]","LC CTO 164 Trần Hưng Đạo, X. Mỹ Tú","164 Trần Hưng Đạo, TT. Huỳnh Hữu Nghĩa, H. Mỹ Tú, Tỉnh Sóc Trăng",2025-07-15,2025-07-01,2149-06-06,Tỉnh Sóc Trăng,"54",Miền Tây Nam Bộ - KV4,Miền Tây,Thị trấn Huỳnh Hữu Nghĩa,"31567",2026-05-13
SHOP_170,"[""F""]","LC HCM 10-10A Thiên Phước, P. Tân Hòa","10 - 10A Thiên Phước, P. 9, Q. Tân Bình, TP. Hồ Chí Minh",2024-07-09,2024-06-24,2149-06-06,Hồ Chí Minh,"23",Hồ Chí Minh 1 - KV24,Hồ Chí Minh 1,Phường 9,"27001",2026-05-13
SHOP_171,"[""F""]","LC TNH 19 Hùng Vương, P. Long An","19 Hùng Vương, P. 2, TP. Tân An, Tỉnh Long An",2021-01-12,2020-12-17,2149-06-06,Tỉnh Long An,"37",Hồ Chí Minh 2 - KV22,Hồ Chí Minh 2,Phường 2,"27688",2026-05-13
SHOP_172,"[""VACCINE""]","VX HCM 44 Đường Số 7, X. Long Hải","44 Đường Số 7, TT. Long Hải, H. Long Đất, Tỉnh Bà Rịa - Vũng Tàu",2025-03-14,2025-03-11,2149-06-06,Tỉnh Bà Rịa - Vũng Tàu,"9",Hồ Chí Minh 2 - KV13,Hồ Chí Minh 2,Thị Trấn Long Hải,"90502",2026-05-13
SHOP_173,"[""F""]","LC GLI 203 Hùng Vương, P. Pleiku","203 Hùng Vương, P. Hội Thương, TP. Pleiku, Tỉnh Gia Lai",2021-10-27,2021-12-15,2149-06-06,Tỉnh Gia Lai,"21",Miền Trung - KV28,Miền Trung,Phường Hội Thương,"23566",2026-05-13
SHOP_174,"[""F""]","LC LĐG 276 Đường ĐT717, X. Đồng Kho","276 Đường ĐT717, X. Đồng Kho, H. Tánh Linh, Tỉnh Bình Thuận",2023-12-16,2023-11-25,2149-06-06,Tỉnh Bình Thuận,"11",Miền Đông - KV28,Miền Đông,Xã Đồng Kho,"23173",2026-05-13
SHOP_175,"[""F""]","LC LĐG 169 Nguyễn Tất Thành, X. Bắc Bình","169 Nguyễn Tất Thành, TT. Chợ Lầu, H. Bắc Bình, Tỉnh Bình Thuận",2023-10-05,2023-09-18,2149-06-06,Tỉnh Bình Thuận,"11",Miền Đông - KV33,Miền Đông,Thị trấn Chợ Lầu,"23005",2026-05-13
SHOP_176,"[""F""]","LC HCM 15/1 Nguyễn Cảnh Chân, P. Cầu Ông Lãnh","TK 15/1 Nguyễn Cảnh Chân, P. Cầu Kho, Q. 1, TP. Hồ Chí Minh",2024-06-06,2024-05-18,2149-06-06,Hồ Chí Minh,"23",Hồ Chí Minh 1 - KV6,Hồ Chí Minh 1,Phường Cầu Kho,"26761",2026-05-13
SHOP_177,"[""F""]","LC HCM 548 Đinh Đức Thiện, X. Bình Chánh","548 Đinh Đức Thiện, X. Tân Quý Tây, H. Bình Chánh, TP. Hồ Chí Minh",2149-06-06,2026-01-28,2149-06-06,Hồ Chí Minh,"23",Hồ Chí Minh 1 - KV38,Hồ Chí Minh 1,Xã Tân Quý Tây,"27634",2026-05-13
SHOP_178,"[""F""]","LC DNI 332 Quốc Lộ 1A, X. Xuân Hòa","332 Quốc Lộ 1A, X. Xuân Hòa, H. Xuân Lộc, Tỉnh Đồng Nai",2023-10-27,2023-09-30,2149-06-06,Tỉnh Đồng Nai,"18",Miền Đông - KV23,Miền Đông,Xã Xuân Hòa,"26443",2026-05-13
SHOP_179,"[""F""]","LC GLI 02 Lý Thường Kiệt, P. Quy Nhơn","02 Lý Thường Kiệt, P. Lê Hồng Phong, TP. Quy Nhơn, Tỉnh Bình Định",2022-09-07,2022-09-21,2149-06-06,Tỉnh Bình Định,"3",Miền Trung - KV5,Miền Trung,Phường Lê Hồng Phong,"21571",2026-05-13
SHOP_18,"[""F""]","LC BNH 300 Lê Lợi, P. Bắc Giang","300 Lê Lợi, P. Hoàng Văn Thụ, TP. Bắc Giang, Tỉnh Bắc Giang",2022-07-13,2022-07-19,2149-06-06,Tỉnh Bắc Giang,"4",Hà Nội - KV11,Hà Nội,Phường Hoàng Văn Thụ,"7210",2026-05-13
SHOP_180,"[""F""]","LC HPG 841 Mạc Đăng Doanh, P. Hưng Đạo","841 Mạc Đăng Doanh, P. Đa Phúc, Q. Dương Kinh, TP. Hải Phòng",2149-06-06,2026-02-09,2149-06-06,Hải Phòng,"28",Miền Bắc 2 - KV18,Miền Bắc 2,Phường Đa Phúc,"11683",2026-05-13
SHOP_181,"[""F""]","LC THA TDP Liên Hải, P. Nghi Sơn","Tổ Dân phố Liên Hải, Phường Hải Thượng, Thị xã Nghi Sơn, Tỉnh Thanh Hóa",2149-06-06,2025-09-25,2149-06-06,Tỉnh Thanh Hóa,"57",Miền Bắc 2 - KV10,Miền Bắc 2,Phường Hải Thượng,"90136",2026-05-13
SHOP_182,"[""F""]","LC DAG 01-03 Quốc Lộ 1A, P. Điện Bàn Bắc","01-03 Quốc Lộ 1A, P. Điện Thắng Bắc, TX. Điện Bàn, Tỉnh Quảng Nam",2024-11-22,2024-10-16,2149-06-06,Tỉnh Quảng Nam,"51",Miền Trung - KV12,Miền Trung,Phường Điện Thắng Bắc,"20560",2026-05-13
SHOP_183,"[""F""]","LC AGG 58-60 Nguyễn Tri Phương, P. Tân Châu","58-60 Nguyễn Tri Phương, Phường Long Thạnh, Thị Xã Tân Châu, Tỉnh An Giang",2149-06-06,2025-09-16,2149-06-06,Tỉnh An Giang,"1",Miền Tây Nam Bộ - KV28,Miền Tây,Phường Long Thạnh,"30376",2026-05-13
SHOP_184,"[""F""]","LC BNH 789A Lê Lợi, P. Bắc Giang","789A Lê Lợi, P. Dĩnh Kế, TP. Bắc Giang, Tỉnh Bắc Giang",2023-07-11,2023-05-22,2149-06-06,Tỉnh Bắc Giang,"4",Hà Nội - KV11,Hà Nội,Phường Dĩnh Kế,"7231",2026-05-13
SHOP_185,"[""F""]","LC LCI 104 Quang Trung, X. Văn Bàn","104 Quang Trung, TT. Khánh Yên, H. Văn Bàn, Tỉnh Lào Cai",2023-06-23,2023-05-20,2149-06-06,Tỉnh Lào Cai,"38",Miền Bắc 1 - KV10,Miền Bắc 1,Thị trấn Khánh Yên,"3055",2026-05-13
SHOP_186,"[""F""]","LC NBH Xóm Bắc Giao Cù Trung, X. Nam Đồng","Xóm Bắc Giao Cù Trung, X. Đồng Sơn, H. Nam Trực, Tỉnh Nam Định",2025-11-07,2025-10-14,2149-06-06,Tỉnh Nam Định,"44",Miền Bắc 2 - KV21,Miền Bắc 2,Xã Đồng Sơn,"14014",2026-05-13
SHOP_187,"[""F""]","LC TNN 101 Hoàng Trường Minh, P. Bắc Kạn","101 Hoàng Trường Minh, P. Sông Cầu, TP. Bắc Kạn, Tỉnh Bắc Kạn",2023-04-18,2023-01-30,2149-06-06,Tỉnh Bắc Kạn,"5",Miền Bắc 1 - KV19,Miền Bắc 1,Phường Sông Cầu,"1837",2026-05-13
SHOP_188,"[""VACCINE""]","VX AGG 327 Nguyễn Trung Trực, Đặc khu Phú Quốc","327 Nguyễn Trung Trực, P. Dương Đông, TP. Phú Quốc, Tỉnh Kiên Giang",2024-06-14,2024-06-12,2149-06-06,Tỉnh Kiên Giang,"34",Miền Tây Nam Bộ - KV14,Miền Tây,Phường Dương Đông,"31078",2026-05-13
SHOP_189,"[""F""]","LC DAG 254 Âu Cơ, P. Liên Chiểu","254 Âu Cơ, P. Hoà Khánh Bắc, Q. Liên Chiểu, TP. Đà Nẵng",2022-03-09,2022-03-18,2149-06-06,Đà Nẵng,"17",Miền Trung - KV8,Miền Trung,Phường Hòa Khánh Bắc,"20197",2026-05-13
SHOP_19,"[""F""]","LC AGG Ấp Suối Đá, Đặc khu Phú Quốc","Ấp Suối Đá, X. Dương Tơ, TP. Phú Quốc, Tỉnh Kiên Giang",2023-09-12,2023-08-13,2149-06-06,Tỉnh Kiên Giang,"34",Miền Tây Nam Bộ - KV10,Miền Tây,Xã Dương Tơ,"31096",2026-05-13
SHOP_190,"[""F""]","LC HCM 69B Đình Phong Phú, P. Tăng Nhơn Phú","69B Đình Phong Phú, P. Tăng Nhơn Phú B, TP. Thủ Đức, TP. Hồ Chí Minh",2022-04-12,2022-04-30,2149-06-06,Hồ Chí Minh,"23",Hồ Chí Minh 2 - KV3,Hồ Chí Minh 2,Phường Tăng Nhơn Phú B,"90104",2026-05-13
SHOP_191,"[""F""]","LC HCM 55 Đường N1, P. Thới Hòa","55 Đường N1, P. Thới Hòa, TX. Bến Cát, Tỉnh Bình Dương",2021-12-06,2021-12-27,2149-06-06,Tỉnh Bình Dương,"2",Hồ Chí Minh 2 - KV11,Hồ Chí Minh 2,Phường Thới Hòa,"25846",2026-05-13
SHOP_192,"[""VACCINE""]","VX DLK 219 Ngô Quyền, P. Tân An","219 Ngô Quyền, Phường Tân An, Thành Phố Buôn Ma Thuột, Tỉnh Đắk Lắk",2025-10-25,2025-10-28,2149-06-06,Tỉnh Đắk Lắk,"16",Miền Đông - KV8,Miền Đông,Phường Tân An,"24124",2026-05-13
SHOP_193,"[""F""]","LC QNI Xóm 7, X. Thọ Phong","Xóm 7, Thôn Phong Niên Thượng, X. Tịnh Phong, H. Sơn Tịnh, Tỉnh Quảng Ngãi",2023-07-20,2023-07-01,2149-06-06,Tỉnh Quảng Ngãi,"50",Miền Trung - KV20,Miền Trung,Xã Tịnh Phong,"21181",2026-05-13
SHOP_194,"[""VACCINE""]","VX HPG TDP Mánh, P. Thủy Nguyên","TDP Mánh, P. Thủy Đường, TP. Thủy Nguyên, TP. Hải Phòng",2025-06-27,2025-06-24,2149-06-06,Hải Phòng,"28",Miền Bắc 2 - KV6,Miền Bắc 2,Phường Thủy Đường,"11563",2026-05-13
SHOP_195,"[""F""]","LC CTO 1705 Bùi Hữu Nghĩa, P. Long Tuyền","1705 Bùi Hữu Nghĩa, P. Long Tuyền, Q. Bình Thủy, TP. Cần Thơ",2022-05-14,2022-05-30,2149-06-06,Cần Thơ,"14",Miền Tây Nam Bộ - KV17,Miền Tây,Phường Long Tuyền,"31183",2026-05-13
SHOP_196,"[""F""]","LC SLA Tiểu Khu 1, X. Phù Yên","Tiểu Khu 1, TT. Phù Yên, H. Phù Yên, Tỉnh Sơn La",2023-06-28,2023-06-06,2149-06-06,Tỉnh Sơn La,"53",Miền Bắc 1 - KV9,Miền Bắc 1,Thị trấn Phù Yên,"3898",2026-05-13
SHOP_197,"[""VACCINE""]","VX DNI 126 Quốc Lộ 1A, X. Trảng Bom","126 Quốc Lộ 1A, TT Trảng Bom, H. Trảng Bom, Tỉnh Đồng Nai",2024-09-27,2024-09-18,2149-06-06,Tỉnh Đồng Nai,"18",Miền Đông - KV34,Miền Đông,Thị trấn Trảng Bom,"26248",2026-05-13
SHOP_198,"[""F""]","LC LCU 829 Lê Lợi, X. Tân Uyên","829 Lê Lợi, TT. Tân Uyên, H. Tân Uyên, Tỉnh Lai Châu",2026-01-28,2026-01-16,2149-06-06,Tỉnh Lai Châu,"39",Miền Bắc 1 - KV10,Miền Bắc 1,Thị trấn Tân Uyên,"3598",2026-05-13
SHOP_199,"[""F""]","LC HPG TDP Minh Kha, P. An Hải","TDP Minh Kha, P. Đồng Thái, Q. An Dương, TP. Hải Phòng",2025-06-14,2025-04-19,2149-06-06,Hải Phòng,"28",Miền Bắc 2 - KV6,Miền Bắc 2,Phường Đồng Thái,"11617",2026-05-13
SHOP_2,"[""VACCINE""]","VX HTH 189 Trần Phú, P. Bắc Hồng Lĩnh","189 Trần Phú, P. Bắc Hồng, TX. Hồng Lĩnh, Tỉnh Hà Tĩnh",2025-07-18,2025-07-15,2149-06-06,Tỉnh Hà Tĩnh,"29",Miền Trung - KV13,Miền Trung,Phường Bắc Hồng,"18115",2026-05-13
SHOP_20,"[""F""]","LC VLG 159A Đường ĐT 884, P. Phú Tân","159A Đường ĐT 884, P. Phú Tân, TP. Bến Tre, Tỉnh Bến Tre",2024-08-10,2024-07-31,2149-06-06,Tỉnh Bến Tre,"10",Miền Tây Nam Bộ - KV18,Miền Tây,Phường Phú Tân,"28757",2026-05-13
SHOP_200,"[""F""]","LC LĐG A35 Hùng Vương, P. Phú Thuỷ","A35 Hùng Vương, P. Phú Thủy, TP. Phan Thiết, Tỉnh Bình Thuận",2025-06-04,2025-05-15,2149-06-06,Tỉnh Bình Thuận,"11",Miền Đông - KV6,Miền Đông,Phường Phú Thủy,"22924",2026-05-13
SHOP_201,"[""F""]","LC DTP 95 Đường DT867, X. Tân Phước 1","95 Đường DT867, TT. Mỹ Phước, H. Tân Phước, Tỉnh Tiền Giang",2022-08-09,2022-08-28,2149-06-06,Tỉnh Tiền Giang,"56",Miền Tây Nam Bộ - KV13,Miền Tây,Thị trấn Mỹ Phước,"28321",2026-05-13
SHOP_202,"[""F""]","LC BNH 87 Lãm Làng, P. Nam Sơn","87 Lãm Làng, P. Vân Dương, TP. Bắc Ninh, Tỉnh Bắc Ninh",2024-09-28,2024-09-05,2149-06-06,Tỉnh Bắc Ninh,"7",Hà Nội - KV34,Hà Nội,Phường Vân Dương,"9271",2026-05-13
SHOP_203,"[""F""]","LC HNI 167 Liên Hà, X. Thư Lâm","167 Liên Hà, X. Liên Hà, H. Đông Anh, TP. Hà Nội",2024-06-21,2024-05-02,2149-06-06,Hà Nội,"26",Hà Nội - KV12,Hà Nội,Xã Liên Hà,"484",2026-05-13
SHOP_204,"[""F""]","LC PTO Khu 2, X. Bản Nguyên","Khu 2, X. Bản Nguyên, H. Lâm Thao, Tỉnh Phú Thọ",2023-08-23,2023-07-18,2149-06-06,Tỉnh Phú Thọ,"46",Miền Bắc 1 - KV1,Miền Bắc 1,Xã Bản Nguyên,"8539",2026-05-13
SHOP_205,"[""F""]","LC HNI Đường Cái, P. Thanh Trì","Đường Cái, Thôn Tự Khoát, X. Ngũ Hiệp, H. Thanh Trì, TP. Hà Nội",2149-06-06,2025-08-19,2149-06-06,Hà Nội,"26",Hà Nội - KV30,Hà Nội,Xã Ngũ Hiệp,"667",2026-05-13
SHOP_206,"[""F""]","LC DLK 1 Tỉnh Lộ 5, P. Buôn Ma Thuột","1 Tỉnh Lộ 5, X. Cư Êbur, TP. Buôn Ma Thuột, Tỉnh Đắk Lắk",2025-05-30,2025-05-03,2149-06-06,Tỉnh Đắk Lắk,"16",Miền Đông - KV3,Miền Đông,Xã Cư ÊBur,"24160",2026-05-13
SHOP_207,"[""F""]","LC NBH 18A Phát Diệm Đông, X. Phát Diệm","18A Phát Diệm Đông, TT. Phát Diệm, H. Kim Sơn, Tỉnh Ninh Bình",2021-07-21,2021-06-15,2149-06-06,Tỉnh Ninh Bình,"43",Miền Bắc 2 - KV11,Miền Bắc 2,Thị trấn Phát Diệm,"14620",2026-05-13
SHOP_208,"[""F""]","LC PTO Thôn Nhật Chiêu 4, X. Liên Châu","Thôn Nhật Chiêu 4, X. Liên Châu, H. Yên Lạc, Tỉnh Vĩnh Phúc",2025-06-02,2025-05-05,2149-06-06,Tỉnh Vĩnh Phúc,"63",Miền Bắc 1 - KV3,Miền Bắc 1,Xã Liên Châu,"9064",2026-05-13
SHOP_209,"[""F""]","LC NAN 1-2-3-4 Chợ Ga, Phan Bội Châu, P. Thành Vinh","1-2-3-4 Chợ Ga, Phan Bội Châu, P. Lê Lợi, TP. Vinh, Tỉnh Nghệ An",2021-05-12,2021-04-09,2149-06-06,Tỉnh Nghệ An,"42",Miền Trung - KV7,Miền Trung,Phường Lê Lợi,"16669",2026-05-13
SHOP_21,"[""F""]","LC DAG 264 Ông Ích Khiêm, P. Thanh Khê","264-266 Ông Ích Khiêm, P. Tân Chính, Q. Thanh Khê, TP. Đà Nẵng",2020-10-14,2020-07-21,2149-06-06,Đà Nẵng,"17",Miền Trung - KV4,Miền Trung,Phường Tân Chính,"20212",2026-05-13
SHOP_210,"[""F""]","LC HCM 730 Lạc Long Quân, P. Tân Hòa","730 Lạc Long Quân, P. 9, Q. Tân Bình, TP. Hồ Chí Minh",2021-09-19,2021-12-06,2149-06-06,Hồ Chí Minh,"23",Hồ Chí Minh 1 - KV24,Hồ Chí Minh 1,Phường 9,"27001",2026-05-13
SHOP_211,"[""VACCINE""]","VX HCM 74-76 Tô Ngọc Vân, P. Thủ Đức","74 -76 Tô Ngọc Vân, P. Linh Tây, TP. Thủ Đức, TP. Hồ Chí Minh",2024-04-12,2024-04-09,2149-06-06,Hồ Chí Minh,"23",Hồ Chí Minh 2 - KV3,Hồ Chí Minh 2,Phường Linh Tây,"26818",2026-05-13
SHOP_212,"[""F""]","LC DAG 26 Hoàng Việt, P. An Hải","26 Hoàng Việt, P. An Hải Bắc, Q. Sơn Trà, TP. Đà Nẵng",2021-11-13,2021-06-21,2149-06-06,Đà Nẵng,"17",Miền Trung - KV30,Miền Trung,Phường An Hải Bắc,"20272",2026-05-13
SHOP_213,"[""F""]","LC LCI 1 Tuệ Tĩnh, X. Mậu A","1 Tuệ Tĩnh, TT. Mậu A, H. Văn Yên, Tỉnh Yên Bái",2024-12-05,2024-11-15,2149-06-06,Tỉnh Yên Bái,"64",Miền Bắc 1 - KV11,Miền Bắc 1,Thị trấn Mậu A,"4375",2026-05-13
SHOP_214,"[""F""]","LC LĐG 103 Thôn Hòa Phong, X. Đắk Sắk","103 Thôn Hòa Phong, X. Đắk Sắk, H. Đắk Mil, Tỉnh Đắk Nông",2023-09-20,2023-07-27,2149-06-06,Tỉnh Đăk Nông,"19",Miền Đông - KV35,Miền Đông,Xã Đắk Sắk,"24679",2026-05-13
SHOP_215,"[""DANT""]",HUB NT HCM 106-108 Tô Ngọc Vân,"106-108 Tô Ngọc Vân, P. Linh Tây, TP. Thủ Đức, TP. Hồ Chí Minh",2149-06-06,2023-04-26,2025-01-01,Hồ Chí Minh,"23",HCM - DANT KV 1,Hồ Chí Minh 1,Phường Linh Tây,"26818",2026-05-13
SHOP_216,"[""F""]","LC TTH 28 Yết Kiêu, P. Phú Xuân","28 Yết Kiêu, P. Thuận Hòa, Q. Phú Xuân, TP. Huế",2023-08-27,2023-07-02,2149-06-06,Huế,"31",Miền Trung - KV24,Miền Trung,Phường Thuận Hòa,"19762",2026-05-13
SHOP_217,"[""F""]","LC DNI 223 Đường DT741, X. Đồng Phú","223 Đường DT741, P. Tân Lập, H. Đồng Phú, Tỉnh Bình Phước",2024-12-26,2024-12-10,2149-06-06,Tỉnh Bình Phước,"8",Miền Đông - KV26,Miền Đông,Xã Tân Lập,"25381",2026-05-13
SHOP_218,"[""F""]","LC DNI 49 Đường ĐT759B, X. Tân Tiến","49 Đường ĐT759B, X. Tân Thành, H. Bù Đốp, Tỉnh Bình Phước",2023-08-23,2023-07-30,2149-06-06,Tỉnh Bình Phước,"8",Miền Đông - KV19,Miền Đông,Xã Tân Thành,"25318",2026-05-13
SHOP_219,"[""F""]","LC LĐG 101 Nguyễn Thông, P. Phú Thủy","101 Nguyễn Thông, P. Phú Hài, TP. Phan Thiết, Tỉnh Bình Thuận",2023-02-22,2023-02-08,2149-06-06,Tỉnh Bình Thuận,"11",Miền Đông - KV6,Miền Đông,Phường Phú Hài,"22921",2026-05-13
SHOP_22,"[""VACCINE""]","VX HNI Tầng 1 Tòa Nhà CT4A, KĐT Bắc Linh Đàm, P. Định Công","Tầng 1, Tòa Nhà CT4A, KĐT Bắc Linh Đàm, P. Đại Kim, Q. Hoàng Mai, TP. Hà Nội",2024-08-02,2024-07-30,2149-06-06,Hà Nội,"26",Hà Nội - KV17,Hà Nội,Phường Đại Kim,"316",2026-05-13
SHOP_220,"[""F""]","LC TQG 43 Trần Phú, X. Quản Bạ","43 Trần Phú, TT. Tam Sơn, H. Quản Bạ, Tỉnh Hà Giang",2023-12-10,2023-11-18,2149-06-06,Tỉnh Hà Giang,"25",Miền Bắc 1 - KV16,Miền Bắc 1,Thị trấn Tam Sơn,"874",2026-05-13
SHOP_221,"[""F""]","LC NBH 439 Trần Hưng Đạo, P. Phủ Lý","439 Trần Hưng Đạo, P. Châu Cầu, TP. Phủ Lý, Tỉnh Hà Nam",2023-04-18,2023-03-26,2149-06-06,Tỉnh Hà Nam,"27",Miền Bắc 2 - KV3,Miền Bắc 2,Phường Châu Cầu,"90515",2026-05-13
SHOP_222,"[""F""]","LC HCM 259 Đường 750, X. An Long","259 Đường 750, Xã Tân Long, Huyện Phú Giáo, Tỉnh Bình Dương",2025-12-19,2025-12-02,2149-06-06,Tỉnh Bình Dương,"2",Hồ Chí Minh 2 - KV14,Hồ Chí Minh 2,Xã Tân Long,"25879",2026-05-13
SHOP_223,"[""F""]","LC KHA 165 Đường 2/4, P. Bắc Nha Trang","165 Đường 2/4, P. Vĩnh Hòa, TP. Nha Trang, Tỉnh Khánh Hoà",2023-03-06,2023-02-07,2149-06-06,Tỉnh Khánh Hòa,"35",Miền Đông - KV27,Miền Đông,Phường Vĩnh Hòa,"22327",2026-05-13
SHOP_224,"[""F""]","LC HCM 14 Bình Phú, P. Bình Phú","14 Bình Phú, P. 11, Q. 6, TP. Hồ Chí Minh",2023-05-09,2021-09-28,2149-06-06,Hồ Chí Minh,"23",Hồ Chí Minh 1 - KV7,Hồ Chí Minh 1,Phường 11,"27364",2026-05-13
SHOP_225,"[""VACCINE""]","VX HNI 27-29 Vạn Phúc, P. Hà Đông","27-29 Vạn Phúc, P. Vạn Phúc, Q. Hà Đông, TP. Hà Nội",2024-03-01,2024-02-27,2149-06-06,Hà Nội,"26",Hà Nội - KV1,Hà Nội,Phường Vạn Phúc,"9544",2026-05-13
SHOP_226,"[""F""]","LC HPG 343 Nguyễn Chế Nghĩa, X. Gia Lộc","343 Nguyễn Chế Nghĩa, TT. Gia Lộc, H. Gia Lộc, Tỉnh Hải Dương",2021-07-08,2021-06-24,2149-06-06,Tỉnh Hải Dương,"24",Miền Bắc 2 - KV4,Miền Bắc 2,Thị trấn Gia Lộc,"10999",2026-05-13
SHOP_227,"[""VACCINE""]","VX BNH 143 Trần Hưng Đạo, P. Quế Võ","143 Trần Hưng Đạo, P. Phố Mới, TX. Quế Võ, Tỉnh Bắc Ninh",2024-06-07,2024-06-04,2149-06-06,Tỉnh Bắc Ninh,"7",Hà Nội - KV34,Hà Nội,Phường Phố Mới,"9247",2026-05-13
SHOP_228,"[""F""]","LC HCM 51 Cách Mạng Tháng 8, P. Lái Thiêu","51 Cách Mạng Tháng Tám, P. Lái Thiêu, TP. Thuận An, Tỉnh Bình Dương",2024-06-07,2024-04-21,2149-06-06,Tỉnh Bình Dương,"2",Hồ Chí Minh 2 - KV5,Hồ Chí Minh 2,Phường Lái Thiêu,"25966",2026-05-13
SHOP_229,"[""F""]","LC HCM 38 Liêu Bình Hương, X. Củ Chi","38 Liêu Bình Hương, X. Tân Thông Hội, H. Củ Chi, TP. Hồ Chí Minh",2024-05-23,2024-04-28,2149-06-06,Hồ Chí Minh,"23",Hồ Chí Minh 1 - KV18,Hồ Chí Minh 1,Xã Tân Thông Hội,"27556",2026-05-13
SHOP_23,"[""HOPE""]","HOPE DNI Tầng 9 1048A Phạm Văn Thuận, P. Tam HiệP","Tầng 9, 1048A Phạm Văn Thuận, P. Tân Mai, TP. Biên Hòa, Tỉnh Đồng Nai",2149-06-06,2023-09-12,2149-06-06,Tỉnh Đồng Nai,"18",Miền Đông - KV5,Miền Đông,Phường Tân Mai,"26026",2026-05-13
SHOP_230,"[""F""]","LC DNI ĐT755, X. Phước Sơn","Đường ĐT755, X. Thống Nhất, H. Bù Đăng, Tỉnh Bình Phước",2023-08-23,2023-08-05,2149-06-06,Tỉnh Bình Phước,"8",Miền Đông - KV22,Miền Đông,Xã Thống Nhất,"25420",2026-05-13
SHOP_231,"[""F""]","LC HCM 955 Đoàn Nguyên Tuấn, X. Hưng Long","955 Đoàn Nguyên Tuấn, X. Hưng Long, H. Bình Chánh, TP. Hồ Chí Minh",2023-03-24,2023-03-11,2149-06-06,Hồ Chí Minh,"23",Hồ Chí Minh 1 - KV38,Hồ Chí Minh 1,Xã Hưng Long,"27628",2026-05-13
SHOP_232,"[""F""]","LC QNH 211 Nguyễn Bình, P. Đông Triều","211 Nguyễn Bình, P. Đức Chính, TP. Đông Triều, Tỉnh Quảng Ninh",2023-07-19,2023-06-28,2149-06-06,Tỉnh Quảng Ninh,"49",Miền Bắc 2 - KV5,Miền Bắc 2,Phường Đức Chính,"7093",2026-05-13
SHOP_233,"[""F""]","LC HNI 269 Phố Mới, X. Liên Minh","269 Phố Mới, X. Thọ Xuân, H. Đan Phượng, TP. Hà Nội",2023-05-18,2023-03-13,2149-06-06,Hà Nội,"26",Hà Nội - KV15,Hà Nội,Xã Thọ Xuân,"9793",2026-05-13
SHOP_234,"[""F""]","LC LĐG Thôn 3A, X. Quảng Sơn","Thôn 3A, X. Quảng Sơn, H. Đắk Glong, Tỉnh Đắk Nông",2024-08-16,2024-07-21,2149-06-06,Tỉnh Đăk Nông,"19",Miền Đông - KV30,Miền Đông,Xã Quảng Sơn,"24616",2026-05-13
SHOP_235,"[""F""]","LC DAG 80 Hùng Vương, P. Tam Kỳ","80 Hùng Vương, P. An Mỹ, TP. Tam Kỳ, Tỉnh Quảng Nam",2021-12-21,2021-10-04,2149-06-06,Tỉnh Quảng Nam,"51",Miền Trung - KV3,Miền Trung,Phường An Mỹ,"20341",2026-05-13
SHOP_236,"[""F""]","LC HNI 105 Phố Huyện, X. Quốc Oai","105 Phố Huyện, TT. Quốc Oai, H. Quốc Oai, TP. Hà Nội",2024-01-30,2023-03-16,2149-06-06,Hà Nội,"26",Hà Nội - KV6,Hà Nội,Thị trấn Quốc Oai,"9895",2026-05-13
SHOP_237,"[""F""]","LC HNI 202-204 Xuân Phương, P. Xuân Phương","202-204 Xuân Phương, X. Vân Canh, H. Hoài Đức, TP. Hà Nội",2021-10-24,2021-07-01,2149-06-06,Hà Nội,"26",Hà Nội - KV10,Hà Nội,Xã Vân Canh,"9862",2026-05-13
SHOP_238,"[""F""]","LC LĐG 507 Thống Nhất, X. Đức Trọng","507 Thống Nhất, TT. Liên Nghĩa, H. Đức Trọng, Tỉnh Lâm Đồng",2022-08-09,2022-08-23,2149-06-06,Tỉnh Lâm Đồng,"40",Miền Đông - KV36,Miền Đông,Thị trấn Liên Nghĩa,"24958",2026-05-13
SHOP_239,"[""F""]","LC HCM 45/3 Tô Ngọc Vân, P. Thới An","45/3 Tô Ngọc Vân, P. Thạnh Xuân, Q. 12, TP. Hồ Chí Minh",2023-12-13,2023-11-21,2149-06-06,Hồ Chí Minh,"23",Hồ Chí Minh 1 - KV12,Hồ Chí Minh 1,Phường Thạnh Xuân,"26764",2026-05-13
SHOP_24,"[""F""]","LC TQG Xóm 4, X. Bắc Quang","Xóm 4, Thôn Pắc Há, X. Quang Minh, H. Bắc Quang, Tỉnh Hà Giang",2025-07-31,2025-07-03,2149-06-06,Tỉnh Hà Giang,"25",Miền Bắc 1 - KV16,Miền Bắc 1,Xã Quang Minh,"1189",2026-05-13
SHOP_240,"[""F""]","LC VLG Quốc Lộ 54, X. Tân Lược","Quốc lộ 54, X. Tân Lược, H. Bình Tân, Tỉnh Vĩnh Long",2025-07-02,2025-06-18,2149-06-06,Tỉnh Vĩnh Long,"62",Miền Tây Nam Bộ - KV29,Miền Tây,Xã Tân Lược,"29785",2026-05-13
SHOP_241,"[""F""]","LC PTO 72B Nguyễn Trãi, P. Phúc Yên","72B Nguyễn Trãi, P. Hùng Vương, TP. Phúc Yên, Tỉnh Vĩnh Phúc",2025-07-10,2025-06-27,2149-06-06,Tỉnh Vĩnh Phúc,"63",Miền Bắc 1 - KV5,Miền Bắc 1,Phường Hùng Vương,"8737",2026-05-13
SHOP_242,"[""F""]","LC HPG 35 Quyết Thắng, P. Nguyễn Trãi","35 Quyết Thắng, P. Bến Tắm, TP. Chí Linh, Tỉnh Hải Dương",2026-01-16,2025-12-02,2149-06-06,Tỉnh Hải Dương,"24",Miền Bắc 2 - KV23,Miền Bắc 2,Phường Bến Tắm,"10552",2026-05-13
SHOP_243,"[""F""]","LC DAG Thôn Hà Mỹ, X. Nam Phước","Thôn Hà Mỹ, Xã Duy Vinh, Huyện Duy Xuyên, Tỉnh Quảng Nam",2149-06-06,2025-11-07,2149-06-06,Tỉnh Quảng Nam,"51",Miền Trung - KV1,Miền Trung,Xã Duy Vinh,"20632",2026-05-13
SHOP_244,"[""F""]","LC HCM 6 Đường Số 6, P. Dĩ An","6 Đường Số 6, P. Dĩ An, TP. Dĩ An, Tỉnh Bình Dương",2022-02-11,2021-11-03,2149-06-06,Tỉnh Bình Dương,"2",Hồ Chí Minh 2 - KV2,Hồ Chí Minh 2,Phường Dĩ An,"25942",2026-05-13
SHOP_245,"[""F""]","LC HNI Quốc Lộc 32, X. Vật Lại","Quốc lộ 32, Thôn Tân Phú Mỹ, X. Vật Lại, H. Ba Vì, TP. Hà Nội",2023-02-28,2022-11-29,2149-06-06,Hà Nội,"26",Hà Nội - KV31,Hà Nội,Xã Vật Lại,"9664",2026-05-13
SHOP_246,"[""F""]","LC TNH 103B Nguyễn Cửu Vân, P. Long An","103B Nguyễn Cửu Vân, P. 4, TP. Tân An, Tỉnh Long An",2022-09-07,2022-09-30,2149-06-06,Tỉnh Long An,"37",Hồ Chí Minh 2 - KV22,Hồ Chí Minh 2,Phường 4,"27691",2026-05-13
SHOP_247,"[""DANT""]",HUB NT HCM 94-96 Nguyễn Văn Nghi,"94-96 Nguyễn Văn Nghi, P. 5, Q. Gò Vấp, TP. Hồ Chí Minh",2149-06-06,2023-04-26,2025-01-01,Hồ Chí Minh,"23",HCM - DANT KV 1,Hồ Chí Minh 1,Phường 5,"26887",2026-05-13
SHOP_248,"[""F""]","LC HNI Thôn Nguyên Hanh, X. Phú Xuyên","Thôn Nguyên Hanh, X. Văn Tự, H. Thường Tín, TP. Hà Nội",2025-05-10,2025-04-04,2149-06-06,Hà Nội,"26",Hà Nội - KV19,Hà Nội,Xã Văn Tự,"10261",2026-05-13
SHOP_249,"[""F""]","LC KHA 24 Phong Châu, P. Nam Nha Trang","24 Phong Châu, P. Phước Hải, TP. Nha Trang, Tỉnh Khánh Hòa",2021-12-27,2022-01-10,2149-06-06,Tỉnh Khánh Hòa,"35",Miền Đông - KV27,Miền Đông,Phường Phước Hải,"22357",2026-05-13
SHOP_25,"[""F""]","LC HCM 52 Nguyễn Sỹ Sách, P. Tân Sơn","52 Nguyễn Sỹ Sách, P. 15, Q. Tân Bình , TP. Hồ Chí Minh",2022-04-11,2022-04-21,2149-06-06,Hồ Chí Minh,"23",Hồ Chí Minh 1 - KV8,Hồ Chí Minh 1,Phường 15,"27007",2026-05-13
SHOP_250,"[""F""]","LC HCM 891 Nguyễn Trãi, P. Chợ Lớn","891 Nguyễn Trãi, P. 14, Q. 5, TP. Hồ Chí Minh",2021-12-03,2021-12-28,2149-06-06,Hồ Chí Minh,"23",Hồ Chí Minh 1 - KV29,Hồ Chí Minh 1,Phường 14,"27331",2026-05-13
SHOP_251,"[""F""]","LC HCM 40 Trần Thị Cờ, P. Thới An","40 Trần Thị Cờ, P. Thới An, Q. 12, TP. Hồ Chí Minh",2022-06-04,2022-06-22,2149-06-06,Hồ Chí Minh,"23",Hồ Chí Minh 1 - KV35,Hồ Chí Minh 1,Phường Thới An,"26773",2026-05-13
SHOP_252,"[""F""]","LC TTH 199 Nguyễn Sinh Cung, P. Vỹ Dạ","199 Nguyễn Sinh Cung, P. Vỹ Dạ, Q. Thuận Hóa, TP. Huế",2025-05-24,2025-04-16,2149-06-06,Huế,"31",Miền Trung - KV23,Miền Trung,Phường Vỹ Dạ,"19777",2026-05-13
SHOP_253,"[""F""]","LC HCM 379-381 Hai Bà Trưng, P. Xuân Hòa","379-381 Hai Bà Trưng, P. Võ Thị Sáu, Q. 3, TP. Hồ Chí Minh",2017-07-05,2017-07-05,2149-06-06,Hồ Chí Minh,"23",Hồ Chí Minh 1 - KV10,Hồ Chí Minh 1,Phường Võ Thị Sáu,"90105",2026-05-13
SHOP_254,"[""F""]","LC DNI 151 Quốc Lộ 51, P. Long Hưng","151 Quốc Lộ 51, P. Long Bình Tân, TP. Biên Hoà, Tỉnh Đồng Nai",2024-05-20,2024-04-08,2149-06-06,Tỉnh Đồng Nai,"18",Miền Đông - KV7,Miền Đông,Phường Long Bình Tân,"26056",2026-05-13
SHOP_255,"[""F""]","LC PTO 88 Nguyễn Viết Xuân, P. Vĩnh Phúc","88 Nguyễn Viết Xuân, P. Đống Đa, TP. Vĩnh Yên, Tỉnh Vĩnh Phúc",2021-08-30,2021-09-29,2149-06-06,Tỉnh Vĩnh Phúc,"63",Miền Bắc 1 - KV12,Miền Bắc 1,Phường Đống Đa,"8716",2026-05-13
SHOP_256,"[""F""]","LC CMU 486-486A Trần Phú, P. Bạc Liêu","486-486A Trần Phú, P. 7, TP. Bạc Liêu, Tỉnh Bạc Liêu",2149-06-06,2023-10-01,2149-06-06,Tỉnh Bạc Liêu,"6",Miền Tây Nam Bộ - KV24,Miền Tây,Phường 7,"31822",2026-05-13
SHOP_257,"[""F""]","LC HCM C2/14 Dân Công Hỏa Tuyến, X. Vĩnh Lộc","C2/14 Dân Công Hỏa Tuyến, X. Vĩnh Lộc A, H. Bình Chánh, TP. Hồ Chí Minh",2022-04-23,2022-05-11,2149-06-06,Hồ Chí Minh,"23",Hồ Chí Minh 1 - KV11,Hồ Chí Minh 1,Xã Vĩnh Lộc A,"27601",2026-05-13
SHOP_258,"[""F""]","LC CMU 300 Quốc Lộ 1A, X. Phong Thạnh","300 Quốc Lộ 1A, X. Tân Phong, TX. Giá Rai, Tỉnh Bạc Liêu",2023-06-29,2023-06-16,2149-06-06,Tỉnh Bạc Liêu,"6",Miền Tây Nam Bộ - KV11,Miền Tây,Xã Tân Phong,"31957",2026-05-13
SHOP_259,"[""F""]","LC DNI 328 Hồng Thập Tự, P. Long Khánh","328 Hồng Thập Tự, P. Xuân Trung, TP. Long Khánh, Tỉnh Đồng Nai",2023-06-16,2023-05-07,2149-06-06,Tỉnh Đồng Nai,"18",Miền Đông - KV16,Miền Đông,Phường Xuân Trung,"26071",2026-05-13
SHOP_26,"[""F""]","LC NAN 34 Đào Tấn, P. Thành Vinh","34 Đào Tấn, P. Đội Cung, TP. Vinh, Tỉnh Nghệ An",2023-06-08,2023-04-18,2149-06-06,Tỉnh Nghệ An,"42",Miền Trung - KV7,Miền Trung,Phường Đội Cung,"16684",2026-05-13
SHOP_260,"[""F""]","LC BNH TDP Vân Cốc 3, P. Nếnh","Tổ Dân Phố Vân Cốc 3, P. Nếnh, TX. Việt Yên, Tỉnh Bắc Giang",2026-01-09,2025-11-17,2149-06-06,Tỉnh Bắc Giang,"4",Hà Nội - KV11,Hà Nội,Phường Nếnh,"7756",2026-05-13
SHOP_261,"[""F""]","LC LĐG 300 Nguyễn Tất Thành, X. Cư Jut","300 Nguyễn Tất Thành, TT. Ea TLing, H. Cư Jut, Tỉnh Đắk Nông",2021-12-27,2022-01-08,2149-06-06,Tỉnh Đăk Nông,"19",Miền Đông - KV8,Miền Đông,Thị trấn Ea T'Ling,"24640",2026-05-13
SHOP_262,"[""F""]","LC HNI 70 Phúc Tân, P. Hồng Hà","70 Phúc Tân, P. Phúc Tân, Q. Hoàn Kiếm, TP. Hà Nội",2024-06-13,2024-05-19,2149-06-06,Hà Nội,"26",Hà Nội - KV32,Hà Nội,Phường Phúc Tân,"37",2026-05-13
SHOP_263,"[""F""]","LC HCM 165-167 Lạc Long Quân, P. Bình Thới","165-167 Lạc Long Quân, P. 3, Q. 11, TP. Hồ Chí Minh",2022-11-01,2022-10-20,2149-06-06,Hồ Chí Minh,"23",Hồ Chí Minh 1 - KV24,Hồ Chí Minh 1,Phường 3,"27220",2026-05-13
SHOP_264,"[""F""]","LC NAN 24 Kim Liên, P. Thành Vinh","24 Kim Liên, X. Hưng Chính, TP. Vinh, Tỉnh Nghệ An",2023-05-12,2023-03-31,2149-06-06,Tỉnh Nghệ An,"42",Miền Trung - KV7,Miền Trung,Xã Hưng Chính,"18013",2026-05-13
SHOP_265,"[""F""]","LC DNI 13/3 Quốc Lộ 56, X. Cẩm Mỹ","13/3 Quốc Lộ 56, Ấp Duyên Lãng, X. Nhân Nghĩa, H. Cẩm Mỹ, Tỉnh Đồng Nai",2022-01-10,2022-03-09,2149-06-06,Tỉnh Đồng Nai,"18",Miền Đông - KV16,Miền Đông,Xã Nhân Nghĩa,"26335",2026-05-13
SHOP_266,"[""F""]","LC CTO 119 Nguyễn Trọng Quyền, X. Trung Hưng","119 Nguyễn Trọng Quyền, X. Trung Thạnh, H. Cờ Đỏ, TP. Cần Thơ",2149-06-06,2026-03-04,2149-06-06,Cần Thơ,"14",Miền Tây Nam Bộ - KV25,Miền Tây,Xã Trung Thạnh,"31225",2026-05-13
SHOP_267,"[""F""]","LC HYN Ngã Tư Ba Hàng, X. Tân Hưng","Ngã Tư Ba Hàng, X. Thủ Sỹ, H. Tiên Lữ, Tỉnh Hưng Yên",2025-12-06,2025-11-03,2149-06-06,Tỉnh Hưng Yên,"33",Miền Bắc 2 - KV16,Miền Bắc 2,Xã Thủ Sỹ,"12367",2026-05-13
SHOP_268,"[""F""]","LC DAG Khối Phố Xuân Nam, P. Tam Kỳ","Khối Phố Xuân Nam, P. Trường Xuân, TP. Tam Kỳ, Tỉnh Quảng Nam",2025-07-05,2025-05-30,2149-06-06,Tỉnh Quảng Nam,"51",Miền Trung - KV3,Miền Trung,Phường Trường Xuân,"20353",2026-05-13
SHOP_269,"[""F""]","LC LĐG TDP8, X. Đức Lập","Tổ Dân Phố 8, TT. Đắk Mil, H. Đắk Mil, Tỉnh Đắk Nông",2025-03-01,2025-01-17,2149-06-06,Tỉnh Đăk Nông,"19",Miền Đông - KV35,Miền Đông,Thị trấn Đắk Mil,"24664",2026-05-13
SHOP_27,"[""VACCINE""]","VX HCM 268 Lê Hồng Phong, X. Ngãi Giao","268 Lê Hồng Phong, TT. Ngãi Giao, H. Châu Đức, Tỉnh Bà Rịa - Vũng Tàu",2025-05-23,2025-05-20,2149-06-06,Tỉnh Bà Rịa - Vũng Tàu,"9",Hồ Chí Minh 2 - KV1,Hồ Chí Minh 2,Thị trấn Ngãi Giao,"26575",2026-05-13
SHOP_270,"[""F""]","LC TNH Đường TL826, X. Rạch Kiến","Thửa Đất 151, Bản Đồ 4, Đường TL 826, X. Long Trạch, H. Cần Đước, Tỉnh Long An",2025-04-17,2025-04-03,2149-06-06,Tỉnh Long An,"37",Hồ Chí Minh 2 - KV28,Hồ Chí Minh 2,Xã Long Trạch,"28111",2026-05-13
SHOP_271,"[""F""]","LC HYN Tổ 13, X. Phụ Dực","Tổ 13, TT. An Bài, H. Quỳnh Phụ, Tỉnh Thái Bình",2025-04-10,2025-03-20,2149-06-06,Tỉnh Thái Bình,"55",Miền Bắc 2 - KV13,Miền Bắc 2,Thị trấn An Bài,"12523",2026-05-13
SHOP_272,"[""VACCINE""]","VX HCM 580 Nguyễn Duy Trinh, P. Bình Trưng","580-582 Nguyễn Duy Trinh, P. Bình Trưng Đông, TP. Thủ Đức, TP. Hồ Chí Minh",2023-07-01,2023-07-03,2149-06-06,Hồ Chí Minh,"23",Hồ Chí Minh 2 - KV20,Hồ Chí Minh 2,Phường Bình Trưng Đông,"90156",2026-05-13
SHOP_273,"[""F""]",LC BDG 1178 ĐT747,"1178C ĐT747 KP.Tân Mỹ, P. Thái Hoà, TX. Tân Uyên, Tỉnh Bình Dương",2149-06-06,2023-04-14,2024-09-25,Tỉnh Bình Dương,"2",Miền Đông - KV6,Miền Đông,Phường Thái Hòa,"25939",2026-05-13
SHOP_274,"[""F""]","LC LĐG 30 Nguyễn Hội, P. Phan Thiết","30 Nguyễn Hội, P. Phú Trinh, TP. Phan Thiết, Tỉnh Bình Thuận",2023-03-10,2020-01-07,2149-06-06,Tỉnh Bình Thuận,"11",Miền Đông - KV6,Miền Đông,Phường Phú Trinh,"22930",2026-05-13
SHOP_275,"[""F""]","LC AGG 170 Quốc Lộ 91, X. Châu Phú","170 Quốc Lộ 91, TT. Cái Dầu, H. Châu Phú, Tỉnh An Giang",2023-11-01,2023-10-07,2149-06-06,Tỉnh An Giang,"1",Miền Tây Nam Bộ - KV28,Miền Tây,Thị trấn Cái Dầu,"30463",2026-05-13
SHOP_276,"[""F""]","LC HCM 102 Lê Văn Duyệt, P. Gia Định","102 Lê Văn Duyệt, P. 1, Q. Bình Thạnh, TP. Hồ Chí Minh",2024-07-30,2024-07-04,2149-06-06,Hồ Chí Minh,"23",Hồ Chí Minh 1 - KV10,Hồ Chí Minh 1,Phường 1,"26944",2026-05-13
SHOP_277,"[""F""]","LC DTP 24 Thuộc Nhiêu-Dưỡng Điềm, X. Bình Trưng","24 Thuộc Nhiêu-Dưỡng Điềm, X. Bình Trưng, H. Châu Thành, Tỉnh Tiền Giang",2025-07-18,2025-06-26,2149-06-06,Tỉnh Tiền Giang,"56",Miền Tây Nam Bộ - KV26,Miền Tây,Xã Bình Trưng,"28564",2026-05-13
SHOP_278,"[""F""]","LC HPG 479 - 481 Lương Khánh Thiện, X. An Lão","479 - 481 Lương Khánh Thiện, TT. Trường Sơn, H. An Lão, TP. Hải Phòng",2024-09-25,2024-08-30,2149-06-06,Hải Phòng,"28",Miền Bắc 2 - KV18,Miền Bắc 2,Thị trấn Trường Sơn,"11656",2026-05-13
SHOP_279,"[""F""]","LC HPG 109 Dư Hàng, P. Lê Chân","109 Dư Hàng, P. Trần Nguyên Hãn, Q. Lê Chân, TP. Hải Phòng",2024-08-21,2024-08-03,2149-06-06,Hải Phòng,"28",Miền Bắc 2 - KV2,Miền Bắc 2,Phường Trần Nguyên Hãn,"11380",2026-05-13
SHOP_28,"[""F""]","LC HCM 268 Lê Hồng Phong, X. Ngãi Giao","268 Lê Hồng Phong, TT. Ngãi Giao, H. Châu Đức, Tỉnh Bà Rịa - Vũng Tàu",2025-06-06,2025-05-07,2149-06-06,Tỉnh Bà Rịa - Vũng Tàu,"9",Hồ Chí Minh 2 - KV1,Hồ Chí Minh 2,Thị trấn Ngãi Giao,"26575",2026-05-13
SHOP_280,"[""F""]","LC HCM 5 Đường số 11, P. Thông Tây Hội","5 Đường số 11, P. 11, Q. Gò Vấp, TP. Hồ Chí Minh",2025-02-18,2025-02-04,2149-06-06,Hồ Chí Minh,"23",Hồ Chí Minh 1 - KV17,Hồ Chí Minh 1,Phường 11,"26899",2026-05-13
SHOP_281,"[""F""]","LC LĐG 1 DT717, X. Bắc Ruộng","1 DT717, X. Măng Tố, H. Tánh Linh, Tỉnh Bình Thuận",2023-04-06,2023-03-19,2149-06-06,Tỉnh Bình Thuận,"11",Miền Đông - KV28,Miền Đông,Xã Măng Tố,"23155",2026-05-13
SHOP_282,"[""VACCINE""]","VX HPG 313 Hai Bà Trưng, P. An Biên","313 Hai Bà Trưng, P. Cát Dài, Q. Lê Chân, TP. Hải Phòng",2024-01-19,2024-01-16,2149-06-06,Hải Phòng,"28",Miền Bắc 2 - KV2,Miền Bắc 2,Phường Cát Dài,"11368",2026-05-13
SHOP_283,"[""F""]","LC HYN Thôn Phạm Kham, X. Như Quỳnh","Thôn Phạm Kham, X. Lạc Hồng, H. Văn Lâm, Tỉnh Hưng Yên",2149-06-06,2026-03-06,2149-06-06,Tỉnh Hưng Yên,"33",Miền Bắc 2 - KV14,Miền Bắc 2,Xã Lạc Hồng,"12016",2026-05-13
SHOP_284,"[""F""]","LC TNH 69-70 Trương Công Xưởng, X. Hiệp Hòa","69-70 Trương Công Xưởng, TT. Hiệp Hòa, H. Đức Hòa, Tỉnh Long An",2022-11-18,2022-11-05,2149-06-06,Tỉnh Long An,"37",Hồ Chí Minh 2 - KV26,Hồ Chí Minh 2,Thị trấn Hiệp Hòa,"27934",2026-05-13
SHOP_285,"[""F""]","LC DLK 59 Nguyễn Thái Bình, P. Tân Lập","59 Nguyễn Thái Bình, X. Hòa Thắng, TP. Buôn Ma Thuột, Tỉnh Đắk Lắk",2025-11-15,2025-10-27,2149-06-06,Tỉnh Đắk Lắk,"16",Miền Đông - KV8,Miền Đông,Xã Hòa Thắng,"24166",2026-05-13
SHOP_286,"[""F""]","LC NBH Xóm Nhân Thắng, X. Giao Hưng","Xóm Nhân Thắng, X. Giao Nhân, H. Giao Thuỷ, Tỉnh Nam Định",2023-06-30,2023-05-19,2149-06-06,Tỉnh Nam Định,"44",Miền Bắc 2 - KV21,Miền Bắc 2,Xã Giao Nhân,"14179",2026-05-13
SHOP_287,"[""F""]","LC HCM 69B Đặng Thúc Vịnh, X. Đông Thạnh","69B Đặng Thúc Vịnh, X. Đông Thạnh, H. Hóc Môn, TP. Hồ Chí Minh",2022-03-08,2022-03-17,2149-06-06,Hồ Chí Minh,"23",Hồ Chí Minh 1 - KV12,Hồ Chí Minh 1,Xã Đông Thạnh,"27568",2026-05-13
SHOP_288,"[""F""]","LC LSN 2-4 Nà Nghiều, X. Thất Khê","2-4 Nà Nghiều, TT. Thất Khê, H. Tràng Định, Tỉnh Lạng Sơn",2025-08-01,2025-07-03,2149-06-06,Tỉnh Lạng Sơn,"41",Miền Bắc 1 - KV2,Miền Bắc 1,Thị trấn Thất Khê,"5995",2026-05-13
SHOP_289,"[""F""]","LC PTO 52 Ngô Quyền, P. Vĩnh Phúc","52 Ngô Quyền, P. Ngô Quyền, TP. Vĩnh Yên, Tỉnh Vĩnh Phúc",2021-09-25,2021-11-14,2149-06-06,Tỉnh Vĩnh Phúc,"63",Miền Bắc 1 - KV12,Miền Bắc 1,Phường Ngô Quyền,"8719",2026-05-13
SHOP_29,"[""F""]","LC HNI Tổ 8, Chợ Ga Đông Anh, X. Thư Lâm","Tổ 8, TT. Đông Anh, H. Đông Anh, TP. Hà Nội",2022-06-11,2022-06-18,2149-06-06,Hà Nội,"26",Hà Nội - KV12,Hà Nội,Thị trấn Đông Anh,"454",2026-05-13
SHOP_290,"[""F""]","LC TNH 283A Đường DT 825, X. An Ninh","283A Đường DT 825, X. An Ninh Đông, H. Đức Hòa, Tỉnh Long An",2149-06-06,2026-03-03,2149-06-06,Tỉnh Long An,"37",Hồ Chí Minh 2 - KV27,Hồ Chí Minh 2,Xã An Ninh Đông,"27943",2026-05-13
SHOP_291,"[""F""]","LC PTO 26 Tân Hưng, P. Âu Cơ","26 Tân Hưng, P. Âu Cơ, TX. Phú Thọ, Tỉnh Phú Thọ",2025-06-06,2025-05-22,2149-06-06,Tỉnh Phú Thọ,"46",Miền Bắc 1 - KV7,Miền Bắc 1,Phường Âu Cơ,"7948",2026-05-13
SHOP_292,"[""F""]","LC QNH Tổ 1 Khu 1A, P. Hạ Long","Tổ 1, Khu 1A, P. Hồng Hải, TP. Hạ Long, Tỉnh Quảng Ninh",2024-10-11,2024-09-19,2149-06-06,Tỉnh Quảng Ninh,"49",Miền Bắc 2 - KV5,Miền Bắc 2,Phường Hồng Hải,"6688",2026-05-13
SHOP_293,"[""F""]","LC DNI Lý Thái Tổ, X. Đại Phước","Lý Thái Tổ, X. Đại Phước, H. Nhơn Trạch, Tỉnh Đồng Nai",2023-11-08,2023-09-25,2149-06-06,Tỉnh Đồng Nai,"18",Miền Đông - KV24,Miền Đông,Xã Đại Phước,"26476",2026-05-13
SHOP_294,"[""F""]","LC GLI Thôn Xuân Phong Bắc, X. An Hòa","Thôn Xuân Phong Bắc, X. An Hoà, H. An Lão, Tỉnh Bình Định",2024-02-24,2024-01-21,2149-06-06,Tỉnh Bình Định,"3",Miền Trung - KV18,Miền Trung,Xã An Hòa,"21628",2026-05-13
SHOP_295,"[""F""]","LC NBH 125 Đinh Tiên Hoàng, P. Hoa Lư","125 Đinh Tiên Hoàng, P. Đông Thành, TP. Hoa Lư, Tỉnh Ninh Bình",2022-04-08,2022-04-15,2149-06-06,Tỉnh Ninh Bình,"43",Miền Bắc 2 - KV20,Miền Bắc 2,Phường Đông Thành,"14320",2026-05-13
SHOP_296,"[""F""]","LC NAN 1422 Nguyễn Tất Thành, P. Quỳnh Mai","1422 Nguyễn Tất Thành, P. Quỳnh Xuân, TX. Hoàng Mai, Tỉnh Nghệ An",2023-11-09,2023-09-28,2149-06-06,Tỉnh Nghệ An,"42",Miền Trung - KV29,Miền Trung,Phường Quỳnh Xuân,"17131",2026-05-13
SHOP_297,"[""F""]","LC NAN Xóm Nam Xuân, X. Quảng Châu","Xóm Nam Xuân, X. Xuân Tháp, H. Diễn Châu, Tỉnh Nghệ An",2025-10-18,2025-09-06,2149-06-06,Tỉnh Nghệ An,"42",Miền Trung - KV26,Miền Trung,Xã Xuân Tháp,"17437",2026-05-13
SHOP_298,"[""F""]","LC HNI 22 Nghĩa Tân, P. Nghĩa Đô","22 Nghĩa Tân, P. Nghĩa Tân, Q. Cầu Giấy, TP. Hà Nội",2022-11-23,2022-10-15,2149-06-06,Hà Nội,"26",Hà Nội - KV18,Hà Nội,Phường Nghĩa Tân,"160",2026-05-13
SHOP_299,"[""F""]","LC TNN TDP Đông Xuân, P. Vạn Xuân","TDP Đông Xuân, P. Tiên Phong, TP. Phổ Yên, Tỉnh Thái Nguyên",2024-09-28,2024-09-12,2149-06-06,Tỉnh Thái Nguyên,"59",Miền Bắc 1 - KV6,Miền Bắc 1,Phường Tiên Phong,"90500",2026-05-13
SHOP_3,"[""F""]","LC DAG 385 Kinh Dương Vương, P. Hòa Khánh","385 Kinh Dương Vương, P. Hoà Mình, Q. Liên Chiểu, TP. Đà Nẵng",2023-07-14,2023-05-04,2149-06-06,Đà Nẵng,"17",Miền Trung - KV1,Miền Trung,Phường Hòa Minh,"20200",2026-05-13
SHOP_30,"[""F""]","LC DAG Tổ 8, X. Xuân Phú","Tổ 8, TT. Hương An, H. Quế Sơn, Tỉnh Quảng Nam",2023-06-18,2023-05-15,2149-06-06,Tỉnh Quảng Nam,"51",Miền Trung - KV24,Miền Trung,Thị trấn Hương An,"20651",2026-05-13
SHOP_300,"[""F""]","LC DTP 178 - 179 Quốc Lộ 1A, X. Bình Phú","178 - 179 Quốc lộ 1A, TT. Bình Phú, H. Cai Lậy, Tỉnh Tiền Giang",2024-12-18,2024-12-06,2149-06-06,Tỉnh Tiền Giang,"56",Miền Tây Nam Bộ - KV26,Miền Tây,Thị trấn Bình Phú,"28471",2026-05-13
SHOP_301,"[""F""]","LC HCM 66-68 Thống Nhất, X. Dầu Tiếng","66-68 Thống Nhất, TT. Dầu Tiếng, H. Dầu Tiếng, Tỉnh Bình Dương",2022-05-04,2022-06-08,2149-06-06,Tỉnh Bình Dương,"2",Hồ Chí Minh 2 - KV14,Hồ Chí Minh 2,Thị trấn Dầu Tiếng,"25777",2026-05-13
SHOP_302,"[""F""]","LC HTH 361 Lý Tự Trọng, X. Thạch Hà","361 Lý Tự Trọng, TT. Thạch Hà, H. Thạch Hà, Tỉnh Hà Tĩnh",2021-05-14,2021-04-13,2149-06-06,Tỉnh Hà Tĩnh,"29",Miền Trung - KV22,Miền Trung,Thị trấn Thạch Hà,"18562",2026-05-13
SHOP_303,"[""F""]","LC HCM 670 Nguyễn Thị Định, P. Cát Lái","670 Nguyễn Thị định, P. Thạnh Mỹ Lợi, TP. Thủ Đức, TP. Hồ Chí Minh",2023-12-20,2023-11-28,2149-06-06,Hồ Chí Minh,"23",Hồ Chí Minh 2 - KV20,Hồ Chí Minh 2,Phường Thạnh Mỹ Lợi,"90159",2026-05-13
SHOP_304,"[""F""]","LC VLG 217 Quốc Lộ 60, X. Mỏ Cày","217 Quốc Lộ 60, TT. Mỏ Cày, H. Mỏ Cày Nam, Tỉnh Bến Tre",2024-05-31,2024-05-04,2149-06-06,Tỉnh Bến Tre,"10",Miền Tây Nam Bộ - KV19,Miền Tây,Thị trấn Mỏ Cày,"28903",2026-05-13
SHOP_305,"[""F""]","LC HCM 441 Điện Biên Phủ, P. Thạnh Mỹ Tây","441 Điện Biên Phủ, P. 25, Q. Bình Thạnh, TP. Hồ Chí Minh",2149-06-06,2025-03-07,2149-06-06,Hồ Chí Minh,"23",Hồ Chí Minh 1 - KV19,Hồ Chí Minh 1,Phường 25,"26920",2026-05-13
SHOP_306,"[""F""]","LC NBH 75H Điện Biên, P. Nam Định","75H Điện Biên, P. Cửa Bắc, TP. Nam Định, Tỉnh Nam Định",2022-08-03,2022-08-09,2149-06-06,Tỉnh Nam Định,"44",Miền Bắc 2 - KV15,Miền Bắc 2,Phường Cửa Bắc,"13648",2026-05-13
SHOP_307,"[""F""]","LC PTO Thôn Tam Lộng, X. Bình Xuyên","Thôn Tam Lộng, X. Hương Sơn, H. Bình Xuyên, Tỉnh Vĩnh Phúc",2025-12-01,2025-11-06,2149-06-06,Tỉnh Vĩnh Phúc,"63",Miền Bắc 1 - KV12,Miền Bắc 1,Xã Hương Sơn,"8950",2026-05-13
SHOP_308,"[""F""]","LC HCM 304 Bùi Đình Túy, P. Bình Thạnh","304 Bùi Đình Túy, P. 12, Q. Bình Thạnh, TP. Hồ Chí Minh",2021-11-27,2021-12-24,2149-06-06,Hồ Chí Minh,"23",Hồ Chí Minh 1 - KV27,Hồ Chí Minh 1,Phường 12,"26917",2026-05-13
SHOP_309,"[""F""]","LC HYN Thôn 2, X. Vũ Quý","Thôn 2, X. Vũ Quý, H. Kiến Xương, Tỉnh Thái Bình",2023-07-15,2023-06-13,2149-06-06,Tỉnh Thái Bình,"55",Miền Bắc 2 - KV13,Miền Bắc 2,Xã Vũ Quý,"13141",2026-05-13
SHOP_31,"[""F""]","LC DNI 103 Đường ĐT769, X. Dầu Giây","103 Đường ĐT769, X. Lộ 25, H. Thống Nhất, Tỉnh Đồng Nai",2024-01-14,2023-11-28,2149-06-06,Tỉnh Đồng Nai,"18",Miền Đông - KV34,Miền Đông,Xã Lộ 25,"26320",2026-05-13
SHOP_310,"[""F""]","LC DLK 39 Thôn 18B, X. Ea Nuôl","39 Thôn 18B, X. Ea Bar, H. Buôn Đôn, Tỉnh Đắk Lắk",2023-05-24,2023-04-20,2149-06-06,Tỉnh Đắk Lắk,"16",Miền Đông - KV35,Miền Đông,Xã Ea Bar,"24250",2026-05-13
SHOP_311,"[""F""]","LC NBH Xóm 4, X. Xuân Trường","Xóm 4, X. Xuân Tiến, H. Xuân Trường, Tỉnh Nam Định",2023-11-09,2023-09-29,2149-06-06,Tỉnh Nam Định,"44",Miền Bắc 2 - KV21,Miền Bắc 2,Xã Xuân Tiến,"14140",2026-05-13
SHOP_312,"[""VACCINE""]","VX HCM 278 Phạm Ngũ Lão, P. Hạnh Thông","278 Phạm Ngũ Lão, P. 7, Q. Gò Vấp, TP. Hồ Chí Minh",2024-07-05,2024-06-28,2149-06-06,Hồ Chí Minh,"23",Hồ Chí Minh 1 - KV5,Hồ Chí Minh 1,Phường 7,"26890",2026-05-13
SHOP_313,"[""F""]","LC DNI 291 Hùng Vương, X. Xuân Lộc","291 Hùng Vương, Thị Trấn Gia Ray, Huyện Xuân Lộc, Tỉnh Đồng Nai",2025-12-20,2025-12-04,2149-06-06,Tỉnh Đồng Nai,"18",Miền Đông - KV23,Miền Đông,Thị trấn Gia Ray,"26425",2026-05-13
SHOP_314,"[""F""]","LC VLG 275 Đường 3/2, X. Cầu Ngang","275 Đường 3/2, TT. Cầu Ngang, H. Cầu Ngang, Tỉnh Trà Vinh",2022-01-24,2022-02-13,2149-06-06,Tỉnh Trà Vinh,"61",Miền Tây Nam Bộ - KV7,Miền Tây,Thị trấn Cầu Ngang,"29416",2026-05-13
SHOP_315,"[""F""]","LC VLG 115/12B Khu Phố 2, X. Chợ Lách","115/12B Khu Phố 2, TT. Chợ Lách, H. Chợ Lách, Tỉnh Bến Tre",2022-05-09,2022-05-24,2149-06-06,Tỉnh Bến Tre,"10",Miền Tây Nam Bộ - KV8,Miền Tây,Thị trấn Chợ Lách,"28870",2026-05-13
SHOP_316,"[""F""]","LC QNH 15-17 Phố Hoàng Long, P. Hồng Gai","15-17 Phố Hoàng Long, P. Bạch Đằng, TP. Hạ Long, Tỉnh Quảng Ninh",2021-04-27,2021-04-15,2149-06-06,Tỉnh Quảng Ninh,"49",Miền Bắc 2 - KV5,Miền Bắc 2,Phường Bạch Đằng,"6694",2026-05-13
SHOP_317,"[""F""]","LC CTO 312 Quốc Lộ 91, P. Thốt Nốt","312 Quốc lộ 91, P. Thốt Nốt, Q. Thốt Nốt, TP. Cần Thơ",2022-06-06,2022-06-22,2149-06-06,Cần Thơ,"14",Miền Tây Nam Bộ - KV25,Miền Tây,Phường Thốt Nốt,"31207",2026-05-13
SHOP_318,"[""F""]","LC LSN 32 Minh Khai, P. Kỳ Lừa","32 Minh Khai, P. Hoàng Văn Thụ, TP. Lạng Sơn, Tỉnh Lạng Sơn",2025-11-15,2025-10-12,2149-06-06,Tỉnh Lạng Sơn,"41",Miền Bắc 1 - KV2,Miền Bắc 1,Phường Hoàng Văn Thụ,"5971",2026-05-13
SHOP_319,"[""F""]","LC HNI 100 Khâm Thiên, P. Văn Miếu - Quốc Tử Giám","100 Khâm Thiên, P. Khâm Thiên, Q. Đống Đa, TP. Hà Nội",2021-12-19,2021-11-04,2149-06-06,Hà Nội,"26",Hà Nội - KV2,Hà Nội,Phường Khâm Thiên,"202",2026-05-13
SHOP_32,"[""F""]","LC DNI 9 Vũ Hồng Phô, P. Tam Hiệp","9 Vũ Hồng Phô, P. Bình Đa, TP. Biên Hoà, Tỉnh Đồng Nai",2022-01-23,2022-03-08,2149-06-06,Tỉnh Đồng Nai,"18",Miền Đông - KV21,Miền Đông,Phường Bình Đa,"26047",2026-05-13
SHOP_320,"[""F""]","LC AGG 62 Thành Thái, P. Bình Đức","62 Thành Thái, Phường Bình Khánh, Thành Phố Long Xuyên, Tỉnh An Giang",2025-12-25,2025-12-11,2149-06-06,Tỉnh An Giang,"1",Miền Tây Nam Bộ - KV3,Miền Tây,Phường Bình Khánh,"30292",2026-05-13
SHOP_321,"[""F""]","LC HPG 494 Thiên Lôi, P. An Biên","494 Thiên Lôi, P. Vĩnh Niệm, Q. Lê Chân, TP. Hải Phòng",2025-10-04,2025-10-01,2149-06-06,Hải Phòng,"28",Miền Bắc 2 - KV2,Miền Bắc 2,Phường Vĩnh Niệm,"11407",2026-05-13
SHOP_322,"[""F""]","LC CTO 384 Võ Văn Kiệt, P. Bình Thủy","384 Võ Văn Kiệt, P. An Thới, Q. Bình Thủy, TP. Cần Thơ",2025-07-15,2025-07-02,2149-06-06,Cần Thơ,"14",Miền Tây Nam Bộ - KV31,Miền Tây,Phường An Thới,"31177",2026-05-13
SHOP_323,"[""F""]","LC VLG 77 Đường 1/5, P. Long Châu","77 Đường 1/5, P. 1, TP. Vĩnh Long, Tỉnh Vĩnh Long",2020-06-29,2020-06-01,2149-06-06,Tỉnh Vĩnh Long,"62",Miền Tây Nam Bộ - KV8,Miền Tây,Phường 1,"29548",2026-05-13
SHOP_324,"[""VACCINE""]","VX DNI 626 Lê Duẩn, X. Long Thành","626 Lê Duẩn, TT. Long Thành, H. Long Thành, Tỉnh Đồng Nai",2024-09-27,2024-09-25,2149-06-06,Tỉnh Đồng Nai,"18",Miền Đông - KV7,Miền Đông,Thị trấn Long Thành,"26368",2026-05-13
SHOP_325,"[""F""]","LC HNI Xóm 2 Bắc, X. Thiên Lộc","Xóm 2 Bắc, X. Kim Nỗ, H. Đông Anh, TP. Hà Nội",2022-04-04,2022-04-14,2149-06-06,Hà Nội,"26",Hà Nội - KV36,Hà Nội,Xã Kim Nỗ,"490",2026-05-13
SHOP_326,"[""F""]","LC HCM 305-307 Hoàng Diệu, P. Khánh Hội","305-307 Hoàng Diệu, P. 6, Q. 4, TP. Hồ Chí Minh",2019-11-07,2019-10-14,2149-06-06,Hồ Chí Minh,"23",Hồ Chí Minh 1 - KV23,Hồ Chí Minh 1,Phường 6,"27265",2026-05-13
SHOP_327,"[""F""]","LC HNI 587 Thụy Khuê, P. Tây Hồ","587 Thuỵ Khuê, P. Bưởi, Q. Tây Hồ, TP. Hà Nội",2022-08-16,2022-09-10,2149-06-06,Hà Nội,"26",Hà Nội - KV23,Hà Nội,Phường Bưởi,"109",2026-05-13
SHOP_328,"[""F""]","LC LCI Thôn 4, X. Tằng Loỏng","Thôn 4, TT. Tằng Loỏng, H. Bảo Thắng, Tỉnh Lào Cai",2025-12-01,2025-11-14,2149-06-06,Tỉnh Lào Cai,"38",Miền Bắc 1 - KV10,Miền Bắc 1,Thị trấn Tằng Loỏng,"2908",2026-05-13
SHOP_329,"[""F""]","LC QNH 418 Lý Anh Tông, Đặc khu Vân Đồn","418 Lý Anh Tông, TT. Cái Rồng, H. Vân Đồn, Tỉnh Quảng Ninh",2025-02-21,2025-01-13,2149-06-06,Tỉnh Quảng Ninh,"49",Miền Bắc 2 - KV12,Miền Bắc 2,Thị trấn Cái Rồng,"6994",2026-05-13
SHOP_33,"[""F""]","LC HCM 2G Bình Chiểu, P. Tam Bình","2G Bình Chiểu, P. Bình Chiểu, TP. Thủ Đức, TP. Hồ Chí Minh",2025-08-26,2025-08-07,2149-06-06,Hồ Chí Minh,"23",Hồ Chí Minh 2 - KV17,Hồ Chí Minh 2,Phường Bình Chiểu,"26797",2026-05-13
SHOP_330,"[""F""]","LC NBH Đội 6 Thôn Nhì Giáp, X. Liên Minh","Đội 6, Thôn Nhì Giáp, X. Liên Minh, H. Vụ Bản, Tỉnh Nam Định",2149-06-06,2025-09-16,2149-06-06,Tỉnh Nam Định,"44",Miền Bắc 2 - KV9,Miền Bắc 2,Xã Liên Minh,"13783",2026-05-13
SHOP_331,"[""F""]","LC HNI 439-441 Xóm 12, X. Hương Sơn","439-441 Xóm 12, Thôn Đục Khê, X. Hương Sơn, H. Mỹ Đức, TP. Hà Nội",2023-09-24,2023-09-03,2149-06-06,Hà Nội,"26",Hà Nội - KV21,Hà Nội,Xã Hương Sơn,"10489",2026-05-13
SHOP_332,"[""F""]","LC NBH Thôn 15 Yên Định, X. Hải Hậu","Thôn 15 Yên Định, TT. Yên Định, H. Hải Hậu, Tỉnh Nam Định",2149-06-06,2026-03-03,2149-06-06,Tỉnh Nam Định,"44",Miền Bắc 2 - KV9,Miền Bắc 2,Thị trấn Yên Định,"14215",2026-05-13
SHOP_333,"[""VACCINE""]","VX AGG 8-10 Trần Phú, P. Rạch Giá","8-10 Trần Phú, P. Vĩnh Thanh, TP. Rạch Giá, Tỉnh Kiên Giang",2024-06-07,2024-06-06,2149-06-06,Tỉnh Kiên Giang,"34",Miền Tây Nam Bộ - KV14,Miền Tây,Phường Vĩnh Thanh,"30733",2026-05-13
SHOP_334,"[""F""]","LC HNI Thôn Bạch Trữ, X. Tiến Thắng","Thôn Bạch Trữ, X. Tiến Thắng, H. Mê Linh, TP. Hà Nội",2024-11-15,2024-11-01,2149-06-06,Hà Nội,"26",Hà Nội - KV16,Hà Nội,Xã Tiến Thắng,"8983",2026-05-13
SHOP_335,"[""F""]","LC GLI 393 Lạc Long Quân, P. Quy Nhơn Bắc","393 Lạc Long Quân, Phường Trần Quang Diệu, Thành Phố Quy Nhơn, Tỉnh Bình Định",2149-06-06,2025-09-30,2149-06-06,Tỉnh Bình Định,"3",Miền Trung - KV5,Miền Trung,Phường Trần Quang Diệu,"21559",2026-05-13
SHOP_336,"[""F""]","LC DNI 318 Lê Quý Đôn, P. Bình Phước","318 Lê Quý Đôn, P. Tân Thiện, TP. Đồng Xoài, Tỉnh Bình Phước",2021-03-02,2021-02-15,2149-06-06,Tỉnh Bình Phước,"8",Miền Đông - KV26,Miền Đông,Phường Tân Thiện,"25205",2026-05-13
SHOP_337,"[""F""]","LC DNI 36 Trần Phú (101 Đinh Tiên Hoàng), P. Long Khánh","36 Trần Phú (101 Đinh Tiên Hoàng), P. Xuân An, TP. Long Khánh, Tỉnh Đồng Nai",2023-02-24,2023-01-06,2149-06-06,Tỉnh Đồng Nai,"18",Miền Đông - KV16,Miền Đông,Phường Xuân An,"26080",2026-05-13
SHOP_338,"[""F""]","LC THA 584 Triệu Quốc Đạt, X. Triệu Sơn","584 Triệu Quốc Đạt, TT. Triệu Sơn, H. Triệu Sơn, Tỉnh Thanh Hóa",2025-07-29,2025-07-06,2149-06-06,Tỉnh Thanh Hóa,"57",Miền Bắc 2 - KV24,Miền Bắc 2,Thị trấn Triệu Sơn,"15664",2026-05-13
SHOP_339,"[""VACCINE""]","VX HCM 16-18 Nguyễn Gia Trí, P. Thạnh Mỹ Tây","16-18 Nguyễn Gia Trí, P. 25, Q. Bình Thạnh, TP. Hồ Chí Minh",2025-05-23,2025-05-20,2149-06-06,Hồ Chí Minh,"23",Hồ Chí Minh 1 - KV19,Hồ Chí Minh 1,Phường 25,"26920",2026-05-13
SHOP_34,"[""F""]","LC HTH Thôn Ba Giang, X. Việt Xuyên","Thôn Ba Giang, X. Việt Tiến, H. Thạch Hà, Tỉnh Hà Tĩnh",2026-01-15,2025-12-17,2149-06-06,Tỉnh Hà Tĩnh,"29",Miền Trung - KV22,Miền Trung,Xã Việt Tiến,"90476",2026-05-13
SHOP_340,"[""F""]","LC QTI 185 Lê Duẩn, X. Khe Sanh","185 Lê Duẩn, TT. Khe Sanh, H. Hướng Hóa, Tỉnh Quảng Trị",2023-11-21,2023-10-22,2149-06-06,Tỉnh Quảng Trị,"52",Miền Trung - KV2,Miền Trung,Thị trấn Khe Sanh,"19429",2026-05-13
SHOP_341,"[""F""]","LC HNI Chợ Phượng, P. Chương Mỹ","Chợ Phượng, X. Phụng Châu, H. Chương Mỹ, TP. Hà Nội",2025-03-13,2025-02-03,2149-06-06,Hà Nội,"26",Hà Nội - KV20,Hà Nội,Xã Phụng Châu,"10021",2026-05-13
SHOP_342,"[""F""]","LC HTH 243 Trần Phú, X. Hương Khê","243 Trần Phú, TT. Hương Khê, H. Hương Khê, Tỉnh Hà Tỉnh",2023-07-11,2023-05-28,2149-06-06,Tỉnh Hà Tĩnh,"29",Miền Trung - KV22,Miền Trung,Thị trấn Hương Khê,"18496",2026-05-13
SHOP_343,"[""F""]","LC GLI 301 Quang Trung, P. Tam Quan","301 Quang Trung, P. Tam Quan, TX. Hoài Nhơn, Tỉnh Bình Định",2024-11-15,2024-09-21,2149-06-06,Tỉnh Bình Định,"3",Miền Trung - KV25,Miền Trung,Phường Tam Quan,"21637",2026-05-13
SHOP_344,"[""F""]","LC VLG Quốc Lộ 57B, X. Châu Hưng","Quốc Lộ 57B, Ấp Hưng Chánh, X. Châu Hưng, H. Bình Đại, Tỉnh Bến Tre",2025-02-25,2025-02-15,2149-06-06,Tỉnh Bến Tre,"10",Miền Tây Nam Bộ - KV4,Miền Tây,Xã Châu Hưng,"29071",2026-05-13
SHOP_345,"[""F""]","LC HCM E13/1 KDC Thuận Giao, P. Thuận Giao","E13/1 KDC Thuận Giao, KP. Bình Thuận 2, P. Thuận Giao, TP. Thuận An, Tỉnh Bình Dương",2021-12-22,2021-12-30,2149-06-06,Tỉnh Bình Dương,"2",Hồ Chí Minh 2 - KV8,Hồ Chí Minh 2,Phường Thuận Giao,"25972",2026-05-13
SHOP_346,"[""F""]","LC HCM 55 Độc Lập, X. Phú Giáo","55 Độc Lập, TT. Phước Vĩnh, H. Phú Giáo, Tỉnh Bình Dương",2020-09-08,2020-06-09,2149-06-06,Tỉnh Bình Dương,"2",Hồ Chí Minh 2 - KV14,Hồ Chí Minh 2,Thị trấn Phước Vĩnh,"25858",2026-05-13
SHOP_347,"[""F""]","LC HNI Thôn Đoài, X. Thư Lâm","Thôn Đoài, X. Việt Hùng, H. Đông Anh, TP. Hà Nội",2024-09-12,2024-08-19,2149-06-06,Hà Nội,"26",Hà Nội - KV12,Hà Nội,Xã Việt Hùng,"487",2026-05-13
SHOP_348,"[""VACCINE""]","VX HNI Quốc Lộ 32, X. Hoài Đức","Quốc Lộ 32, Thôn Cao Trung, X. Đức Giang, H. Hoài Đức, TP. Hà Nội",2024-06-28,2024-06-25,2149-06-06,Hà Nội,"26",Hà Nội - KV15,Hà Nội,Xã Đức Giang,"9847",2026-05-13
SHOP_349,"[""F""]","LC VLG Đường DT885, X. An Ngãi Trung","Đường DT885, X. An Ngãi Trung, H. Ba Tri, Tỉnh Bến Tre",2024-01-30,2024-01-11,2149-06-06,Tỉnh Bến Tre,"10",Miền Tây Nam Bộ - KV4,Miền Tây,Xã An Ngãi Trung,"29143",2026-05-13
SHOP_35,"[""F""]","LC HYN 794 Lý Bôn, P. Trần Lãm","794 Lý Bôn, P. Trần Lãm, TP. Thái Bình, Tỉnh Thái Bình",2021-02-26,2021-01-27,2149-06-06,Tỉnh Thái Bình,"55",Miền Bắc 2 - KV22,Miền Bắc 2,Phường Trần Lãm,"12454",2026-05-13
SHOP_350,"[""F""]","LC HCM 422-424 CMT8, P. Nhiêu Lộc","422-424 Cách Mạng Tháng Tám, P. 11, Q. 3, TP. Hồ Chí Minh",2017-10-20,2017-10-11,2149-06-06,Hồ Chí Minh,"23",Hồ Chí Minh 1 - KV33,Hồ Chí Minh 1,Phường 11,"27133",2026-05-13
SHOP_351,"[""F""]","LC HCM 36 Nguyễn Huy Tự, P. Tân Định","36 Nguyễn Huy Tự, P. Đa Kao, Q. 1, TP. Hồ Chí Minh",2022-04-18,2022-04-29,2149-06-06,Hồ Chí Minh,"23",Hồ Chí Minh 1 - KV10,Hồ Chí Minh 1,Phường Đa Kao,"26737",2026-05-13
SHOP_352,"[""VACCINE""]","VX GLI 1239 Quang Trung, P. An Khê","1239 Quang Trung, Tổ 6, P. Tây Sơn, TX. An Khê, Tỉnh Gia Lai",2024-03-29,2024-03-26,2149-06-06,Tỉnh Gia Lai,"21",Miền Trung - KV27,Miền Trung,Phường Tây Sơn,"23617",2026-05-13
SHOP_353,"[""F""]","LC HCM 405 Hương Lộ 3, P. Bình Hưng Hòa","405 Hương Lộ 3, P. Bình Hưng Hoà, Q. Bình Tân, TP. Hồ Chí Minh",2024-03-01,2024-02-04,2149-06-06,Hồ Chí Minh,"23",Hồ Chí Minh 1 - KV25,Hồ Chí Minh 1,Phường Bình Hưng Hòa,"27436",2026-05-13
SHOP_354,"[""F""]","LC CTO 112 Mậu Thân, P. Ninh Kiều","112 Mậu Thân, P. An Nghiệp, Q. Ninh Kiều, TP. Cần Thơ",2022-05-11,2022-05-23,2149-06-06,Cần Thơ,"14",Miền Tây Nam Bộ - KV31,Miền Tây,Phường An Nghiệp,"31126",2026-05-13
SHOP_355,"[""F""]","LC QNH 332 Cầu Đất, P. Đông Triều","332 Cầu Đất, P. Đức Chính, TP. Đông Triều, Tỉnh Quảng Ninh",2024-11-08,2024-10-06,2149-06-06,Tỉnh Quảng Ninh,"49",Miền Bắc 2 - KV12,Miền Bắc 2,Phường Đức Chính,"7093",2026-05-13
SHOP_356,"[""F""]","LC VLG 991 Ngô Quyền, P. Cái Vồn","991 Ngô Quyền, P. Cái Vồn, TX. Bình Minh, Tỉnh Vĩnh Long",2021-10-21,2021-11-26,2149-06-06,Tỉnh Vĩnh Long,"62",Miền Tây Nam Bộ - KV29,Miền Tây,Phường Cái Vồn,"29770",2026-05-13
SHOP_357,"[""F""]","LC TNN 235 Minh Cầu, P. Phan Đình Phùng","235 Minh Cầu, P. Phan Đình Phùng, TP. Thái Nguyên, Tỉnh Thái Nguyên",2022-03-29,2022-04-09,2149-06-06,Tỉnh Thái Nguyên,"59",Miền Bắc 1 - KV7,Miền Bắc 1,Phường Phan Đình Phùng,"5449",2026-05-13
SHOP_358,"[""F""]","LC QTI 82 Hoàng Diệu, P. Đồng Hới","82 Hoàng Diệu, P. Nam Lý, TP. Đồng Hới, Tỉnh Quảng Bình",2021-10-27,2021-12-01,2149-06-06,Tỉnh Quảng Bình,"48",Miền Trung - KV10,Miền Trung,Phường Nam Lý,"18865",2026-05-13
SHOP_359,"[""VACCINE""]","VX HCM 406B Trương Công Định, P. Tam Thắng","406B Trương Công Định, P. 8, TP. Vũng Tàu, Tỉnh Bà Rịa-Vũng Tàu",2024-03-08,2024-03-05,2149-06-06,Tỉnh Bà Rịa - Vũng Tàu,"9",Hồ Chí Minh 2 - KV1,Hồ Chí Minh 2,Phường 8,"26527",2026-05-13
SHOP_36,"[""F""]","LC VLG 165/1 Quốc Lộ 57, X. Thạnh Phong","165/1 Quốc Lộ 57, X. Giao Thạnh, H. Thạnh Phú, Tỉnh Bến Tre",2022-07-20,2022-07-29,2149-06-06,Tỉnh Bến Tre,"10",Miền Tây Nam Bộ - KV19,Miền Tây,Xã Giao Thạnh,"29227",2026-05-13
SHOP_360,"[""F""]","LC VLG 38 Nguyễn Văn Thảnh, P. Bình Minh","38 Nguyễn Văn Thảnh, P. Cái Vồn, TX Bình Minh, Tỉnh Vĩnh Long",2021-10-18,2021-11-24,2149-06-06,Tỉnh Vĩnh Long,"62",Miền Tây Nam Bộ - KV29,Miền Tây,Phường Cái Vồn,"29770",2026-05-13
SHOP_361,"[""F""]","LC TNN Tổ 5, P. Phan Đình Phùng","Tổ 5, P. Tân Thịnh, TP. Thái Nguyên, Tỉnh Thái Nguyên",2022-08-08,2022-08-15,2149-06-06,Tỉnh Thái Nguyên,"59",Miền Bắc 1 - KV7,Miền Bắc 1,Phường Tân Thịnh,"5452",2026-05-13
SHOP_362,"[""F""]","LC HNI 273 Trần Cung, P. Xuân Đỉnh","273 Trần Cung, P. Cổ Nhuế 1, Q. Bắc Từ Liêm, TP. Hà Nội",2023-03-29,2023-03-10,2149-06-06,Hà Nội,"26",Hà Nội - KV18,Hà Nội,Phường Cổ Nhuế 1,"616",2026-05-13
SHOP_363,"[""F""]","LC KHA 108 Huỳnh Phước, X. Ninh Phước","108 Huỳnh Phước, TT. Phước Dân, H. Ninh Phước, Tỉnh Ninh Thuận",2022-09-07,2022-09-16,2149-06-06,Tỉnh Ninh Thuận,"45",Miền Đông - KV15,Miền Đông,Thị trấn Phước Dân,"22870",2026-05-13
SHOP_364,"[""F""]","LC DLK Khối 3, X. Ea Knốp","Khối 3, TT. Ea Knốp, H. Ea Kar, Tỉnh Đắk Lắk",2024-01-13,2023-12-09,2149-06-06,Tỉnh Đắk Lắk,"16",Miền Đông - KV10,Miền Đông,Thị trấn Ea Knốp,"24376",2026-05-13
SHOP_365,"[""F""]","LC LĐG 31 Ngô Gia Tự, P. Lâm Viên - Đà Lạt","31 Ngô Gia Tự, P. 12, TP. Đà Lạt, Tỉnh Lâm Đồng",2022-08-04,2022-08-19,2149-06-06,Tỉnh Lâm Đồng,"40",Miền Đông - KV36,Miền Đông,Phường 12,"24775",2026-05-13
SHOP_366,"[""F""]","LC DAG 105 Nguyễn Thị Minh Khai, P. Hội An","105 Nguyễn Thị Minh Khai, P. Cẩm Phô, TP. Hội An, Tỉnh Quảng Nam",2021-12-09,2021-10-02,2149-06-06,Tỉnh Quảng Nam,"51",Miền Trung - KV1,Miền Trung,Phường Cẩm Phô,"20404",2026-05-13
SHOP_367,"[""F""]","LC HNI 216 Đường 429, X. Phượng Dực","216 Đường 429, X. Hồng Minh, H. Phú Xuyên, TP. Hà Nội",2023-10-12,2023-09-07,2149-06-06,Hà Nội,"26",Hà Nội - KV19,Hà Nội,Xã Hồng Minh,"10276",2026-05-13
SHOP_368,"[""F""]","LC HNI 188 Thuỵ Khuê, P. Tây Hồ","188 Thuỵ Khuê, P. Thuỵ Khuê, Q. Tây Hồ, TP. Hà Nội",2020-06-15,2020-05-15,2149-06-06,Hà Nội,"26",Hà Nội - KV23,Hà Nội,Phường Thụy Khuê,"112",2026-05-13
SHOP_369,"[""F""]","LC DTP A11 Trần Hưng Đạo, P. Sa Đéc","A11 Trần Hưng Đạo, P. 2, TP. Sa Đéc, Tỉnh Đồng Tháp",2020-12-11,2020-11-09,2149-06-06,Tỉnh Đồng Tháp,"20",Miền Tây Nam Bộ - KV21,Miền Tây,Phường 2,"29911",2026-05-13
SHOP_37,"[""VACCINE""]","VX GLI 02 Lý Thường Kiệt, P. Quy Nhơn","02 Lý thường Kiệt, P. Lê Hồng Phong, TP. Quy Nhơn, Tỉnh Bình Định",2024-01-12,2024-01-09,2149-06-06,Tỉnh Bình Định,"3",Miền Trung - KV5,Miền Trung,Phường Lê Hồng Phong,"21571",2026-05-13
SHOP_370,"[""F""]","LC HNI Thôn 4 Hạ Lôi, X. Mê Linh","Thôn 4 Hạ Lôi, X. Mê Linh, H. Mê Linh, TP. Hà Nội",2023-02-22,2023-01-07,2149-06-06,Hà Nội,"26",Hà Nội - KV16,Hà Nội,Xã Mê Linh,"9010",2026-05-13
SHOP_371,"[""F""]","LC HCM 966 Hà Huy Giáp, P. An Phú Đông","966 Hà Huy Giáp, P. Thạnh Lộc, Q. 12, TP. Hồ Chí Minh",2020-11-10,2020-10-11,2149-06-06,Hồ Chí Minh,"23",Hồ Chí Minh 1 - KV12,Hồ Chí Minh 1,Phường Thạnh Lộc,"26767",2026-05-13
SHOP_372,"[""VACCINE""]","VX DNI 71 Hùng Vương, P. Long Khánh","71 Hùng Vương, P. Xuân An, TP. Long Khánh, Tỉnh Đồng Nai",2025-02-28,2025-02-25,2149-06-06,Tỉnh Đồng Nai,"18",Miền Đông - KV16,Miền Đông,Phường Xuân An,"26080",2026-05-13
SHOP_373,"[""F""]","LC HPG 498 Thiên Lôi, P. Lê Chân","498 Thiên Lôi, P. Vĩnh Niệm, Q. Lê Chân, TP. Hải Phòng",2020-09-20,2020-07-18,2025-09-30,Hải Phòng,"28",Miền Bắc 2 - KV4,Miền Bắc 2,Phường Vĩnh Niệm,"11407",2026-05-13
SHOP_374,"[""F""]","LC TTH 597 Lạc Long Quân, X. Chân Mây - Lăng Cô","597 Lạc Long Quân, TT. Lăng Cô, H. Phú Lộc, TP Huế",2022-07-04,2022-07-16,2149-06-06,Huế,"31",Miền Trung - KV31,Miền Trung,Thị trấn Lăng Cô,"20110",2026-05-13
SHOP_375,"[""F""]","LC HTH 93 Nguyễn Du, X. Tiên Điền","93 Nguyễn Du, TT. Tiên Điền, H. Nghi Xuân, Tỉnh Hà Tĩnh",2023-07-28,2023-07-14,2149-06-06,Tỉnh Hà Tĩnh,"29",Miền Trung - KV32,Miền Trung,Thị trấn Tiên Điền,"18373",2026-05-13
SHOP_376,"[""F""]","LC DNI 626 Lê Duẩn, X. Long Thành","626 Lê Duẩn, TT. Long Thành, H. Long Thành, Tỉnh Đồng Nai",2024-10-11,2024-09-26,2149-06-06,Tỉnh Đồng Nai,"18",Miền Đông - KV7,Miền Đông,Thị trấn Long Thành,"26368",2026-05-13
SHOP_377,"[""F""]","LC BNH 62 Phố Mới, X. Tân Yên","62 Phố Mới, TT. Cao Thượng, H. Tân Yên, Tỉnh Bắc Giang",2023-12-16,2023-11-28,2149-06-06,Tỉnh Bắc Giang,"4",Hà Nội - KV27,Hà Nội,Thị trấn Cao Thượng,"7297",2026-05-13
SHOP_378,"[""F""]","LC VLG 69/2 Trưng Nữ Vương, P. long Châu","69/2 Trưng Nữ Vương, P. 1, TP. Vĩnh Long, Tỉnh Vĩnh Long",2022-02-24,2022-03-09,2149-06-06,Tỉnh Vĩnh Long,"62",Miền Tây Nam Bộ - KV8,Miền Tây,Phường 1,"29548",2026-05-13
SHOP_379,"[""F""]","LC DTP 114 Ấp Bắc, P. Đạo Thạnh","114 – 114A – 114B Ấp Bắc, P. 4, TP. Mỹ Tho, Tỉnh Tiền Giang",2019-05-27,2019-05-04,2149-06-06,Tỉnh Tiền Giang,"56",Miền Tây Nam Bộ - KV9,Miền Tây,Phường 4,"28252",2026-05-13
SHOP_38,"[""F""]","LC DNI Quốc Lộ 13, P. An Lộc","Quốc Lộ 13, Ấp Thanh Trung, X. Thanh Lương, TX. Bình Long, Tỉnh Bình Phước",2023-06-10,2023-05-20,2025-12-20,Tỉnh Bình Phước,"8",Miền Đông - KV19,Miền Đông,Xã Thanh Lương,"25333",2026-05-13
SHOP_380,"[""F""]","LC TNH 86 Đường DT830, X. Long Cang","86 Đường DT830, X. Phước Vân, H. Cần Đước, Tỉnh Long An",2022-11-08,2022-10-25,2149-06-06,Tỉnh Long An,"37",Hồ Chí Minh 2 - KV26,Hồ Chí Minh 2,Xã Phước Vân,"28120",2026-05-13
SHOP_381,"[""VACCINE""]","VX GLI 160A Trần Phú, P. Bình Định","160A Trần Phú, P. Bình Định, TX. An Nhơn, Tỉnh Bình Định",2024-01-12,2024-01-09,2149-06-06,Tỉnh Bình Định,"3",Miền Trung - KV18,Miền Trung,Phường Bình Định,"21907",2026-05-13
SHOP_382,"[""F""]","LC HNI 9 An Dương, P. Hồng Hà","9 An Dương, P. Yên Phụ, Q. Tây Hồ, TP. Hà Nội",2021-11-10,2021-07-22,2149-06-06,Hà Nội,"26",Hà Nội - KV1,Hà Nội,Phường Yên Phụ,"106",2026-05-13
SHOP_383,"[""VACCINE""]","VX TNN 84 Trường Chinh, P. Đức Xuân","84 Trường Chinh, P. Đức Xuân, TP. Bắc Kạn, Tỉnh Bắc Kạn",2025-03-21,2025-03-18,2149-06-06,Tỉnh Bắc Kạn,"5",Miền Bắc 1 - KV19,Miền Bắc 1,Phường Đức Xuân,"1840",2026-05-13
SHOP_384,"[""F""]","LC NAN Xóm Dinh Phượng, X. Tam Hợp","Xóm Dinh Phượng, X. Nghĩa Xuân, H. Quỳ Hợp, Tỉnh Nghệ An",2026-02-06,2025-11-14,2149-06-06,Tỉnh Nghệ An,"42",Miền Trung - KV32,Miền Trung,Xã Nghĩa Xuân,"17074",2026-05-13
SHOP_385,"[""F""]","LC DAG Tổ 9 Thôn Dung, X. Thạnh Mỹ","Tổ 9, Thôn Dung, TT. Thạnh Mỹ, H. Nam Giang, Tỉnh Quảng Nam",2025-04-19,2025-03-14,2149-06-06,Tỉnh Quảng Nam,"51",Miền Trung - KV24,Miền Trung,Thị trấn Thạnh Mỹ,"20695",2026-05-13
SHOP_386,"[""F""]","LC HNI Thôn Thanh Thần, X. Bình Minh","Thôn Thanh Thần, X. Thanh Cao, H. Thanh Oai, TP. Hà Nội",2025-07-25,2025-06-28,2149-06-06,Hà Nội,"26",Hà Nội - KV4,Hà Nội,Xã Thanh Cao,"10141",2026-05-13
SHOP_387,"[""F""]","LC DAG 105 Trần Cao Vân, P. Hương Trà","105 Trần Cao Vân, P. An Sơn, TP. Tam Kỳ, Tỉnh Quảng Nam",2020-05-22,2020-01-13,2149-06-06,Tỉnh Quảng Nam,"51",Miền Trung - KV3,Miền Trung,Phường An Sơn,"20350",2026-05-13
SHOP_388,"[""F""]","LC HCM 1086 Lê Văn Lương, X. Nhà Bè","1086 Lê Văn Lương, X. Phước Kiển, H. Nhà Bè, TP. Hồ Chí Minh",2025-03-28,2025-03-11,2149-06-06,Hồ Chí Minh,"23",Hồ Chí Minh 1 - KV16,Hồ Chí Minh 1,Xã Phước Kiển,"27646",2026-05-13
SHOP_389,"[""F""]","LC NAN Thôn 5 Quỳnh Lộc, P. Tân Mai","Thôn 5, X. Quỳnh Lộc, TX. Hoàng Mai, Tỉnh Nghệ An",2025-06-28,2025-05-21,2149-06-06,Tỉnh Nghệ An,"42",Miền Trung - KV13,Miền Trung,Xã Quỳnh Lộc,"17107",2026-05-13
SHOP_39,"[""F""]","LC DLK 87 Trần Hưng Đạo, P. Buôn Hồ","87 Trần Hưng Đạo, P. An Lạc, TX. Buôn Hồ, Tỉnh Đắk Lắk",2022-01-20,2022-01-29,2149-06-06,Tỉnh Đắk Lắk,"16",Miền Đông - KV31,Miền Đông,Phường An Lạc,"24305",2026-05-13
SHOP_390,"[""F""]","LC HNI Thôn Đìa, X. Phúc Thịnh","Thôn Đìa, X. Nam Hồng, H. Đông Anh, TP. Hà Nội",2025-02-17,2025-02-04,2149-06-06,Hà Nội,"26",Hà Nội - KV36,Hà Nội,Xã Nam Hồng,"469",2026-05-13
SHOP_391,"[""F""]","LC HPG 546 Chợ Hàng, P. Lê Chân","546 Chợ Hàng, P. Dư Hàng Kênh, Q. Lê Chân, TP. Hải Phòng",2023-03-23,2023-02-03,2149-06-06,Hải Phòng,"28",Miền Bắc 2 - KV2,Miền Bắc 2,Phường Dư Hàng Kênh,"11404",2026-05-13
SHOP_392,"[""F""]","LC DLK 103 Lê Hồng Phong, P. Buôn Ma Thuột","103 Lê Hồng Phong, P. Tân Tiến, TP. Buôn Mê Thuột, Tỉnh Đắk Lắk",2022-05-12,2022-05-25,2149-06-06,Tỉnh Đắk Lắk,"16",Miền Đông - KV3,Miền Đông,Phường Tân Tiến,"24145",2026-05-13
SHOP_393,"[""F""]","LC VLG 37 Nguyễn Văn Thiệt, P. Phước Hậu","37 Nguyễn Văn Thiệt, P. 4, TP. Vĩnh Long, Tỉnh Vĩnh Long",2022-09-21,2022-09-29,2149-06-06,Tỉnh Vĩnh Long,"62",Miền Tây Nam Bộ - KV8,Miền Tây,Phường 4,"29554",2026-05-13
SHOP_394,"[""F""]","LC HNI Ki ốt 70, Tầng 1, Tòa HH4C, P. Hoàng Liệt","Ki ốt số 70, Tầng 01, Toà nhà HH4C, P. Hoàng Liệt, Q. Hoàng Mai, TP. Hà Nội",2025-04-11,2025-03-24,2149-06-06,Hà Nội,"26",Hà Nội - KV17,Hà Nội,Phường Hoàng Liệt,"337",2026-05-13
SHOP_395,"[""F""]","LC HCM 125/1-125/1A-125/2 Nguyễn Ảnh Thủ, X. Bà Điểm","125/1-125/1A-125/2 Nguyễn Ánh Thủ, X. Bà Điểm, H. Hóc Môn, TP. Hồ Chí Minh",2025-09-12,2025-08-13,2149-06-06,Hồ Chí Minh,"23",Hồ Chí Minh 1 - KV4,Hồ Chí Minh 1,Xã Bà Điểm,"27592",2026-05-13
SHOP_396,"[""F""]","LC HCM 338 Tô Ký, P. Trung Mỹ Tây","338 Tô Ký, P. Tân Chánh Hiệp, Q. 12, TP. Hồ Chí Minh",2024-08-07,2024-07-23,2149-06-06,Hồ Chí Minh,"23",Hồ Chí Minh 1 - KV26,Hồ Chí Minh 1,Phường Tân Chánh Hiệp,"26776",2026-05-13
SHOP_397,"[""F""]","LC HCM 332 Bình Long, P. Phú Thọ Hòa","332 Bình Long, P. Phú Thọ Hòa, Q. Tân Phú, TP. Hồ Chí Minh",2022-02-14,2022-02-22,2149-06-06,Hồ Chí Minh,"23",Hồ Chí Minh 1 - KV14,Hồ Chí Minh 1,Phường Phú Thọ Hòa,"27025",2026-05-13
SHOP_398,"[""F""]","LC HNI Thôn Long Phú, X. Phú Cát","Thôn Long Phú, X. Hòa Thạch, H. Quốc Oai, TP. Hà Nội",2024-07-05,2023-08-14,2149-06-06,Hà Nội,"26",Hà Nội - KV6,Hà Nội,Xã Hòa Thạch,"9949",2026-05-13
SHOP_399,"[""F""]","LC DNI 1030 Quốc Lộ 1A, X. Xuân Hòa","1030 Quốc Lộ 1A, X. Xuân Hưng, H. Xuân Lộc, Tỉnh Đồng Nai",2023-08-25,2023-07-11,2149-06-06,Tỉnh Đồng Nai,"18",Miền Đông - KV23,Miền Đông,Xã Xuân Hưng,"26446",2026-05-13
SHOP_4,"[""F""]","LC DLK 43 Trần Hưng Đạo, X. Sông Hinh","43 Trần Hưng Đạo, TT. Hai Riêng, H. Sông Hinh, Tỉnh Phú Yên",2023-11-02,2023-10-08,2149-06-06,Tỉnh Phú Yên,"47",Miền Đông - KV2,Miền Đông,Thị trấn Hai Riêng,"22207",2026-05-13
SHOP_40,"[""F""]","LC HCM 160 Cô Giang, P. Cầu Ông Lãnh","160 Cô Giang, P. Cô Giang, Q. 1, TP. Hồ Chí Minh",2022-03-26,2022-04-06,2149-06-06,Hồ Chí Minh,"23",Hồ Chí Minh 1 - KV23,Hồ Chí Minh 1,Phường Cô Giang,"26755",2026-05-13
SHOP_400,"[""F""]","LC QTI Ngã Ba Cửa Tùng, X. Cửa Tùng","Ngã Ba Cửa Tùng, TT. Cửa Tùng, H. Vĩnh Linh, Tỉnh Quảng Trị",2023-05-06,2023-03-28,2149-06-06,Tỉnh Quảng Trị,"52",Miền Trung - KV2,Miền Trung,Thị trấn Cửa Tùng,"19414",2026-05-13
SHOP_401,"[""F""]","LC HCM 160 Tân Hòa Đông, P. Phú Lâm","160 Tân Hòa Đông, P. 14, Q. 6, TP. Hồ Chí Minh",2022-03-26,2022-04-04,2149-06-06,Hồ Chí Minh,"23",Hồ Chí Minh 1 - KV7,Hồ Chí Minh 1,Phường 14,"27346",2026-05-13
SHOP_402,"[""F""]","LC HCM Đường DT328, X. Bàu Lâm","Đường DT328, X. Bàu Lâm, H. Xuyên Mộc, Tỉnh Bà Rịa - Vũng Tàu",2025-03-15,2025-02-15,2149-06-06,Tỉnh Bà Rịa - Vũng Tàu,"9",Hồ Chí Minh 2 - KV21,Hồ Chí Minh 2,Xã Bàu Lâm,"26638",2026-05-13
SHOP_403,"[""F""]","LC QNH 113-115 Lê Lợi, P. Quảng Yên","113-115 Lê Lợi, P. Quảng Yên, TX. Quảng Yên, Tỉnh Quảng Ninh",2025-02-21,2025-01-13,2149-06-06,Tỉnh Quảng Ninh,"49",Miền Bắc 2 - KV19,Miền Bắc 2,Phường Quảng Yên,"7132",2026-05-13
SHOP_404,"[""F""]","LC DLK TDP 02, X. Krông Năng","Tổ Dân Phố 02, TT. Krông Năng, H. Krông Năng, Tỉnh Đắk Lắk",2024-04-06,2024-03-06,2149-06-06,Tỉnh Đắk Lắk,"16",Miền Đông - KV31,Miền Đông,Thị trấn Krông Năng,"24343",2026-05-13
SHOP_405,"[""F""]","LC QTI 202 Quang Trung, P. Bắc Gianh","202 Quang Trung, P. Quảng Thọ, TX. Ba Đồn, Tỉnh Quảng Bình",2024-10-11,2024-08-24,2149-06-06,Tỉnh Quảng Bình,"48",Miền Trung - KV10,Miền Trung,Phường Quảng Thọ,"19066",2026-05-13
SHOP_406,"[""F""]","LC LCU Bản Cầu Phà, X. Pa Tần","Bản Cầu Phà, Xã Trung Chải, Huyện Nậm Nhùn, Tỉnh Lai Châu",2149-06-06,2026-02-27,2149-06-06,Tỉnh Lai Châu,"39",Miền Bắc 1 - KV10,Miền Bắc 1,Xã Trung Chải,"3503",2026-05-13
SHOP_407,"[""F""]","LC CTO KDC TM Huyện Phong Điền, X. Phong Điền","KDC TM Huyện Phong Điền, TT. Phong Điền, H. Phong Điền, TP. Cần Thơ",2024-06-08,2024-05-07,2149-06-06,Cần Thơ,"14",Miền Tây Nam Bộ - KV17,Miền Tây,Thị trấn Phong Điền,"31299",2026-05-13
SHOP_408,"[""F""]","LC NBH Xóm 1, X. Khánh Thiện","Xóm 1, X. Khánh Thiện, H. Yên Khánh, Tỉnh Ninh Bình",2025-06-15,2025-05-19,2149-06-06,Tỉnh Ninh Bình,"43",Miền Bắc 2 - KV10,Miền Bắc 2,Xã Khánh Thiện,"14584",2026-05-13
SHOP_409,"[""VACCINE""]","VX DAG 441 Ngô Quyền, P. An Hải","441 Ngô Quyền, P. An Hải Bắc, Q. Sơn Trà, TP. Đà Nẵng",2024-10-04,2024-09-22,2149-06-06,Đà Nẵng,"17",Miền Trung - KV30,Miền Trung,Phường An Hải Bắc,"20272",2026-05-13
SHOP_41,"[""F""]","LC QNI 570 Nguyễn Nghiêm, P. Đức Phổ","570 Nguyễn Nghiêm, P. Nguyễn Nghiêm, TX. Đức Phổ, Tỉnh Quảng Ngãi",2022-04-13,2022-04-25,2149-06-06,Tỉnh Quảng Ngãi,"50",Miền Trung - KV11,Miền Trung,Phường Nguyễn Nghiêm,"90234",2026-05-13
SHOP_410,"[""F""]","LC LĐG 72 Quốc Lộ 20, P. Xuân Trường - Đà Lạt","72 Quốc Lộ 20, P. 11, TP. Đà Lạt, Tỉnh Lâm Đồng",2023-08-02,2023-06-30,2149-06-06,Tỉnh Lâm Đồng,"40",Miền Đông - KV36,Miền Đông,Phường 11,"24799",2026-05-13
SHOP_411,"[""F""]","LC HNI 223 Yên Duyên, P. Hoàng Mai","223 Yên Duyên, P. Yên Sở, Q. Hoàng Mai, TP. Hà Nội",2022-11-26,2022-11-01,2149-06-06,Hà Nội,"26",Hà Nội - KV14,Hà Nội,Phường Yên Sở,"340",2026-05-13
SHOP_412,"[""F""]","LC HNI 166 Phố Tía, X. Chương Dương","166 Phố Tía, X. Tô Hiệu, H. Thường Tín, TP. Hà Nội",2022-09-20,2022-09-26,2149-06-06,Hà Nội,"26",Hà Nội - KV19,Hà Nội,Xã Tô Hiệu,"10258",2026-05-13
SHOP_413,"[""F""]","LC QNI 466 Phạm Văn Đồng, X. Bình Sơn","466 Phạm Văn Đồng, TT. Châu Ổ, H. Bình Sơn, Tỉnh Quảng Ngãi",2024-08-24,2024-07-22,2149-06-06,Tỉnh Quảng Ngãi,"50",Miền Trung - KV20,Miền Trung,Thị Trấn Châu Ổ,"21040",2026-05-13
SHOP_414,"[""VACCINE""]","VX TNN 2 Nguyễn Khuyến, P. Sông Công","2 Nguyễn Khuyến, P. Thắng Lợi, TP. Sông Công, Tỉnh Thái Nguyên",2025-07-04,2025-07-01,2149-06-06,Tỉnh Thái Nguyên,"59",Miền Bắc 1 - KV6,Miền Bắc 1,Phường Thắng Lợi,"5518",2026-05-13
SHOP_415,"[""F""]","LC NAN Xóm Trung Hồng, X. Diễn Châu","Xóm Trung Hồng, X. Diễn Ngọc, H. Diễn Châu, Tỉnh Nghệ An",2023-04-18,2023-03-08,2149-06-06,Tỉnh Nghệ An,"42",Miền Trung - KV26,Miền Trung,Xã Diễn Ngọc,"17452",2026-05-13
SHOP_416,"[""F""]","LC QNI Thạch Trụ Tây, X. Lân Phong","Thạch Trụ Tây, X. Đức Lân, H. Mộ Đức, Tỉnh Quảng Ngãi",2023-06-03,2023-04-19,2149-06-06,Tỉnh Quảng Ngãi,"50",Miền Trung - KV11,Miền Trung,Xã Đức Lân,"21436",2026-05-13
SHOP_417,"[""F""]","LC LĐG 332 Đường 2/4, X. Đơn Dương","332 Đường 2/4, TT. Thạnh Mỹ, H. Đơn Dương, Tỉnh Lâm Đồng",2022-07-12,2022-08-08,2149-06-06,Tỉnh Lâm Đồng,"40",Miền Đông - KV11,Miền Đông,Thị trấn Thạnh Mỹ,"24931",2026-05-13
SHOP_418,"[""F""]","LC TQG Kiot B5+B6 Chợ TT Bắc Quang, X. Bắc Quang","Kiot B5+B6, Chợ TT Việt Quang, TT. Việt Quang, H. Bắc Quang, Tỉnh Hà Giang",2024-03-05,2024-01-28,2149-06-06,Tỉnh Hà Giang,"25",Miền Bắc 1 - KV16,Miền Bắc 1,Thị trấn Việt Quang,"1153",2026-05-13
SHOP_419,"[""F""]","LC HTH 532 Quang Trung, P. Hoành Sơn","532 Quang Trung, P. Kỳ Phương, TX. Kỳ Anh, Tỉnh Hà Tĩnh",2149-06-06,2025-10-12,2149-06-06,Tỉnh Hà Tĩnh,"29",Miền Trung - KV21,Miền Trung,Phường Kỳ Phương,"18832",2026-05-13
SHOP_42,"[""F""]","LC LCU 101 Đường 30/4, P. Tân Phong","101 Đường 30/04, P. Đông Phong, TP. Lai Châu, Tỉnh Lai Châu",2025-06-17,2025-06-04,2149-06-06,Tỉnh Lai Châu,"39",Miền Bắc 1 - KV10,Miền Bắc 1,Phường Đông Phong,"3408",2026-05-13
SHOP_420,"[""F""]","LC CMU Quốc lộ 1A, X. Lương Thế Trân","Quốc lộ 1A, X. Thạnh Phú, H. Cái Nước, Tỉnh Cà Mau",2023-05-30,2023-05-12,2149-06-06,Tỉnh Cà Mau,"13",Miền Tây Nam Bộ - KV27,Miền Tây,Xã Thạnh Phú,"32130",2026-05-13
SHOP_421,"[""F""]","LC NAN Xóm 4, X. Văn Hiến","Xóm 4, X. Thái Sơn, H. Đô Lương, Tỉnh Nghệ An",2149-06-06,2025-12-26,2149-06-06,Tỉnh Nghệ An,"42",Miền Trung - KV15,Miền Trung,Xã Thái Sơn,"17677",2026-05-13
SHOP_422,"[""F""]","LC PTO 2 Đinh Tiên Hoàng, P. Hòa Bình","2 Đinh Tiên Hoàng, P. Tân Thịnh, TP. Hòa Bình, Tỉnh Hòa Bình",2022-07-13,2022-07-25,2149-06-06,Tỉnh Hòa Bình,"22",Miền Bắc 1 - KV15,Miền Bắc 1,Phường Tân Thịnh,"4801",2026-05-13
SHOP_423,"[""F""]","LC CTO 388 Nguyễn Huệ, P. Phú Lợi","388 Nguyễn Huệ, P. 9, TP. Sóc Trăng, Tỉnh Sóc Trăng",2020-06-12,2020-05-12,2149-06-06,Tỉnh Sóc Trăng,"54",Miền Tây Nam Bộ - KV12,Miền Tây,Phường 9,"31522",2026-05-13
SHOP_424,"[""F""]","LC DAG 54 Lý Thái Tông, P. Thanh Khê","54 Lý Thái Tông, P. Thanh Khê Tây, Q. Thanh Khê, TP. Đà Nẵng",2025-05-18,2025-04-13,2149-06-06,Đà Nẵng,"17",Miền Trung - KV4,Miền Trung,Phường Thanh Khê Tây,"20206",2026-05-13
SHOP_425,"[""F""]","LC LĐG 33A Nguyễn Siêu, P. Lang Biang - Đà Lạt","33A Nguyễn Siêu, P. 7, TP. Đà Lạt, Tỉnh Lâm Đồng",2022-10-02,2022-10-16,2149-06-06,Tỉnh Lâm Đồng,"40",Miền Đông - KV11,Miền Đông,Phường 7,"24769",2026-05-13
SHOP_426,"[""F""]","LC NBH 103 Vũ Hữu Lợi, P. Nam Định","103 Tổ 3 Đường Vũ Hữu Lợi, P. Cửa Nam, TP. Nam Định, Tỉnh Nam Định",2025-09-13,2025-08-20,2149-06-06,Tỉnh Nam Định,"44",Miền Bắc 2 - KV21,Miền Bắc 2,Phường Cửa Nam,"13690",2026-05-13
SHOP_427,"[""F""]","LC HNI Thôn Khê Ngoại, X. Mê Linh","Thôn Khê Ngoại, X. Văn Khê, H. Mê Linh, TP. Hà Nội",2024-11-15,2024-11-01,2149-06-06,Hà Nội,"26",Hà Nội - KV16,Hà Nội,Xã Văn Khê,"9013",2026-05-13
SHOP_428,"[""F""]","LC CMU 71-73 Trần Hưng Đạo, P. Tân Thành","71-73 Trần Hưng Đạo, P. 5, TP. Cà Mau, Tỉnh Cà Mau",2019-09-18,2019-09-06,2149-06-06,Tỉnh Cà Mau,"13",Miền Tây Nam Bộ - KV11,Miền Tây,Phường 5,"32008",2026-05-13
SHOP_429,"[""F""]","LC NBH 8 Minh Khai, P. Nam Định","8 Minh Khai, P. Nguyễn Du, TP. Nam Định, Tỉnh Nam Định",2020-07-19,2020-05-08,2149-06-06,Tỉnh Nam Định,"44",Miền Bắc 2 - KV15,Miền Bắc 2,Phường Nguyễn Du,"13651",2026-05-13
SHOP_43,"[""DA""]",LC-ECOM,"Lầu 1, 379-381 Hai Bà Trưng, P. Võ Thị Sáu, Q. 3, TP. Hồ Chí Minh",2019-07-04,2019-07-16,2149-06-06,Hồ Chí Minh,"23",Hồ Chí Minh 1 - KV1,Hồ Chí Minh 1,Phường 8,"26998",2026-05-13
SHOP_430,"[""F""]","LC LĐG 515 Nguyễn Văn Cừ, P. 1 Bảo Lộc","515 Nguyễn Văn Cừ, P. Lộc Phát, TP. Bảo Lộc, Tỉnh Lâm Đồng",2024-01-12,2023-12-21,2149-06-06,Tỉnh Lâm Đồng,"40",Miền Đông - KV18,Miền Đông,Phường Lộc Phát,"24814",2026-05-13
SHOP_431,"[""F""]","LC HCM 43A/3 Quốc Lộ 1K, P. Đông Hòa","43A/3 Quốc Lộ 1K, P. Bình An, TP. Dĩ An, Tỉnh Bình Dương",2024-12-12,2024-09-17,2149-06-06,Tỉnh Bình Dương,"2",Hồ Chí Minh 2 - KV2,Hồ Chí Minh 2,Phường Bình An,"25951",2026-05-13
SHOP_432,"[""F""]","LC KHA Thôn Xuân Hòa 1, P. Ninh Hòa","Thôn Xuân Hòa 1, X. Ninh Phụng, TX. Ninh Hoà, Tỉnh Khánh Hoà",2023-05-24,2023-04-23,2149-06-06,Tỉnh Khánh Hòa,"35",Miền Đông - KV17,Miền Đông,Xã Ninh Phụng,"22573",2026-05-13
SHOP_433,"[""F""]","LC HCM 1002 Tạ Quang Bửu, P. Bình Đông","1002 Tạ Quang Bửu, P. 6, Q. 8, TP. Hồ Chí Minh",2022-07-24,2022-08-01,2149-06-06,Hồ Chí Minh,"23",Hồ Chí Minh 1 - KV2,Hồ Chí Minh 1,Phường 6,"27424",2026-05-13
SHOP_434,"[""F""]","LC PTO Khu 22, X. Tu Vũ","Khu 22, X. Hoàng Xá, H. Thanh Thủy, Tỉnh Phú Thọ",2023-08-21,2023-08-02,2149-06-06,Tỉnh Phú Thọ,"46",Miền Bắc 1 - KV9,Miền Bắc 1,Xã Hoàng Xá,"8689",2026-05-13
SHOP_435,"[""F""]","LC DLK Thôn 1, QL27, X. Ea Ktur","Thôn 1, QL27, X. Ea Ktur, H. Cư Kuin, Tỉnh Đắk Lắk",2022-02-16,2022-02-26,2149-06-06,Tỉnh Đắk Lắk,"16",Miền Đông - KV8,Miền Đông,Xã Ea Ktur,"24544",2026-05-13
SHOP_436,"[""F""]","LC NBH 953 Trần Hưng Đạo, P. Hoa Lư","953 Trần Hưng Đạo, P. Vân Giang, TP. Hoa Lư, Tỉnh Ninh Bình",2022-08-30,2022-09-07,2149-06-06,Tỉnh Ninh Bình,"43",Miền Bắc 2 - KV20,Miền Bắc 2,Phường Vân Giang,"14329",2026-05-13
SHOP_437,"[""F""]","LC DAG 259 Tiểu La, X. Thăng Bình","259 Tiểu La, TT. Hà Lam, H. Thăng Bình, Tỉnh Quảng Nam",2021-08-03,2021-10-15,2149-06-06,Tỉnh Quảng Nam,"51",Miền Trung - KV3,Miền Trung,Thị trấn Hà Lam,"20791",2026-05-13
SHOP_438,"[""F""]","LC HCM 255 Nguyễn Hữu Trí, X. Tân Nhựt","255 Nguyễn Hữu Trí, TT. Tân Túc, H. Bình Chánh, TP. Hồ Chí Minh",2025-07-25,2025-07-04,2149-06-06,Hồ Chí Minh,"23",Hồ Chí Minh 1 - KV38,Hồ Chí Minh 1,Thị trấn Tân Túc,"27595",2026-05-13
SHOP_439,"[""F""]","LC QTI Thôn Thượng Giang, X. Hòa Trạch","Thôn Thượng Giang, X. Cảnh Dương, H. Quảng Trạch, Tỉnh Quảng Bình",2023-02-14,2022-12-21,2149-06-06,Tỉnh Quảng Bình,"48",Miền Trung - KV10,Miền Trung,Xã Cảnh Dương,"19036",2026-05-13
SHOP_44,"[""F""]","LC DTP Phạm Hữu Lầu, X. Tràm Chim","Phạm Hữu Lầu, TT. Tràm Chim, H. Tam Nông, Tỉnh Đồng Tháp",2023-08-15,2023-07-22,2149-06-06,Tỉnh Đồng Tháp,"20",Miền Tây Nam Bộ - KV16,Miền Tây,Thị trấn Tràm Chim,"30001",2026-05-13
SHOP_440,"[""F""]","LC HYN Xóm 10, X. Đồng Châu","Xóm 10, Thôn Đức Cơ, X. Đông Cơ, H. Tiền Hải, Tỉnh Thái Bình",2023-09-19,2023-08-31,2149-06-06,Tỉnh Thái Bình,"55",Miền Bắc 2 - KV22,Miền Bắc 2,Xã Đông Cơ,"13018",2026-05-13
SHOP_441,"[""F""]","LC HCM Đường ĐT744, P. Tây Nam","Đường ĐT744, X. Thanh Tuyền, H. Dầu Tiếng, Tỉnh Bình Dương",2023-06-20,2023-05-26,2149-06-06,Tỉnh Bình Dương,"2",Hồ Chí Minh 2 - KV14,Hồ Chí Minh 2,Xã Thanh Tuyền,"25810",2026-05-13
SHOP_442,"[""F""]","LC HCM 1244 Kha Vạn Cân, P. Linh Xuân","1244 Kha Vạn Cân, P.Linh Trung, TP. Thủ Đức, TP. Hồ Chí Minh",2021-11-30,2021-11-04,2149-06-06,Hồ Chí Minh,"23",Hồ Chí Minh 2 - KV17,Hồ Chí Minh 2,Phường Linh Trung,"26800",2026-05-13
SHOP_443,"[""F""]","LC HNI 73 Thụy Lôi, X. Thư Lâm","73 Thuỵ Lôi, X. Thuỵ Lâm, H. Đông Anh, TP. Hà Nội",2023-06-29,2023-06-01,2149-06-06,Hà Nội,"26",Hà Nội - KV8,Hà Nội,Xã Thuỵ Lâm,"460",2026-05-13
SHOP_444,"[""F""]","LC DLK 119 Nguyễn Thị Minh Khai, P. Buôn Ma Thuột","119 Nguyễn Thị Minh Khai, P. Thành Công, TP. Buôn Ma Thuột, Tỉnh Đắk Lắk",2022-03-10,2022-03-24,2149-06-06,Tỉnh Đắk Lắk,"16",Miền Đông - KV3,Miền Đông,Phường Thành Công,"24139",2026-05-13
SHOP_445,"[""F""]","LC AGG 186 Trần Hưng Đạo, X. Tri Tôn","186 Trần Hưng Đạo, X. Châu Lăng, H. Tri Tôn, Tỉnh An Giang",2022-08-10,2022-09-22,2149-06-06,Tỉnh An Giang,"1",Miền Tây Nam Bộ - KV28,Miền Tây,Xã Châu Lăng,"30562",2026-05-13
SHOP_446,"[""F""]","LC HCM 174 Nguyễn Thiện Thuật, P. Bàn Cờ","174 Nguyễn Thiện Thuật, P. 3, Q. 3, TP. Hồ Chí Minh",2020-07-08,2020-05-28,2149-06-06,Hồ Chí Minh,"23",Hồ Chí Minh 1 - KV3,Hồ Chí Minh 1,Phường 3,"27154",2026-05-13
SHOP_447,"[""F""]","LC HNI 101 Nhà C18, Tập Thể Thanh Xuân Bắc","101 - Nhà C18, Tập Thể Thanh Xuân Bắc, P. Thanh Xuân Bắc, Q. Thanh Xuân, TP. Hà Nội",2021-10-27,2021-12-20,2022-10-31,Hà Nội,"26",Hà Nội - KV1,Hà Nội,Phường Thanh Xuân Bắc,"367",2026-05-13
SHOP_448,"[""F""]","LC CTO L1-D9 KDC Phú An, Bùi Quang Trinh, P. Hưng Phú","L1-D9 KDC Phú An, Khu đô Thị mới nam sông Cần Thơ, Bùi Quang Trinh, P. Phú Thứ, Q. Cái Răng, TP. Cần Thơ",2022-01-11,2022-01-26,2149-06-06,Cần Thơ,"14",Miền Tây Nam Bộ - KV17,Miền Tây,Phường Phú Thứ,"31201",2026-05-13
SHOP_449,"[""F""]","LC QTI 38 Mẹ Suốt, P. Đồng Hới","38 Mẹ Suốt, P. Đồng Hải, TP. Đồng Hới, Tỉnh Quảng Bình",2021-06-09,2021-04-17,2149-06-06,Tỉnh Quảng Bình,"48",Miền Trung - KV6,Miền Trung,Phường Đồng Hải,"90102",2026-05-13
SHOP_45,"[""F""]","LC HCM 192A Võ Thị Sáu, X. Long Điền","192A Võ Thị Sáu, TT. Long Điền, H. Long Đất, Tỉnh Bà Rịa - Vũng Tàu",2022-08-10,2022-08-27,2149-06-06,Tỉnh Bà Rịa - Vũng Tàu,"9",Hồ Chí Minh 2 - KV13,Hồ Chí Minh 2,Thị trấn Long Điền,"26659",2026-05-13
SHOP_450,"[""F""]","LC VLG 522B Nguyễn Đáng, P. Trà Vinh","522B Nguyễn Đáng, P. 6, TP. Trà Vinh, Tỉnh Trà Vinh",2021-11-15,2021-10-18,2149-06-06,Tỉnh Trà Vinh,"61",Miền Tây Nam Bộ - KV7,Miền Tây,Phường 6,"29251",2026-05-13
SHOP_451,"[""F""]","LC HCM 195 Nguyễn Văn Trỗi, P. Vũng Tàu","195 Nguyễn Văn Trỗi, P. 4, TP. Vũng Tàu, Tỉnh Bà Rịa - Vũng Tàu",2021-11-27,2022-01-10,2149-06-06,Tỉnh Bà Rịa - Vũng Tàu,"9",Hồ Chí Minh 2 - KV23,Hồ Chí Minh 2,Phường 4,"26515",2026-05-13
SHOP_452,"[""F""]","LC DAG 145 Phan Đăng Lưu, P. Hòa Cường","145 Phan Đăng Lưu, P. Hòa Cường Nam, Q. Hải Châu, TP. Đà Nẵng",2021-11-16,2021-04-01,2149-06-06,Đà Nẵng,"17",Miền Trung - KV8,Miền Trung,Phường Hòa Cường Nam,"20258",2026-05-13
SHOP_453,"[""F""]","LC HCM 5/24A Nguyễn Tri Phương, P. Dĩ An","5/24A Nguyễn Tri Phương, P. An Bình, TP. Dĩ An, Tỉnh Bình Dương",2022-01-16,2021-12-12,2149-06-06,Tỉnh Bình Dương,"2",Hồ Chí Minh 2 - KV2,Hồ Chí Minh 2,Phường An Bình,"25960",2026-05-13
SHOP_454,"[""F""]","LC HNI 01S03 Tòa S1.09 Vinhomes Ocean Park, X. Bát Tràng","01S03, Toà S1.09 Vinhomes Ocean Park, X. Đa Tốn, H. Gia Lâm, TP. Hà Nội",2025-05-16,2025-04-15,2149-06-06,Hà Nội,"26",Hà Nội - KV13,Hà Nội,Xã Đa Tốn,"577",2026-05-13
SHOP_455,"[""F""]","LC DLK 113 Ama Khê, P. Tân Lập","113 Ama Khê, P. Tân Lập, TP. Buôn Ma Thuột, Tỉnh Đắk Lắk",2024-11-15,2024-09-28,2149-06-06,Tỉnh Đắk Lắk,"16",Miền Đông - KV8,Miền Đông,Phường Tân Lập,"24118",2026-05-13
SHOP_456,"[""F""]","LC HYN 222-224 Lê Quý Đôn, P. Thái Bình","222-224 Lê Quý Đôn, P. Bồ Xuyên, TP. Thái Bình, Tỉnh Thái Bình",2021-10-30,2021-09-28,2149-06-06,Tỉnh Thái Bình,"55",Miền Bắc 2 - KV22,Miền Bắc 2,Phường Bồ Xuyên,"12436",2026-05-13
SHOP_457,"[""F""]","LC LĐG 207-209 Võ Văn Kiệt, Đặc khu Phú Quý","207-209 Võ Văn Kiệt, X. Tam Thanh, H. Phú Quý, Tỉnh Bình Thuận",2024-01-12,2023-12-09,2149-06-06,Tỉnh Bình Thuận,"11",Miền Đông - KV38,Miền Đông,Xã Tam Thanh,"23278",2026-05-13
SHOP_458,"[""F""]","LC CTO Đường Tỉnh 921, X. Trung Hưng","Đường Tỉnh 921, Ấp Thạnh Quới 01, X. Trung Hưng, H. Cờ Đỏ, TP. Cần Thơ",2023-07-19,2023-06-25,2149-06-06,Cần Thơ,"14",Miền Tây Nam Bộ - KV25,Miền Tây,Xã Trung Hưng,"31255",2026-05-13
SHOP_459,"[""F""]","LC DNI 132 Quốc Lộ 13, P. Minh Hưng","132 Quốc Lộ 13, Phường Minh Hưng, Thị xã Chơn Thành, Tỉnh Bình Phước",2024-07-26,2025-10-11,2149-06-06,Tỉnh Bình Phước,"8",Miền Đông - KV19,Miền Đông,Phường Minh Hưng,"25441",2026-05-13
SHOP_46,"[""F""]","LC HTH 02 Hà Tôn Mục, P. Thành Sen","02 Hà Tôn Mục, P. Nam Hà, TP. Hà Tĩnh, Tỉnh Hà Tĩnh",2022-04-04,2022-04-15,2149-06-06,Tỉnh Hà Tĩnh,"29",Miền Trung - KV21,Miền Trung,Phường Nam Hà,"18073",2026-05-13
SHOP_460,"[""F""]","LC QNH 79 Trần Phú, P. Uông Bí","79 Trần Phú, P. Quang Trung, TP. Uông Bí, Tỉnh Quảng Ninh",2024-10-11,2024-09-27,2149-06-06,Tỉnh Quảng Ninh,"49",Miền Bắc 2 - KV19,Miền Bắc 2,Phường Quang Trung,"6817",2026-05-13
SHOP_461,"[""F""]","LC TQG 336 TDP Cơ Quan, X. Sơn Dương","336 TDP Cơ Quan, TT. Sơn Dương, H. Sơn Dương, Tỉnh Tuyên Quang",2023-08-08,2023-06-22,2149-06-06,Tỉnh Tuyên Quang,"60",Miền Bắc 1 - KV4,Miền Bắc 1,Thị trấn Sơn Dương,"2536",2026-05-13
SHOP_462,"[""F""]","LC TQG 388 Đường 17/8, P. Minh Xuân","388 Đường 17/8, P. Phan Thiết, TP. Tuyên Quang, Tỉnh Tuyên Quang",2022-06-28,2022-07-07,2149-06-06,Tỉnh Tuyên Quang,"60",Miền Bắc 1 - KV4,Miền Bắc 1,Phường Phan Thiết,"2200",2026-05-13
SHOP_463,"[""F""]","LC DNI 01 Hùng Vương, X. Bù Đăng","01 Hùng Vương, TT. Đức Phong, H. Bù Đăng, Tỉnh Bình Phước",2022-07-19,2022-08-13,2149-06-06,Tỉnh Bình Phước,"8",Miền Đông - KV22,Miền Đông,Thị trấn Đức Phong,"25396",2026-05-13
SHOP_464,"[""F""]","LC HCM 487 Âu Cơ, P. Tân Phú","487 Âu Cơ, P. Phú Trung, Q. Tân Phú, TP. Hồ Chí Minh",2023-07-20,2023-07-06,2149-06-06,Hồ Chí Minh,"23",Hồ Chí Minh 1 - KV14,Hồ Chí Minh 1,Phường Phú Trung,"27031",2026-05-13
SHOP_465,"[""HUB""]","LC HCM 91 Đường Số 01, P. An Lạc","91 Đường Số 01, P. Bình Trị Đông B, Q. Bình Tân, TP. Hồ Chí Minh",2021-11-05,2021-09-10,2149-06-06,Hồ Chí Minh,"23",Hồ Chí Minh 1 - KV7,Hồ Chí Minh 1,Phường Bình Trị Đông B,"27451",2026-05-13
SHOP_466,"[""F""]","LC TNH 40 Quốc Lộ 50, X. Cần Giuộc","40 Quốc Lộ 50, TT. Cần Giuộc, H. Cần Giuộc, Tỉnh Long An",2023-03-22,2023-03-09,2149-06-06,Tỉnh Long An,"37",Hồ Chí Minh 2 - KV22,Hồ Chí Minh 2,Thị trấn Cần Giuộc,"28159",2026-05-13
SHOP_467,"[""F""]","LC HNI 279B Đội Cấn, P. Ngọc Hà","279B Đội Cấn, P. Ngọc Hà, Q. Ba Đình, TP. Hà Nội",2021-11-05,2021-12-07,2149-06-06,Hà Nội,"26",Hà Nội - KV16,Hà Nội,Phường Ngọc Hà,"16",2026-05-13
SHOP_468,"[""F""]","LC GLI 240 Âu Cơ, P. Quy Nhơn Tây","240 Âu Cơ, P. Bùi Thị Xuân, TP. Quy Nhơn, Tỉnh Bình Định",2023-11-15,2023-10-15,2149-06-06,Tỉnh Bình Định,"3",Miền Trung - KV5,Miền Trung,Phường Bùi Thị Xuân,"21589",2026-05-13
SHOP_469,"[""VACCINE""]","VX LĐG 44B Phan Đình Phùng, P. Xuân Hương-Đà Lạt","44B Phan Đình Phùng, P. 1, TP. Đà Lạt, Tỉnh Lâm Đồng",2024-04-05,2024-03-22,2149-06-06,Tỉnh Lâm Đồng,"40",Miền Đông - KV11,Miền Đông,Phường 1,"24784",2026-05-13
SHOP_47,"[""HUB""]","LC DNI 262 Nguyễn Huệ, P. An Lộc","262 Nguyễn Huệ, P. Phú Thịnh, TX. Bình Long, Tỉnh Bình Phước",2022-07-03,2022-07-19,2149-06-06,Tỉnh Bình Phước,"8",Miền Đông - KV19,Miền Đông,Phường Phú Thịnh,"25325",2026-05-13
SHOP_470,"[""F""]","LC GLI 321 Quang Trung, X. Phù Mỹ","321 Quang Trung, Thị Trấn Phù Mỹ, Huyện Phù Mỹ, Tỉnh Bình Định",2149-06-06,2025-10-12,2149-06-06,Tỉnh Bình Định,"3",Miền Trung - KV18,Miền Trung,Thị trấn Phù Mỹ,"21730",2026-05-13
SHOP_471,"[""F""]","LC HNI 124 Đường Láng, P. Đống Đa","124 Đường Láng, P. Thịnh Quang, Q. Đống Đa, TP. Hà Nội",2022-08-08,2022-08-19,2149-06-06,Hà Nội,"26",Hà Nội - KV22,Hà Nội,Phường Thịnh Quang,"223",2026-05-13
SHOP_472,"[""VACCINE""]","VX HCM 203-205-205A Đường 3/2, P. Vườn Lài","203-205-205A Đường 3/2, P. 11, Q. 10, TP. Hồ Chí Minh",2023-10-25,2023-10-09,2149-06-06,Hồ Chí Minh,"23",Hồ Chí Minh 1 - KV3,Hồ Chí Minh 1,Phường 11,"27175",2026-05-13
SHOP_473,"[""F""]","LC TQG 482 Kim Bình, X. Chiêm Hóa","482 Kim Bình, TT. Vĩnh Lộc, H. Chiêm Hóa, Tỉnh Tuyên Quang",2025-02-15,2025-01-08,2149-06-06,Tỉnh Tuyên Quang,"60",Miền Bắc 1 - KV16,Miền Bắc 1,Thị trấn Vĩnh Lộc,"2287",2026-05-13
SHOP_474,"[""F""]","LC QNH Tổ 1 Khu 5, P. Việt Hưng","Tổ 1, Khu 5, P. Giếng Đáy, TP. Hạ Long, Tỉnh Quảng Ninh",2025-03-10,2025-03-01,2149-06-06,Tỉnh Quảng Ninh,"49",Miền Bắc 2 - KV5,Miền Bắc 2,Phường Giếng Đáy,"6661",2026-05-13
SHOP_475,"[""F""]","LC DNI 482 Nguyễn Ái Quốc, P. Long Bình","482 Nguyễn Ái Quốc, P. Hố Nai, TP. Biên Hòa , Tỉnh Đồng Nai",2021-11-27,2021-12-28,2149-06-06,Tỉnh Đồng Nai,"18",Miền Đông - KV24,Miền Đông,Phường Hố Nai,"26002",2026-05-13
SHOP_476,"[""F""]","LC THA 67 Lê Lợi, X. Thọ Xuân","67 Lê Lợi, TT. Thọ Xuân, H. Thọ Xuân, Tỉnh Thanh Hóa",2023-03-15,2023-02-27,2149-06-06,Tỉnh Thanh Hóa,"57",Miền Bắc 2 - KV7,Miền Bắc 2,Thị trấn Thọ Xuân,"15481",2026-05-13
SHOP_477,"[""F""]","LC PTO Khu 23, X. Vạn Xuân","Khu 23, X. Vạn Xuân, H. Tam Nông, Tỉnh Phú Thọ",2023-08-21,2023-08-01,2149-06-06,Tỉnh Phú Thọ,"46",Miền Bắc 1 - KV1,Miền Bắc 1,Xã Vạn Xuân,"90162",2026-05-13
SHOP_478,"[""F""]","LC QTI TDP Hùng Phú, X. Quảng Ninh","TDP Hùng Phú, TT. Quán Hàu, H. Quảng Ninh, Tỉnh Quảng Bình",2024-09-18,2024-08-08,2149-06-06,Tỉnh Quảng Bình,"48",Miền Trung - KV6,Miền Trung,Thị trấn Quán Hàu,"19201",2026-05-13
SHOP_479,"[""F""]","LC GLI 1239 Quang Trung, P. An Khê","1239 Quang Trung, Tổ 6, P. Tây Sơn, TX. An Khê, Tỉnh Gia Lai",2022-03-16,2022-03-28,2149-06-06,Tỉnh Gia Lai,"21",Miền Trung - KV27,Miền Trung,Phường Tây Sơn,"23617",2026-05-13
SHOP_48,"[""F""]","LC NAN 305 Đường 1/9, X. Đại Đồng","305 Đường 1/9, TT. Thanh Chương, H. Thanh Chương, Tỉnh Nghệ An",2023-07-15,2023-05-27,2149-06-06,Tỉnh Nghệ An,"42",Miền Trung - KV15,Miền Trung,Thị trấn Thanh Chương,"17713",2026-05-13
SHOP_480,"[""F""]","LC HCM 140 Trần Hưng Đạo, P. Bà Rịa","140 Trần Hưng Đạo, P. Phước Nguyên, TP. Bà Rịa, Tỉnh Bà Rịa - Vũng Tàu",2022-07-18,2022-07-27,2149-06-06,Tỉnh Bà Rịa - Vũng Tàu,"9",Hồ Chí Minh 2 - KV9,Hồ Chí Minh 2,Phường Phước Nguyên,"26554",2026-05-13
SHOP_481,"[""F""]","LC HPG 92 Phố Đình Đoài, P. Đồ Sơn","92 Phố Đình Đoài, P. Hải Sơn, Q. Đồ Sơn, TP. Hải Phòng",2024-10-25,2024-09-29,2149-06-06,Hải Phòng,"28",Miền Bắc 2 - KV17,Miền Bắc 2,Phường Hải Sơn,"90187",2026-05-13
SHOP_482,"[""F""]","LC TNH 1210 Quốc Lộ 22B, P. Long Hoa","1210 Quốc Lộ 22B, X. Trường Đông, TX. Hoà Thành, Tỉnh Tây Ninh",2024-03-09,2024-02-25,2149-06-06,Tỉnh Tây Ninh,"58",Hồ Chí Minh 2 - KV10,Hồ Chí Minh 2,Xã Trường Đông,"25642",2026-05-13
SHOP_483,"[""F""]","LC HCM QL51 KP Mỹ Thạnh, P. Phú Mỹ","Quốc Lộ 51, KP Mỹ Thạnh, P. Mỹ Xuân, TP. Phú Mỹ, Tỉnh Bà Rịa - Vũng Tàu",2025-03-15,2025-07-03,2149-06-06,Tỉnh Bà Rịa - Vũng Tàu,"9",Hồ Chí Minh 2 - KV21,Hồ Chí Minh 2,Phường Mỹ Xuân,"26719",2026-05-13
SHOP_484,"[""F""]","LC NBH Xóm 31, X. Yên Đồng","Xóm 31, X. Yên Đồng, H. Ý Yên, Tỉnh Nam Định",2025-07-05,2025-06-06,2149-06-06,Tỉnh Nam Định,"44",Miền Bắc 2 - KV9,Miền Bắc 2,Xã Yên Đồng,"13879",2026-05-13
SHOP_485,"[""F""]","LC HNI Cụm 3 Quỳnh Đô, X. Thanh Trì","Cụm 3, Thôn Quỳnh Đô, X. Vĩnh Quỳnh, H. Thanh Trì, TP. Hà Nội",2022-12-16,2022-11-07,2149-06-06,Hà Nội,"26",Hà Nội - KV30,Hà Nội,Xã Vĩnh Quỳnh,"664",2026-05-13
SHOP_486,"[""F""]","LC DTP 10 Quốc Lộ 80, X. Tân Nhuận Đông","10 Quốc Lộ 80, X. Tân Nhuận Đông, H. Châu Thành, Tỉnh Đồng Tháp",2025-06-13,2025-05-31,2149-06-06,Tỉnh Đồng Tháp,"20",Miền Tây Nam Bộ - KV21,Miền Tây,Xã Tân Nhuận Đông,"30253",2026-05-13
SHOP_487,"[""F""]","LC HCM 4306 Nguyễn Cửu Phú, P. Tân Tạo","4306 Nguyễn Cửu Phú, P. Tân Tạo A, Q. Bình Tân, TP. Hồ Chí Minh",2023-06-20,2023-05-31,2149-06-06,Hồ Chí Minh,"23",Hồ Chí Minh 1 - KV13,Hồ Chí Minh 1,Phường Tân Tạo A,"27457",2026-05-13
SHOP_488,"[""F""]","LC SLA 66 Lê Trọng Tấn, P. Chiềng Sinh","66 Lê Trọng Tấn, P. Chiềng Sinh, TP. Sơn La, Tỉnh Sơn La",2023-05-08,2023-04-19,2149-06-06,Tỉnh Sơn La,"53",Miền Bắc 1 - KV14,Miền Bắc 1,Phường Chiềng Lề,"3646",2026-05-13
SHOP_489,"[""F""]","LC HNI 76 Kẻ Vẽ, P. Đông Ngạc","76 Kẻ Vẽ, P. Đông Ngạc, Q. Bắc Từ Liêm, TP. Hà Nội",2023-06-01,2022-11-05,2149-06-06,Hà Nội,"26",Hà Nội - KV18,Hà Nội,Phường Đông Ngạc,"601",2026-05-13
SHOP_49,"[""F""]","LC AGG 83 Liên Xã, X. Tân An","83 Liên Xã, X. Long An, TX. Tân Châu, Tỉnh An Giang",2024-10-04,2024-09-27,2149-06-06,Tỉnh An Giang,"1",Miền Tây Nam Bộ - KV28,Miền Tây,Xã Long An,"30391",2026-05-13
SHOP_490,"[""F""]","LC HCM 225 Thoại Ngọc Hầu, P. Phú Thạnh","225 Thoại Ngọc Hầu, P. Phú Thạnh, Q. Tân Phú, TP. Hồ Chí Minh",2022-10-05,2022-10-27,2149-06-06,Hồ Chí Minh,"23",Hồ Chí Minh 1 - KV32,Hồ Chí Minh 1,Phường Phú Thạnh,"27028",2026-05-13
SHOP_491,"[""F""]","LC TNH 492 Nguyễn Chí Thanh, X. Dương Minh Châu","492 Nguyễn Chí Thanh, TT. Dương Minh Châu, H. Dương Minh Châu, Tỉnh Tây Ninh",2022-09-07,2022-10-01,2149-06-06,Tỉnh Tây Ninh,"58",Hồ Chí Minh 2 - KV16,Hồ Chí Minh 2,Thị trấn Dương Minh Châu,"25552",2026-05-13
SHOP_492,"[""F""]","LC TNN 531 Cách Mạng Tháng Tám, P. Sông Công","531 Cách Mạng Tháng Tám, P. Cải Đan, TP. Sông Công, Tỉnh Thái Nguyên",2025-07-19,2025-06-27,2149-06-06,Tỉnh Thái Nguyên,"59",Miền Bắc 1 - KV6,Miền Bắc 1,Phường Cải Đan,"5515",2026-05-13
SHOP_493,"[""VACCINE""]","VX NBH 245 Nguyễn Công Trứ, P. Hoa Lư","245 Nguyễn Công Trứ, P. Vân Giang, TP. Hoa Lư, Tỉnh Ninh Bình",2024-04-12,2024-04-09,2149-06-06,Tỉnh Ninh Bình,"43",Miền Bắc 2 - KV20,Miền Bắc 2,Phường Vân Giang,"14329",2026-05-13
SHOP_494,"[""F""]","LC AGG 46 Nguyễn Trãi, X. An Châu","46 Nguyễn Trãi, TT. An Châu, H. Châu Thành, Tỉnh An Giang",2024-08-03,2024-07-24,2149-06-06,Tỉnh An Giang,"1",Miền Tây Nam Bộ - KV3,Miền Tây,Thị trấn An Châu,"30589",2026-05-13
SHOP_495,"[""F""]","LC DAG Thôn Gia Huệ, X. Vu Gia","Thôn Gia Huệ, X. Đại Minh, H. Đại Lộc, Tỉnh Quảng Nam",2024-03-16,2024-01-26,2149-06-06,Tỉnh Quảng Nam,"51",Miền Trung - KV19,Miền Trung,Xã Đại Minh,"20539",2026-05-13
SHOP_496,"[""F""]","LC GLI 188 Hùng Vương, X. Chư Pưh","188 Hùng Vương, TT. Nhơn Hòa, H. Chư Pưh, Tỉnh Gia Lai",2023-02-10,2023-01-05,2149-06-06,Tỉnh Gia Lai,"21",Miền Trung - KV27,Miền Trung,Thị trấn Nhơn Hòa,"23942",2026-05-13
SHOP_497,"[""F""]","LC LSN 4 Ngô Quyền, P. Đông Kinh","4 Ngô Quyền, P. Vĩnh Trại, TP. Lạng Sơn, Tỉnh Lạng Sơn",2021-12-19,2021-11-27,2149-06-06,Tỉnh Lạng Sơn,"41",Miền Bắc 1 - KV2,Miền Bắc 1,Phường Vĩnh Trại,"5977",2026-05-13
SHOP_498,"[""F""]","LC TQG 141 Tổ 7, X. Vị Xuyên","141, Tổ 7, TT. Vị Xuyên, H. Vị Xuyên, Tỉnh Hà Giang",2023-02-06,2023-01-07,2149-06-06,Tỉnh Hà Giang,"25",Miền Bắc 1 - KV16,Miền Bắc 1,Thị trấn Vị Xuyên,"913",2026-05-13
SHOP_499,"[""F""]","LC HNI 137A Đội Cấn, P. Ngọc Hà","137A Đội Cấn, P. Đội Cấn, Q. Ba Đình, TP. Hà Nội",2020-07-23,2020-07-09,2149-06-06,Hà Nội,"26",Hà Nội - KV16,Hà Nội,Phường Đội Cấn,"22",2026-05-13
SHOP_5,"[""VACCINE""]","VX HCM NI 189 Cống Quỳnh, P. Cầu Ông Lãnh","NI 189 (Phòng 11) Cống Quỳnh, P. Nguyễn Cư Trinh, Q. 1, TP. Hồ Chí Minh",2025-06-27,2025-06-24,2149-06-06,Hồ Chí Minh,"23",Hồ Chí Minh 1 - KV21,Hồ Chí Minh 1,Phường Nguyễn Cư Trinh,"26758",2026-05-13
SHOP_50,"[""F""]","LC QNH 45 Lý Thường Kiệt, X. Quảng Hà","45 Lý Thường Kiệt, TT. Quảng Hà, H. Hải Hà, Tỉnh Quảng Ninh",2023-07-07,2023-05-31,2149-06-06,Tỉnh Quảng Ninh,"49",Miền Bắc 2 - KV12,Miền Bắc 2,Thị trấn Quảng Hà,"6922",2026-05-13
SHOP_51,"[""F""]","LC LĐG 63 Nguyễn Tất Thành, X. Kiến Đức","63 Nguyễn Tất Thành, TT. Kiến Đức, H. Đắk R'Lấp, Tỉnh ĐắK Nông",2023-08-11,2023-06-01,2149-06-06,Tỉnh Đăk Nông,"19",Miền Đông - KV30,Miền Đông,Thị trấn Kiến Đức,"24733",2026-05-13
SHOP_52,"[""F""]","LC HTH 98 Hải Thượng Lãn Ông, P. Thành Sen","98 Hải Thượng Lãn Ông, P. Bắc Hà, TP. Hà Tĩnh, Tỉnh Hà Tĩnh",2021-10-28,2022-01-11,2149-06-06,Tỉnh Hà Tĩnh,"29",Miền Trung - KV21,Miền Trung,Phường Bắc Hà,"18076",2026-05-13
SHOP_53,"[""F""]","LC TNN Xóm Xuân Hà 3, X. Thành Công","Xóm Xuân Hà 3, X. Thành Công, TP. Phổ Yên, Tỉnh Thái Nguyên",2025-06-15,2025-05-23,2149-06-06,Tỉnh Thái Nguyên,"59",Miền Bắc 1 - KV6,Miền Bắc 1,Xã Thành Công,"5881",2026-05-13
SHOP_54,"[""F""]","LC DTP 388 Đường ĐT861, X. Mỹ Lợi","388 Đường ĐT861, Ấp Thái Hòa, X. An Thái Đông, H. Cái Bè, Tỉnh Tiền Giang",2022-01-06,2022-01-29,2149-06-06,Tỉnh Tiền Giang,"56",Miền Tây Nam Bộ - KV23,Miền Tây,Xã An Thái Đông,"28414",2026-05-13
SHOP_55,"[""F""]","LC LSN 261 Lê Đại Hành, P. Đông Kinh","261 Lê Đại Hành, P. Đông Kinh, TP. Lạng Sơn, Tỉnh Lạng Sơn",2023-09-08,2023-08-14,2149-06-06,Tỉnh Lạng Sơn,"41",Miền Bắc 1 - KV2,Miền Bắc 1,Phường Đông Kinh,"5980",2026-05-13
SHOP_56,"[""F""]","LC LĐG 116 Đường 3 tháng 2, X. Đạ Tẻh","116 Đường 3 tháng 2, TT. Đạ Tẻh, H. Đạ Huoai, Tỉnh Lâm Đồng",2025-08-11,2025-07-08,2149-06-06,Tỉnh Lâm Đồng,"40",Miền Đông - KV14,Miền Đông,Thị trấn Đạ Tẻh,"25126",2026-05-13
SHOP_57,"[""F""]","LC HNI 98 Khu Thá, X. Đa Phúc","98 Khu Thá, X. Xuân Giang, H. Sóc Sơn, TP. Hà Nội",2024-12-12,2024-11-27,2149-06-06,Hà Nội,"26",Hà Nội - KV8,Hà Nội,Xã Xuân Giang,"424",2026-05-13
SHOP_58,"[""F""]","LC HNI 102 Sài Đồng, P. Phúc Lợi","102 Sài Đồng, P. Sài Đồng, Q. Long Biên, TP. Hà Nội",2022-06-20,2022-07-07,2149-06-06,Hà Nội,"26",Hà Nội - KV5,Hà Nội,Phường Sài Đồng,"142",2026-05-13
SHOP_59,"[""F""]","LC LCI TDP 7, X. Yên Bình","TDP 7, TT. Yên Bình, H. Yên Bình, Tỉnh Yên Bái",2024-05-26,2024-05-02,2149-06-06,Tỉnh Yên Bái,"64",Miền Bắc 1 - KV11,Miền Bắc 1,Thị trấn Yên Bình,"4714",2026-05-13
SHOP_6,"[""F""]","LC BNH 245-247 Thân Nhân Trung, P. Việt Yên","245-247 Thân Nhân Trung, P. Bích Động, TX. Việt Yên, Tỉnh Bắc Giang",2022-08-29,2022-09-07,2149-06-06,Tỉnh Bắc Giang,"4",Hà Nội - KV11,Hà Nội,Phường Bích Động,"7777",2026-05-13
SHOP_60,"[""VACCINE""]","VX HNI 145-147-149 Lê Lợi, X. Vân Đình","145-147-149 Lê Lợi, TT. Vân Đình, H. Ứng Hòa, TP. Hà Nội",2025-09-12,2025-08-28,2149-06-06,Hà Nội,"26",Hà Nội - KV21,Hà Nội,Thị trấn Vân Đình,"10354",2026-05-13
SHOP_61,"[""F""]","LC QNH Tổ 3 Khu 4B, P. Quang Hanh","Tổ 3 Khu 4B, P. Quang Hanh, TP. Cẩm Phả, Tỉnh Quảng Ninh",2024-11-23,2024-11-02,2149-06-06,Tỉnh Quảng Ninh,"49",Miền Bắc 2 - KV17,Miền Bắc 2,Phường Quang Hanh,"6778",2026-05-13
SHOP_62,"[""F""]","LC NBH 721 Nguyễn Tất Thành, P. Duy Tiên","721 Nguyễn Tất Thành, P. Hòa Mạc, TX. Duy Tiên, Tỉnh Hà Nam",2023-09-07,2023-08-14,2149-06-06,Tỉnh Hà Nam,"27",Miền Bắc 2 - KV3,Miền Bắc 2,Phường Hòa Mạc,"13324",2026-05-13
SHOP_63,"[""F""]","LC LCI 32 Nhạc Sơn, P. Lào Cai","32 Nhạc Sơn, P. Duyên Hải, TP. Lào Cai, Tỉnh Lào Cai",2021-05-27,2021-05-15,2149-06-06,Tỉnh Lào Cai,"38",Miền Bắc 1 - KV5,Miền Bắc 1,Phường Duyên Hải,"2635",2026-05-13
SHOP_64,"[""F""]","LC DLK 536 Nguyễn Văn Cừ, P. Tân Lập","536 Nguyễn Văn Cừ, P. Tân Lập, TP. Buôn Mê Thuột , Tỉnh Đắk Lắk",2022-11-24,2022-10-28,2149-06-06,Tỉnh Đắk Lắk,"16",Miền Đông - KV8,Miền Đông,Phường Tân Lập,"24118",2026-05-13
SHOP_65,"[""F""]","LC SLA 101 Đường 18/10, X. Phù Yên","101 Đường 18/10, TT. Phù Yên, H. Phù Yên, Tỉnh Sơn La",2149-06-06,2024-02-26,2149-06-06,Tỉnh Sơn La,"53",Miền Bắc 1 - KV9,Miền Bắc 1,Thị trấn Phù Yên,"3898",2026-05-13
SHOP_66,"[""F""]","LC NAN Xóm Mỹ Thượng, X. Hải Châu","Xóm Mỹ Thượng, X. Diễn Mỹ, H. Diễn Châu, Tỉnh Nghệ An",2025-08-02,2025-06-30,2149-06-06,Tỉnh Nghệ An,"42",Miền Trung - KV26,Miền Trung,Xã Diễn Mỹ,"17410",2026-05-13
SHOP_67,"[""F""]","LC HCM 650 Nguyễn Kiệm, P. Đức Nhuận","650 Nguyễn Kiệm, P. 4, Q. Phú Nhuận, TP. Hồ Chí Minh",2024-10-03,2024-09-14,2149-06-06,Hồ Chí Minh,"23",Hồ Chí Minh 1 - KV5,Hồ Chí Minh 1,Phường 4,"27043",2026-05-13
SHOP_68,"[""F""]","LC GLI 1047 Quang Trung, P. An Khê","1047 Quang Trung, P. An Phú, TX. An Khê, Tỉnh Gia Lai",2025-03-15,2025-02-26,2149-06-06,Tỉnh Gia Lai,"21",Miền Trung - KV27,Miền Trung,Phường An Phú,"23620",2026-05-13
SHOP_69,"[""F""]","LC LĐG 14 Quốc Lộ 20, X. Bảo Thuận","14 Quốc Lộ 20, X. Đinh Lạc, H. Di Linh, Tỉnh Lâm Đồng",2023-04-22,2023-03-27,2149-06-06,Tỉnh Lâm Đồng,"40",Miền Đông - KV18,Miền Đông,Xã Đinh Lạc,"25018",2026-05-13
SHOP_7,"[""F""]","LC HNI Ngã 4 Chợ Cá, X. Trần Phú","Ngã 4 Chợ Cá, Thôn Đông Tiến, X. Tân Tiến, H. Chương Mỹ, TP. Hà Nội",2024-11-01,2024-09-19,2149-06-06,Hà Nội,"26",Hà Nội - KV21,Hà Nội,Xã Tân Tiến,"10066",2026-05-13
SHOP_70,"[""F""]","LC NBH 24 Trần Hưng Đạo, X. Giao Thủy","24 Trần Hưng Đạo, TDP Sơn Hòa, TT. Ngô Đồng, H. Giao Thủy, Tỉnh Nam Định",2024-07-28,2024-07-16,2149-06-06,Tỉnh Nam Định,"44",Miền Bắc 2 - KV21,Miền Bắc 2,Thị trấn Ngô Đồng,"14149",2026-05-13
SHOP_71,"[""F""]","LC SLA 343A Chu Văn Thịnh, P. Tô Hiệu","343A Chu Văn Thịnh, P. Tô Hiệu, TP. Sơn La, Tỉnh Sơn La",2022-12-07,2022-11-25,2149-06-06,Tỉnh Sơn La,"53",Miền Bắc 1 - KV14,Miền Bắc 1,Phường Tô Hiệu,"3649",2026-05-13
SHOP_72,"[""F""]","LC CTO 294A Cách Mạng Tháng 8, P. Bình Thủy","294A Cách Mạng Tháng 8, P. Bùi Hữu Nghĩa, Q. Bình Thủy, TP. Cần Thơ",2021-10-08,2021-12-20,2149-06-06,Cần Thơ,"14",Miền Tây Nam Bộ - KV31,Miền Tây,Phường Bùi Hữu Nghĩa,"31178",2026-05-13
SHOP_73,"[""F""]","LC CTO 90B/3 Đường 3 tháng 2, P. An Bình","90B/3 đường 3 tháng 2, P. An Bình, Q. Ninh Kiều, TP. Cần Thơ",2025-06-11,2025-05-29,2149-06-06,Cần Thơ,"14",Miền Tây Nam Bộ - KV17,Miền Tây,Phường An Bình,"31150",2026-05-13
SHOP_74,"[""VACCINE""]","VX VLG 189-191 Quốc Lộ 60, X. Mỏ Cày","189-191 Quốc Lộ 60, TT. Mỏ Cày, H. Mỏ Cày Nam, Tỉnh Bến Tre",2025-11-14,2025-11-11,2149-06-06,Tỉnh Bến Tre,"10",Miền Tây Nam Bộ - KV19,Miền Tây,Thị trấn Mỏ Cày,"28903",2026-05-13
SHOP_75,"[""F""]","LC HNI 163 Hồng Hà, X. Liên Minh","163 Hồng Hà, X. Hồng Hà, H. Đan Phượng, TP. Hà Nội",2149-06-06,2025-03-25,2149-06-06,Hà Nội,"26",Hà Nội - KV15,Hà Nội,Xã Hồng Hà,"9796",2026-05-13
SHOP_76,"[""VACCINE""]","VX TNH 148 Quốc Lộ N2, X. Hậu Nghĩa","148 Quốc Lộ N2, TT. Hậu Nghĩa, H. Đức Hòa, Tỉnh Long An",2024-07-12,2024-07-09,2149-06-06,Tỉnh Long An,"37",Hồ Chí Minh 2 - KV26,Hồ Chí Minh 2,Thị trấn Hậu Nghĩa,"27931",2026-05-13
SHOP_77,"[""F""]","LC HCM 110-110A-110B Phan Huy Ích, P. Tân Sơn","110-110A-110B Phan Huy Ích, P. 15, Q. Tân Bình, TP. Hồ Chí Minh",2024-09-18,2024-09-05,2149-06-06,Hồ Chí Minh,"23",Hồ Chí Minh 1 - KV8,Hồ Chí Minh 1,Phường 15,"27007",2026-05-13
SHOP_78,"[""F""]","LC QNI 452-454 Đường 17/3, X. Sơn Hà","452 - 454 Đường 17/3, TT. Di Lăng, H. Sơn Hà, Tỉnh Quảng Ngãi",2024-05-27,2024-04-29,2149-06-06,Tỉnh Quảng Ngãi,"50",Miền Trung - KV20,Miền Trung,Thị trấn Di Lăng,"21289",2026-05-13
SHOP_79,"[""F""]","LC HNI 269 Phố Ga, X. Thường Tín","269 Phố Ga, TT. Thường Tín, H. Thường Tín, TP. Hà Nội",2024-09-25,2024-09-06,2149-06-06,Hà Nội,"26",Hà Nội - KV25,Hà Nội,Thị trấn Thường Tín,"10183",2026-05-13
SHOP_8,"[""F""]","LC HNI 78 Trịnh Đình Cửu, P. Phương Liệt","78 Trịnh Đình Cửu, P. Đình Công, Q. Hoàng Mai, TP. Hà Nội",2023-08-12,2021-04-26,2149-06-06,Hà Nội,"26",Hà Nội - KV17,Hà Nội,Phường Định Công,"307",2026-05-13
SHOP_80,"[""F""]","LC DAG 261 Cửa Đại, P. Hội An Đông","261 Cửa Đại, Phường Cẩm Châu, Thành Phố Hội An, Tỉnh Quảng Nam",2149-06-06,2026-02-03,2149-06-06,Tỉnh Quảng Nam,"51",Miền Trung - KV1,Miền Trung,Phường Cẩm Châu,"20413",2026-05-13
SHOP_81,"[""F""]","LC HCM 740 Võ Thị Sáu, X. Long Hải","740 Võ Thị Sáu, TT. Long Hải, H. Long Đất, Tỉnh Bà Rịa - Vũng Tàu",2023-02-10,2023-01-02,2149-06-06,Tỉnh Bà Rịa - Vũng Tàu,"9",Hồ Chí Minh 2 - KV13,Hồ Chí Minh 2,Thị Trấn Long Hải,"90502",2026-05-13
SHOP_82,"[""F""]","LC DNI 99 Trần Văn Xã, P. Trảng Dài","99 Trần Văn Xã, P. Trảng Dài, TP. Biên Hòa, Tỉnh Đồng Nai",2024-07-12,2024-05-31,2149-06-06,Tỉnh Đồng Nai,"18",Miền Đông - KV29,Miền Đông,Phường Trảng Dài,"25993",2026-05-13
SHOP_83,"[""F""]","LC HYN 732A Lý Bôn, P. Trần Lãm","732A Lý Bôn, P. Kỳ Bá, TP. Thái Bình, Tỉnh Thái Bình",2022-09-26,2022-10-03,2149-06-06,Tỉnh Thái Bình,"55",Miền Bắc 2 - KV22,Miền Bắc 2,Phường Kỳ Bá,"12442",2026-05-13
SHOP_84,"[""F""]","LC DAG Khối Phố Hà My Đông B, P. Điện Bàn Đông","Khối phố Hà My Đông B, P. Điện Dương, TX. Điện Bàn, Tỉnh Quảng Nam",2025-06-20,2025-05-17,2149-06-06,Tỉnh Quảng Nam,"51",Miền Trung - KV1,Miền Trung,Phường Điện Dương,"20581",2026-05-13
SHOP_85,"[""F""]","LC DAG 77-79 Nguyễn Phước Lan, P. Hòa Xuân","77-79 Nguyễn Phước Lan, P. Hòa Xuân, Q. Cẩm Lệ, TP. Đà Nẵng",2025-03-01,2025-01-21,2149-06-06,Đà Nẵng,"17",Miền Trung - KV8,Miền Trung,Phường Hòa Xuân,"20314",2026-05-13
SHOP_86,"[""F""]","LC DNI 982-983 Quốc Lộ 51, P. Long Hưng","982-983 Quốc Lộ 51, P. An Hòa, TP. Biên Hòa, Tỉnh Đồng Nai",2024-09-26,2024-09-11,2149-06-06,Tỉnh Đồng Nai,"18",Miền Đông - KV7,Miền Đông,Phường An Hòa,"90498",2026-05-13
SHOP_87,"[""F""]","LC AGG 02 Nguyễn Văn Linh, P. Tân Châu","02 Nguyễn Văn Linh, P. Long Thạnh , TX. Tân Châu, Tỉnh An Giang",2022-02-22,2022-03-10,2149-06-06,Tỉnh An Giang,"1",Miền Tây Nam Bộ - KV28,Miền Tây,Phường Long Thạnh,"30376",2026-05-13
SHOP_88,"[""F""]","LC DNI F26 Phùng Hưng, P. Long Hưng","F26 Phùng Hưng, KP. 2, P. Long Bình Tân, TP. Biên hòa, Tỉnh Đồng Nai",2025-09-12,2025-08-19,2149-06-06,Tỉnh Đồng Nai,"18",Miền Đông - KV7,Miền Đông,Phường Long Bình Tân,"26056",2026-05-13
SHOP_89,"[""F""]","LC VLG 64 Đường ĐH 18, X. Nhuận Phú Tân","64 Đường ĐH18, X. Nhuận Phú Tân, Huyện Mỏ Cày Bắc, Tỉnh Bến Tre",2025-09-16,2025-08-30,2149-06-06,Tỉnh Bến Tre,"10",Miền Tây Nam Bộ - KV19,Miền Tây,Xã Nhuận Phú Tân,"28936",2026-05-13
SHOP_9,"[""F""]","LC DNI 310 Đường DT768, P. Tân Triều","310 Đường DT768, P. Tân Bình, H. Vĩnh Cửu, Tỉnh Đồng Nai",2024-02-24,2024-01-12,2149-06-06,Tỉnh Đồng Nai,"18",Miền Đông - KV29,Miền Đông,Xã Tân Bình,"26194",2026-05-13
SHOP_90,"[""F""]","LC HNI Khu 7 Quốc Lộ 32, X. Hoài Đức","Khu 7 Quốc Lộ 32, TT. Trạm Trôi, H. Hoài Đức, TP. Hà Nội",2021-10-30,2021-08-07,2149-06-06,Hà Nội,"26",Hà Nội - KV15,Hà Nội,Thị trấn Trạm Trôi,"9832",2026-05-13
SHOP_91,"[""F""]","LC NAN Khối Bắc, X. Đức Châu","Khối Bắc, X. Diễn Hồng, H. Diễn Châu, Tỉnh Nghệ An",2024-05-24,2024-04-29,2149-06-06,Tỉnh Nghệ An,"42",Miền Trung - KV32,Miền Trung,Xã Diễn Hồng,"17413",2026-05-13
SHOP_92,"[""F""]","LC HNI 363 Hoàng Công Chất, P. Phú Diễn","363 Hoàng Công Chất, Phường Phú Diễn, Quận Bắc Từ Liêm, Thành Phố Hà Nội",2149-06-06,2026-03-04,2149-06-06,Hà Nội,"26",Hà Nội - KV22,Hà Nội,Phường Phú Diễn,"619",2026-05-13
SHOP_93,"[""F""]","LC DTP 1504 Quốc Lộ 30, P. Mỹ Ngãi","1504 Quốc Lộ 30, P. 11, TP.Cao Lãnh, Tỉnh Đồng Tháp",2021-10-18,2021-11-07,2149-06-06,Tỉnh Đồng Tháp,"20",Miền Tây Nam Bộ - KV16,Miền Tây,Phường 11,"29863",2026-05-13
SHOP_94,"[""F""]","LC HCM 102/5 Nguyễn Văn Tạo, X. Hiệp Phước","102/5 Nguyễn Văn Tạo, X. Hiệp Phước, H. Nhà Bè, TP. Hồ Chí Minh",2023-09-19,2023-09-04,2149-06-06,Hồ Chí Minh,"23",Hồ Chí Minh 1 - KV16,Hồ Chí Minh 1,Xã Hiệp Phước,"27661",2026-05-13
SHOP_95,"[""F""]","LC VLG 296 Đường 3/2, X. Trà Cú","296 Đường 3/2, TT. Trà Cú, H. Trà Cú, Tỉnh Trà Vinh",2021-10-18,2021-11-18,2149-06-06,Tỉnh Trà Vinh,"61",Miền Tây Nam Bộ - KV7,Miền Tây,Thị trấn Trà Cú,"29461",2026-05-13
SHOP_96,"[""F""]","LC HCM 08 Trần Chánh Chiếu, P. Chợ Lớn","08 Trần Chánh Chiếu, P. 14, Q. 5, TP. Hồ Chí Minh",2022-10-01,2022-10-16,2149-06-06,Hồ Chí Minh,"23",Hồ Chí Minh 1 - KV29,Hồ Chí Minh 1,Phường 14,"27331",2026-05-13
SHOP_97,"[""HOPE""]","HOPE CTO Lô 20 Võ Nguyên Giáp, P. Hưng Phú","Lô 20 Võ Nguyên Giáp, P. Phú Thứ, Q. Cái Răng, TP. Cần Thơ",2025-06-20,2023-08-23,2149-06-06,Cần Thơ,"14",Miền Tây Nam Bộ - KV31,Miền Tây,Phường Phú Thứ,"31201",2026-05-13
SHOP_98,"[""F""]","LC DTP 860D Quốc Lộ 80, X. Lấp Vò","860D Quốc Lộ 80, X. Bình Thành, H. Lấp Vò, Tỉnh Đồng Tháp",2023-02-10,2023-01-04,2149-06-06,Tỉnh Đồng Tháp,"20",Miền Tây Nam Bộ - KV32,Miền Tây,Xã Bình Thành,"30193",2026-05-13
SHOP_99,"[""VACCINE""]","VX HCM 366 Tỉnh Lộ 10, P. Bình Trị Đông","366 Tỉnh Lộ 10, P. Bình Trị Đông, Q. Bình Tân, TP. Hồ Chí Minh",2024-03-22,2024-03-19,2149-06-06,Hồ Chí Minh,"23",Hồ Chí Minh 1 - KV7,Hồ Chí Minh 1,Phường Bình Trị Đông,"27445",2026-05-13