"customer_id","group_customer_id","customer_name_encrypted","customer_age","customer_gender","customer_pronoun","customer_province_code","customer_province_name","customer_ward_code","customer_ward_name","customer_address","customer_hometown","customer_career","_record_date"
"0","0",KUR4hLjw1fYui0hw+FI8YCP0RP5B/mbZ3L6wa/irbHygkCORwVY=,20,Male,Mr,PROV_0,Province 0,WARD_0,Ward 0,Address 0,Hometown 0,Career 0,2026-05-15
"1","1",gKPlbzLWxDZ7abwmLEPJUyzm/xUw9fk3yBUbbB6bB/Ciouah45g=,21,Female,Ms,PROV_1,Province 1,WARD_1,Ward 1,Address 1,Hometown 1,Career 1,2026-05-15
"10","10",B6btBrYZH+yrYzdyt+DTAU435u+A52jVK5l4lxMHl3RkmQHpjkBz,30,Male,Mr,PROV_10,Province 10,WARD_10,Ward 10,Address 10,Hometown 10,Career 10,2026-05-15
"100","100",SZ9lIVFCFBJWLpsu0Zc9lqOdcEyHYF+3baTikJApWASntkt3rEPnhA==,60,Male,Mr,PROV_37,Province 37,WARD_100,Ward 100,Address 100,Hometown 37,Career 0,2026-05-15
"1000","0",/dRL1iTshbmCCQRcuitIFxa/mdlG+4zZDlcEnja9ypBjAWuuCgE9iwI=,60,Male,Mr,PROV_55,Province 55,WARD_0,Ward 0,Address 1000,Hometown 55,Career 0,2026-05-15
"10000","0",UputpE2E5ZZ/aw6AKfTk5hPHmoeQBvmqc6CS22qS15/tgpmvHlNl0EkR,60,Male,Mr,PROV_46,Province 46,WARD_0,Ward 0,Address 10000,Hometown 46,Career 0,2026-05-15
"100000","0",KVqC/cPhK2rHQjhGWOjyLUTRmlLmYvehNAZIOtk4BKAWaT+QImCEdwO62Q==,60,Male,Mr,PROV_19,Province 19,WARD_0,Ward 0,Address 100000,Hometown 19,Career 0,2026-05-15
"1000000","0",aZfi+ROToMln9iIyXcPQrjxWHNslwhG6iSf+ckrGddd0tx8JWNv/YeRutZ4=,60,Male,Mr,PROV_1,Province 1,WARD_0,Ward 0,Address 1000000,Hometown 1,Career 0,2026-05-15
"1000001","1",GreXjM9Vhdycy+DDRLCw0E0JdjIq7ubuBE3rADnGmb5ebdCn9SG4ad6TCes=,61,Female,Ms,PROV_2,Province 2,WARD_1,Ward 1,Address 1000001,Hometown 2,Career 1,2026-05-15
"1000002","2",o4iqeaE6T1s03P8mvE6bU3WClDsQrshBH2qj1URqc4g1AU5Y9k48YHy62+I=,62,Male,Mr,PROV_3,Province 3,WARD_2,Ward 2,Address 1000002,Hometown 3,Career 2,2026-05-15
"1000003","3",zEMdUbHY2mF407mxbRJP1pWTLyrceXPlHoVNqxl2cGOJgflJP5o8RNd/tJw=,63,Female,Ms,PROV_4,Province 4,WARD_3,Ward 3,Address 1000003,Hometown 4,Career 3,2026-05-15
"1000004","4","2nMaeCR+Qt9Rh2otk6S58gqQgqfoHzstly6bysgelIHAx2HXtTWx48KcDJE=",64,Male,Mr,PROV_5,Province 5,WARD_4,Ward 4,Address 1000004,Hometown 5,Career 4,2026-05-15
"1000005","5",JxHbQso0EFBNZl8dZNVulrsFoY8YVeWtt6oRpQodFDKL0VjGGHNRApb/YfE=,65,Female,Ms,PROV_6,Province 6,WARD_5,Ward 5,Address 1000005,Hometown 6,Career 5,2026-05-15
"1000006","6",NSLjY15l8cgT38+JjMYJ82aVHS3O6CtdOxdrMiu2pVKss9rK9CobTb8jUk8=,66,Male,Mr,PROV_7,Province 7,WARD_6,Ward 6,Address 1000006,Hometown 7,Career 6,2026-05-15
"1000007","7",k9O4umZbEFCwyFb0ZRm09d3z3Wkx4lBvfcB4uZUDeZUGKkQTWHaXlIPchjw=,67,Female,Ms,PROV_8,Province 8,WARD_7,Ward 7,Address 1000007,Hometown 8,Career 7,2026-05-15
"1000008","8",os/iTP4Nv3jUtjHAnoQqrAs4S5CMCVJqsMYEWSmCwBW8kHUL3XAGjNc+80c=,68,Male,Mr,PROV_9,Province 9,WARD_8,Ward 8,Address 1000008,Hometown 9,Career 8,2026-05-15
"1000009","9","19Xh1I/kR3GhVtiJBu7g/b8zuHfJsxwWPL586huOYHXUENsPTUzd1zXfMoc=",69,Female,Ms,PROV_10,Province 10,WARD_9,Ward 9,Address 1000009,Hometown 10,Career 9,2026-05-15
"100001","1",ySlsac0dPp/JjaEtqdD2ZLeBNy5dsoVe+JKHKfZt2AzmfCLBeATZTakYhg==,61,Female,Ms,PROV_20,Province 20,WARD_1,Ward 1,Address 100001,Hometown 20,Career 1,2026-05-15
"1000010","10",j7Mt11eFCwm+H2eR3LTgA/2QKwv3xfMI2Tn8DklllToSE16AF1nq/Afaam8=,70,Male,Mr,PROV_11,Province 11,WARD_10,Ward 10,Address 1000010,Hometown 11,Career 10,2026-05-15
"1000011","11",YyTMUIzPEFRZlKJ3YS3Nxf0tzx2E/EG0YjL/JcAJerQV2WEPhMFSMN01xuY=,71,Female,Ms,PROV_12,Province 12,WARD_11,Ward 11,Address 1000011,Hometown 12,Career 11,2026-05-15
"1000012","12",pJB+BUPcZfL7zosi3HAcdKc+QDbcnwkPzv9QueD9fr3Gfrwl8UTsVLnXBzI=,72,Male,Mr,PROV_13,Province 13,WARD_12,Ward 12,Address 1000012,Hometown 13,Career 12,2026-05-15
"1000013","13",hkxCM/Q1tffE1zPacdIeFYB4H+xxaBUvVJ/TrriVMJ2OEWw/q05ckzcWSlo=,73,Female,Ms,PROV_14,Province 14,WARD_13,Ward 13,Address 1000013,Hometown 14,Career 13,2026-05-15
"1000014","14","9NQBFPxVF8GnJY8Iu9yx07pWjLc8vbkvPe6W9O4yc/7Y6Rp0cG6GGUx0jXw=",74,Male,Mr,PROV_15,Province 15,WARD_14,Ward 14,Address 1000014,Hometown 15,Career 14,2026-05-15
"1000015","15",vksw+t+FB7+rGWXH6d9NEVLDzg2T+eozmKTSkF+LYO2mRugArqc8sRzN6r8=,75,Female,Ms,PROV_16,Province 16,WARD_15,Ward 15,Address 1000015,Hometown 16,Career 15,2026-05-15
"1000016","16",cPkLOdhsWhu+AdBvRkPJD3pCWOITXQ2KQCu4mdszFDUCX4SSt5EPXZevftY=,76,Male,Mr,PROV_17,Province 17,WARD_16,Ward 16,Address 1000016,Hometown 17,Career 16,2026-05-15
"1000017","17",gORowUsy4dzC3kXO4cvQnV/Sc1ldeqwztd/TZb4Tm9vvel6Fzm4Ja4WO4GI=,77,Female,Ms,PROV_18,Province 18,WARD_17,Ward 17,Address 1000017,Hometown 18,Career 17,2026-05-15
"1000018","18","3FdgYGkMXuCYnBO4geOf51E1okab+B+mHfs8gxKpYnZcSdlS1/FZvQfqhoM=",78,Male,Mr,PROV_19,Province 19,WARD_18,Ward 18,Address 1000018,Hometown 19,Career 18,2026-05-15
"1000019","19",i1jUpD15UqhjT0rIcMTitLn+7G6uw8OxjvouMuGo9lv+f8ox31IySdQ6Cdo=,79,Female,Ms,PROV_20,Province 20,WARD_19,Ward 19,Address 1000019,Hometown 20,Career 19,2026-05-15
"100002","2",iYRW5YY1F44fCcOeEuT4GsC9dRBnPaqNtHLML8qeaNrpd46VZA1th6MLlQ==,62,Male,Mr,PROV_21,Province 21,WARD_2,Ward 2,Address 100002,Hometown 21,Career 2,2026-05-15
"1000020","20","8fQu00BJfyw8V9vsqIIQkv+9jrjdaCfdg0qKpeWvRZMNn9P6kPq0+mHr3iA=",20,Male,Mr,PROV_21,Province 21,WARD_20,Ward 20,Address 1000020,Hometown 21,Career 0,2026-05-15
"1000021","21",x+aJYWXue0wlQtdZsjPqi/2+9mHoSlgtJNUeqE/R7U+G47O4omXYPFfUQlI=,21,Female,Ms,PROV_22,Province 22,WARD_21,Ward 21,Address 1000021,Hometown 22,Career 1,2026-05-15
"1000022","22","2DdNeCHBQC/2WJrfDwDc4jnjGmooTRO3v9m99lIhM/ZmoIMTz2vYsVv5kNI=",22,Male,Mr,PROV_23,Province 23,WARD_22,Ward 22,Address 1000022,Hometown 23,Career 2,2026-05-15
"1000023","23","99Nra/wGjJTqEOE+VLUA5HClyroDYTtcNbQvzxMjjIgfYu7npGy+mZR8tiE=",23,Female,Ms,PROV_24,Province 24,WARD_23,Ward 23,Address 1000023,Hometown 24,Career 3,2026-05-15
"1000024","24",/u+K4debC9wVCTZ55K32BL4Kad1lV6gem6yyYPGEMK4IlCg5nQ2qzkD9VHk=,24,Male,Mr,PROV_25,Province 25,WARD_24,Ward 24,Address 1000024,Hometown 25,Career 4,2026-05-15
"1000025","25",Ty8vRX8n+B7+f6hcV9cv1wKz30cL0oLTOiKqZBS3ADhIfARBQGMY1XV9pWU=,25,Female,Ms,PROV_26,Province 26,WARD_25,Ward 25,Address 1000025,Hometown 26,Career 5,2026-05-15
"1000026","26",fq/8i1k+1z/QsZ3YTDXWcEzVQhfsRY8Tio61IEOXA5NdccgvzvbHdX6gf1Y=,26,Male,Mr,PROV_27,Province 27,WARD_26,Ward 26,Address 1000026,Hometown 27,Career 6,2026-05-15
"1000027","27",wHesk/QUWOW/f1F8gvY0DlvCwKtq16lN7INA3La3xNXhNp9zb8KwmcXg2+I=,27,Female,Ms,PROV_28,Province 28,WARD_27,Ward 27,Address 1000027,Hometown 28,Career 7,2026-05-15
"1000028","28","95uWgyL5sCMKwUuUiG35v1LmShiNGkducBQmE/VNHyh+NikFFURgbm7rLnQ=",28,Male,Mr,PROV_29,Province 29,WARD_28,Ward 28,Address 1000028,Hometown 29,Career 8,2026-05-15
"1000029","29",E1KYiLfIwm87eMyJ7sdnkRgoBW6EsqVb50/BXU5G32E0zd39rrhttjmHEp4=,29,Female,Ms,PROV_30,Province 30,WARD_29,Ward 29,Address 1000029,Hometown 30,Career 9,2026-05-15
"100003","3","8g8y+m0A/On478t8nhNHWkWDN/zbu/3u7bOOfOvWOUTqVc2yrXqim/g7KQ==",63,Female,Ms,PROV_22,Province 22,WARD_3,Ward 3,Address 100003,Hometown 22,Career 3,2026-05-15
"1000030","30",dnT2PGvYIuAXvtUP7BbRNrzEsqw1Oqceuz7H683QKBq0idJY/MHe6NIzg4I=,30,Male,Mr,PROV_31,Province 31,WARD_30,Ward 30,Address 1000030,Hometown 31,Career 10,2026-05-15
"1000031","31",zotFwW1jJFi9POvpQ3Dm/4FI66cFD68Qs7u+PY5F8JdYYhj0KjOLN3rg0HY=,31,Female,Ms,PROV_32,Province 32,WARD_31,Ward 31,Address 1000031,Hometown 32,Career 11,2026-05-15
"1000032","32",fG0JmOHqRo6kfuRN3R/aw8xwmPxjC9nNH5ywTk4YZg/4JJAU7D45S6vcjr8=,32,Male,Mr,PROV_33,Province 33,WARD_32,Ward 32,Address 1000032,Hometown 33,Career 12,2026-05-15
"1000033","33",yQusUUhCr+9HtElAbC4Or4PbEEa/qnVInHk8GueY+3HMa0fOt8yIP/9IDJI=,33,Female,Ms,PROV_34,Province 34,WARD_33,Ward 33,Address 1000033,Hometown 34,Career 13,2026-05-15
"1000034","34",xoPpMoNbcs3cOzEvpJVvHMzk5dZTlClXpwi0NLwRrZV5IFU8BZmdL0S2VDY=,34,Male,Mr,PROV_35,Province 35,WARD_34,Ward 34,Address 1000034,Hometown 35,Career 14,2026-05-15
"1000035","35",qjjTSt4C1+9dzBVd+YAAXUq/Swxn6WzUqHyz9jwsaj38C2sgn7lh6eBPVok=,35,Female,Ms,PROV_36,Province 36,WARD_35,Ward 35,Address 1000035,Hometown 36,Career 15,2026-05-15
"1000036","36",mcWZdKcO9pNkWy8vZLu1fue/ggWTP/lWG7DURBC7NdvH8Sj+a+8LSLsyPpw=,36,Male,Mr,PROV_37,Province 37,WARD_36,Ward 36,Address 1000036,Hometown 37,Career 16,2026-05-15
"1000037","37",CvQOhwgprbDqqvYvIkT6sczT16YoRALB3JloR3QYWnY7BPuJeuzidvXcOy0=,37,Female,Ms,PROV_38,Province 38,WARD_37,Ward 37,Address 1000037,Hometown 38,Career 17,2026-05-15
"1000038","38",xmxvz1FMGyiMP0P/DgYsHYCsZH33m7G1zThFK0JVHZwHUW5H64t4PuV/+Qc=,38,Male,Mr,PROV_39,Province 39,WARD_38,Ward 38,Address 1000038,Hometown 39,Career 18,2026-05-15
"1000039","39",STGoFF6mbUrP+kQ9ZMMzxVlA1ouLuvmliL2tdqb7krCR7ypSjP6w9nFS3So=,39,Female,Ms,PROV_40,Province 40,WARD_39,Ward 39,Address 1000039,Hometown 40,Career 19,2026-05-15
"100004","4",wEpLPIkywWASiZHZZFx9z/dMzpSpjZyMWK1BbTb0Cl2A2rFzra0MG79tGw==,64,Male,Mr,PROV_23,Province 23,WARD_4,Ward 4,Address 100004,Hometown 23,Career 4,2026-05-15
"1000040","40",yfSdXa8KsWP1GTMVnZ3dNi/PaKMkI4z0f3OZp9kLqWcVy38O/Lr5KjWxclg=,40,Male,Mr,PROV_41,Province 41,WARD_40,Ward 40,Address 1000040,Hometown 41,Career 0,2026-05-15
"1000041","41",GgGbggghr0Es7V87KsNZiqXEXMQOFqu5Z3GWKM5S50jv77ukN59BhY8Nwz0=,41,Female,Ms,PROV_42,Province 42,WARD_41,Ward 41,Address 1000041,Hometown 42,Career 1,2026-05-15
"1000042","42",jL7ZUktLM+FMRRe9r98uPhLMWadCzqX2WgLS5n3JbP231usoxhNQudIkQpY=,42,Male,Mr,PROV_43,Province 43,WARD_42,Ward 42,Address 1000042,Hometown 43,Career 2,2026-05-15
"1000043","43",vrruRfSYXMWfDATcFLhP0dzJG6NzZX16oKaVaDELsG6HMsrSjdPlLVGrydw=,43,Female,Ms,PROV_44,Province 44,WARD_43,Ward 43,Address 1000043,Hometown 44,Career 3,2026-05-15
"1000044","44",dIPKb0h0hB14ek++M8qe4hsZAEIS50CpLP8KfIT9BontH8NDcvcZdr9J4vw=,44,Male,Mr,PROV_45,Province 45,WARD_44,Ward 44,Address 1000044,Hometown 45,Career 4,2026-05-15
"1000045","45",WNY3CnxH1PlF4f3GSR8LWXPIVSON83i4OTNzqfDUcGoSR5htLm+IqZ1e5Go=,45,Female,Ms,PROV_46,Province 46,WARD_45,Ward 45,Address 1000045,Hometown 46,Career 5,2026-05-15
"1000046","46",AJ0bzdqQ34illXFvUjUpnU7/RwZhRrp3SO62e0nhixAni6oxAzOEmylppF4=,46,Male,Mr,PROV_47,Province 47,WARD_46,Ward 46,Address 1000046,Hometown 47,Career 6,2026-05-15
"1000047","47",NQ26e92tbimlScNMbuE9cgm5WbeYlSGxzxoYLb1DP0khxvcDVgjIgNjJ3tA=,47,Female,Ms,PROV_48,Province 48,WARD_47,Ward 47,Address 1000047,Hometown 48,Career 7,2026-05-15
"1000048","48",+Kamxhm/oc1G/2ceEDdSt3OyAjaXeauE5UVM1BGEOAIP/1Ni2Gs3zc6Ji2E=,48,Male,Mr,PROV_49,Province 49,WARD_48,Ward 48,Address 1000048,Hometown 49,Career 8,2026-05-15
"1000049","49","0LIhFNhb4WBvVEWgb5A4JEm3gMCHhMcVqrXnEpmoQM6W0vLsoQyBnrRzr3E=",49,Female,Ms,PROV_50,Province 50,WARD_49,Ward 49,Address 1000049,Hometown 50,Career 9,2026-05-15
"100005","5",S7T7h0zJVjtS65eB4JrTUEyqGk0TbzoDyRiQxrpft6P/eGQcxCh01A2XGg==,65,Female,Ms,PROV_24,Province 24,WARD_5,Ward 5,Address 100005,Hometown 24,Career 5,2026-05-15
"1000050","50",BqTdWFsCvYcpfpXhEkfjC3uCGtRXwaifBk5JurCd5N3KXgudWj77k0H93CE=,50,Male,Mr,PROV_51,Province 51,WARD_50,Ward 50,Address 1000050,Hometown 51,Career 10,2026-05-15
"1000051","51",l4pPDlNIejIfmbupYrGG9IBykfLUbP30N/XOXP4YH2U9jwhqNsGg9LQiHDg=,51,Female,Ms,PROV_52,Province 52,WARD_51,Ward 51,Address 1000051,Hometown 52,Career 11,2026-05-15
"1000052","52",XlHrpZBCK6AMLhre0N2N9HvYnxFJJaHJcu8SDfK5RKC2FRPDbDygIycTpLg=,52,Male,Mr,PROV_53,Province 53,WARD_52,Ward 52,Address 1000052,Hometown 53,Career 12,2026-05-15
"1000053","53",fcNYqM7/z91mz+shkQugiPPaP/O6fP10jM7+jCsBKoyiwdtVcoSsUypAyLY=,53,Female,Ms,PROV_54,Province 54,WARD_53,Ward 53,Address 1000053,Hometown 54,Career 13,2026-05-15
"1000054","54",Mxd++bW1pd62vcqcDo/CxiIgW62RtCe0ZnLNHff4RfBbRn76xEsrftd1CoQ=,54,Male,Mr,PROV_55,Province 55,WARD_54,Ward 54,Address 1000054,Hometown 55,Career 14,2026-05-15
"1000055","55",+BuisKDI9iUyeiy4xS3S9IsZtvqrrs6WEnEaBIODmHKM1Q/WYMTlZ5hME7M=,55,Female,Ms,PROV_56,Province 56,WARD_55,Ward 55,Address 1000055,Hometown 56,Career 15,2026-05-15
"1000056","56",BCMVKYwCgMk408SPYGsC3aTBvxGp9ElmFHQeT1H01A+GnBjiE1JO+N800H4=,56,Male,Mr,PROV_57,Province 57,WARD_56,Ward 56,Address 1000056,Hometown 57,Career 16,2026-05-15
"1000057","57",HWsGpI0XK/vXtf3SYE1uVEntO9zWedoICmuk3wDRBLbqRNlqbxVwyN3lVYs=,57,Female,Ms,PROV_58,Province 58,WARD_57,Ward 57,Address 1000057,Hometown 58,Career 17,2026-05-15
"1000058","58",T0HPvaMQk3dv4N6fiqWXbTInykUskKgaR21rOJvE29NSnDTA0hPD+S1jakQ=,58,Male,Mr,PROV_59,Province 59,WARD_58,Ward 58,Address 1000058,Hometown 59,Career 18,2026-05-15
"1000059","59",Et7VsrxT6BGhz+PAyDg1FRRcjtFN1JIC5HJDFiZynlLa0k5z3bptZdYQej4=,59,Female,Ms,PROV_60,Province 60,WARD_59,Ward 59,Address 1000059,Hometown 60,Career 19,2026-05-15
"100006","6",Jacv/G8FGXppOlDX/DD7J6A4zimaEL1ovQCp2/55T2QyNTOx2lI+LNkDbA==,66,Male,Mr,PROV_25,Province 25,WARD_6,Ward 6,Address 100006,Hometown 25,Career 6,2026-05-15
"1000060","60",iiZ9jBXc/1rPQeTaeFn7EeA1B9ANWNaMPTpmy9BtWGVNmj6Qw9dkh4XxDJA=,60,Male,Mr,PROV_61,Province 61,WARD_60,Ward 60,Address 1000060,Hometown 61,Career 0,2026-05-15
"1000061","61",iSv09yKF3uF4MG8sXfjOb7ZsrP9i1014tfDkAG+H062p1LMW5Dhh/2MoyPM=,61,Female,Ms,PROV_62,Province 62,WARD_61,Ward 61,Address 1000061,Hometown 62,Career 1,2026-05-15
"1000062","62",w82uRUUi2+cnUgGeKYJlVNiHVEQZ2eLJg5sQOGsomYfWodt0Yjxb/2goOkg=,62,Male,Mr,PROV_0,Province 0,WARD_62,Ward 62,Address 1000062,Hometown 0,Career 2,2026-05-15
"1000063","63",W5Ygb7lVXWcQlnaZaQ+XqssnWMHmpHxDuyBsDGpuENlMwkk6VRw7CsVV1Zw=,63,Female,Ms,PROV_1,Province 1,WARD_63,Ward 63,Address 1000063,Hometown 1,Career 3,2026-05-15
"1000064","64","67VKFOcJXPqSSK56AaJnvIWCL7F+Z5teTgsuT15vM4yH+sskRdhoqpesNN8=",64,Male,Mr,PROV_2,Province 2,WARD_64,Ward 64,Address 1000064,Hometown 2,Career 4,2026-05-15
"1000065","65",i3lWeOZ/5akWxFmBjl9j3H6x2aRgexTUHgqi0ZVha2Alc4Z5gRio0Stv/mw=,65,Female,Ms,PROV_3,Province 3,WARD_65,Ward 65,Address 1000065,Hometown 3,Career 5,2026-05-15
"1000066","66",UKFpZceGDpuETo15j1uXUDjpMUUhOmEc7/Boey8B+17UoPwZBGDypdsuiXI=,66,Male,Mr,PROV_4,Province 4,WARD_66,Ward 66,Address 1000066,Hometown 4,Career 6,2026-05-15
"1000067","67","9rqPNgNL4cT/hN1SgLCCU6oRVrLn/2SKizVgAikLNDWcmxjbQGTSrqUQxME=",67,Female,Ms,PROV_5,Province 5,WARD_67,Ward 67,Address 1000067,Hometown 5,Career 7,2026-05-15
"1000068","68",kmNTIyR9Tjoy7aVPctWEnioz6qD+x01lZmbUuFieY/uwRcQInVEjoUs2aLw=,68,Male,Mr,PROV_6,Province 6,WARD_68,Ward 68,Address 1000068,Hometown 6,Career 8,2026-05-15
"1000069","69",dCh29NnbMwNOysQyUG5L0rD7o9esKhyOlCmH2psTOqWuYYGk0T40johIpc4=,69,Female,Ms,PROV_7,Province 7,WARD_69,Ward 69,Address 1000069,Hometown 7,Career 9,2026-05-15
"100007","7","4581vRYU8wHP1xafg4A/vh5PkEuWKeqp58yNkE57TiF+stB9Ya09faM+8Q==",67,Female,Ms,PROV_26,Province 26,WARD_7,Ward 7,Address 100007,Hometown 26,Career 7,2026-05-15
"1000070","70",UMHvRmNvv9yBKnhDJ4ywklPho6cizaJVaJ2BVvZGxv4DX6/RjigG4X8sf/I=,70,Male,Mr,PROV_8,Province 8,WARD_70,Ward 70,Address 1000070,Hometown 8,Career 10,2026-05-15
"1000071","71",w4CcPq28YtJVwQtQGD6GUIqVCx++NxAes1o5ZE0RiKgwEBMB+qFsDUltZ4Y=,71,Female,Ms,PROV_9,Province 9,WARD_71,Ward 71,Address 1000071,Hometown 9,Career 11,2026-05-15
"1000072","72","2zzihRylP0DAnAjYIY0v27tNv+eFY72RvNO2ZoXLPEPWiReAzRKkUVChNNQ=",72,Male,Mr,PROV_10,Province 10,WARD_72,Ward 72,Address 1000072,Hometown 10,Career 12,2026-05-15
"1000073","73","8aC/40xIOMaTMp7YXqnW7enbl4ocQs40OFBWid2BdJ8+cX2yABk/+4Li+Fo=",73,Female,Ms,PROV_11,Province 11,WARD_73,Ward 73,Address 1000073,Hometown 11,Career 13,2026-05-15
"1000074","74","4JbLqgdD/zBndX/zPWBcCAPaV7lTyfcfzh4ocXkgCtUyCgPVtpWAlZDS3eE=",74,Male,Mr,PROV_12,Province 12,WARD_74,Ward 74,Address 1000074,Hometown 12,Career 14,2026-05-15
"1000075","75",SRAuxEeJEIilTu02iE5Ku1VN8Aqd3BaOmtJmUJgCTp7l7A1zO96QQ0SkaMk=,75,Female,Ms,PROV_13,Province 13,WARD_75,Ward 75,Address 1000075,Hometown 13,Career 15,2026-05-15
"1000076","76",jlFlh5HdNRH0VUlX+dKcF3629XoeNgDgDL39BemCBkiuZNmyOrm2/SrFevE=,76,Male,Mr,PROV_14,Province 14,WARD_76,Ward 76,Address 1000076,Hometown 14,Career 16,2026-05-15
"1000077","77",SgJTzRdzOTgV35vbLAy8i52R9b962Yv9+Vf1vVfJ+iWPQS3N6q6J2yfKO5g=,77,Female,Ms,PROV_15,Province 15,WARD_77,Ward 77,Address 1000077,Hometown 15,Career 17,2026-05-15
"1000078","78",uTU8TC8dSJ/2jY9Rz6IuR00jCEZhBH0vu3y9KOMlYshODiUqLsIHQToX6ng=,78,Male,Mr,PROV_16,Province 16,WARD_78,Ward 78,Address 1000078,Hometown 16,Career 18,2026-05-15
"1000079","79",T/yVoAe8nDsfs6BWwq0kIam+3xwVBp0Iao9n+FqBR7V9lieWk6avcDYrngQ=,79,Female,Ms,PROV_17,Province 17,WARD_79,Ward 79,Address 1000079,Hometown 17,Career 19,2026-05-15
"100008","8",q8R6w1zrYiLp2RJXeRltk8PsakBKlHD5lAhVYUQFIRM29H2r/liGFB8liQ==,68,Male,Mr,PROV_27,Province 27,WARD_8,Ward 8,Address 100008,Hometown 27,Career 8,2026-05-15
"1000080","80",ddkXXE1E4dB8RHtnEKEhCnTY6wr2lNjltd1XZ+z8UcwRe1yWnusuMCkq1zA=,20,Male,Mr,PROV_18,Province 18,WARD_80,Ward 80,Address 1000080,Hometown 18,Career 0,2026-05-15
"1000081","81",aHdA+He70rqXr4lkBJ5I8O+6n5qsX3GVPgcWe+WEfIB1cM4S4/2+8JN9mM8=,21,Female,Ms,PROV_19,Province 19,WARD_81,Ward 81,Address 1000081,Hometown 19,Career 1,2026-05-15
"1000082","82",UgaBM0RmfBgxAmhODVY1EwADuvZ3yqj+/npPbHlFCRvqh+5tTnW+uCMcnAQ=,22,Male,Mr,PROV_20,Province 20,WARD_82,Ward 82,Address 1000082,Hometown 20,Career 2,2026-05-15
"1000083","83","5JMh7tGoZzhiyV9ZmSzYtc3+p7WCnMVIPBMrExQf4LGSV8nLFH49mKTc+Fs=",23,Female,Ms,PROV_21,Province 21,WARD_83,Ward 83,Address 1000083,Hometown 21,Career 3,2026-05-15
"1000084","84",Ua1GYBgkEhy5EnMP1eAmJAR90YnvedXv3nuzKu3OEaoGZBWrpkTgoCswJos=,24,Male,Mr,PROV_22,Province 22,WARD_84,Ward 84,Address 1000084,Hometown 22,Career 4,2026-05-15
"1000085","85",L3JY46GKCuUg65cJBZhSo7juQsJ6+RtucwByCsjNNplcebexvMNBbpkQpnc=,25,Female,Ms,PROV_23,Province 23,WARD_85,Ward 85,Address 1000085,Hometown 23,Career 5,2026-05-15
"1000086","86",X50SJ/VThE0CimcsCe5arFynmzOVbOKqsD5Tw0WQhdEsBmwZU/GQ+ho+Ywc=,26,Male,Mr,PROV_24,Province 24,WARD_86,Ward 86,Address 1000086,Hometown 24,Career 6,2026-05-15
"1000087","87",ID/qH/Njg5IMgfmuvO/YZyQwfy9UbMznH9+w6NDY6GeAfmgUuLVR+atE/rA=,27,Female,Ms,PROV_25,Province 25,WARD_87,Ward 87,Address 1000087,Hometown 25,Career 7,2026-05-15
"1000088","88",lEt1S6w5ox5Sd2XGVJMTY4DfkqbHdxj4V3EiRB9qLVEa7aaOpWmg1rxfw4Y=,28,Male,Mr,PROV_26,Province 26,WARD_88,Ward 88,Address 1000088,Hometown 26,Career 8,2026-05-15
"1000089","89",oQkjgZ6G4wNU43sA+imFiJXDpI1h15m389AlCKostpO0poSGM5mgrMMGviA=,29,Female,Ms,PROV_27,Province 27,WARD_89,Ward 89,Address 1000089,Hometown 27,Career 9,2026-05-15
"100009","9",GHL/h4ONpTDocYNzpNzSVO0mK1XByLdARL6Py0C7+bysE6mlDljoIwbTaA==,69,Female,Ms,PROV_28,Province 28,WARD_9,Ward 9,Address 100009,Hometown 28,Career 9,2026-05-15
"1000090","90",hHbuISINFjZ66J7o/CzFVukx2OlSni5UwIbl5oaMqwajRi6XivHmmbhyT88=,30,Male,Mr,PROV_28,Province 28,WARD_90,Ward 90,Address 1000090,Hometown 28,Career 10,2026-05-15
"1000091","91",i0fv3jTH1hXR0IXVewhhMBiGvKcfXIvydG67mrV4wVqJjdEVYIakGdsl2/M=,31,Female,Ms,PROV_29,Province 29,WARD_91,Ward 91,Address 1000091,Hometown 29,Career 11,2026-05-15
"1000092","92",UxAieBMdTP+I+KG1Txx+hHPRcQgXN/lxed0vRPJv/QwKLuba+f6hBsBwohg=,32,Male,Mr,PROV_30,Province 30,WARD_92,Ward 92,Address 1000092,Hometown 30,Career 12,2026-05-15
"1000093","93",uqutPpMYc3qSv0NrQ94S3/lmVMYQTC3WIBX901RdIG1FgtCEXLK63wYI5kA=,33,Female,Ms,PROV_31,Province 31,WARD_93,Ward 93,Address 1000093,Hometown 31,Career 13,2026-05-15
"1000094","94",FtS2lKVmqEcIVoiJzr40iXoZmRM5rzi0hPpqy50JLYZ2aroXAZXvDumZYEc=,34,Male,Mr,PROV_32,Province 32,WARD_94,Ward 94,Address 1000094,Hometown 32,Career 14,2026-05-15
"1000095","95",Zy9DrWRiJqE2BYDDBj37M3+3Zfz0Z9nqJ4j9lPhfZPUxy0DdiCEU82lqocQ=,35,Female,Ms,PROV_33,Province 33,WARD_95,Ward 95,Address 1000095,Hometown 33,Career 15,2026-05-15
"1000096","96",VjCpQucG36YAqhgRG9o9zhnf7t74QAreAqcbLnYy9ist8GwtsHQ7PGTSG6w=,36,Male,Mr,PROV_34,Province 34,WARD_96,Ward 96,Address 1000096,Hometown 34,Career 16,2026-05-15
"1000097","97",Rh6C428faP/sY+oPeg2ILshj0CD2prFyaGCY4hPAn1HISlr/+SoqDf55ewk=,37,Female,Ms,PROV_35,Province 35,WARD_97,Ward 97,Address 1000097,Hometown 35,Career 17,2026-05-15
"1000098","98",e3LSdqHkWf8gCXK2fFv/sZEcU6xRTXgfJLSqUAF7MJHq/8YvJQmyewispjE=,38,Male,Mr,PROV_36,Province 36,WARD_98,Ward 98,Address 1000098,Hometown 36,Career 18,2026-05-15
"1000099","99",lTIP6Nf0dgwzK/So/KrctzIIwbbNSpPIiBlbQtIyitZWlqae8Fm02FneoTQ=,39,Female,Ms,PROV_37,Province 37,WARD_99,Ward 99,Address 1000099,Hometown 37,Career 19,2026-05-15
"10001","1",pMv8vsP++3FhRufcEAqfe9W/qhdhTUJG1J2QzhiAms3e+SNNsgzVBmtx,61,Female,Ms,PROV_47,Province 47,WARD_1,Ward 1,Address 10001,Hometown 47,Career 1,2026-05-15
"100010","10",Zf1Aka0Qi7G+RtkKCBsxd0ZRgh9i6uH2yqER+fyxL/Jq4UAhcNFxqYg4kA==,70,Male,Mr,PROV_29,Province 29,WARD_10,Ward 10,Address 100010,Hometown 29,Career 10,2026-05-15
"1000100","100","5H9LQh6EkCbAvOeNHaFPWtXe2IzEanmQm4KsPm+WnA6ZoYYJ/HiT6hRpOwY=",40,Male,Mr,PROV_38,Province 38,WARD_100,Ward 100,Address 1000100,Hometown 38,Career 0,2026-05-15
"1000101","101",OCeF2JG5Swvg5xX4eXO9+RvwLqPrbVsnbG6dmC4u605A3lnykBpuaZiEqT4=,41,Female,Ms,PROV_39,Province 39,WARD_101,Ward 101,Address 1000101,Hometown 39,Career 1,2026-05-15
"1000102","102",ZRKjQ7e1S6jFcuJG9VfCVzlEA4t7f4Eqc+EjLPej/M5IW9pqVHlDUUbYGX8=,42,Male,Mr,PROV_40,Province 40,WARD_102,Ward 102,Address 1000102,Hometown 40,Career 2,2026-05-15
"1000103","103",W8ng2x0opsKeAfroJWT0MZF2KddpK/Aw4R+2FwLTxuVHarHbaglTQC56HQQ=,43,Female,Ms,PROV_41,Province 41,WARD_103,Ward 103,Address 1000103,Hometown 41,Career 3,2026-05-15
"1000104","104",riiyR7U7pLvuG4agsPmUgAa65iN0qhRDUZvzIMbFTJeEOQkpCc4azkmAgT0=,44,Male,Mr,PROV_42,Province 42,WARD_104,Ward 104,Address 1000104,Hometown 42,Career 4,2026-05-15
"1000105","105",GFiyIBASWkZIlMl5aMroAnnTUmUQcGTOny5/ZqbQbsleU/603JjSOgz3HbM=,45,Female,Ms,PROV_43,Province 43,WARD_105,Ward 105,Address 1000105,Hometown 43,Career 5,2026-05-15
"1000106","106",Jr0GJansu5PDOZWod/jbcUfyymx3eGgDVdqzqngGrZZP1qyMOWy/OVZtQNg=,46,Male,Mr,PROV_44,Province 44,WARD_106,Ward 106,Address 1000106,Hometown 44,Career 6,2026-05-15
"1000107","107",RqCohmjuVeiKnAXlVhNiQ46Zde0KnQBQmmHw760BFqb5Le/UVtVbNHIJHBU=,47,Female,Ms,PROV_45,Province 45,WARD_107,Ward 107,Address 1000107,Hometown 45,Career 7,2026-05-15
"1000108","108",hu/ZXxtr/OUbfI9O/O5AenUWWRGCDT4qDiAp3FeQmzv6C2uXO84pRrGNFpU=,48,Male,Mr,PROV_46,Province 46,WARD_108,Ward 108,Address 1000108,Hometown 46,Career 8,2026-05-15
"1000109","109",/ltipHd6RhIrq7llCm5YBXx5ehROIG7YW0dPTnp8Q2UEDqrECl1zCw8ZaMA=,49,Female,Ms,PROV_47,Province 47,WARD_109,Ward 109,Address 1000109,Hometown 47,Career 9,2026-05-15
"100011","11",/42HLzNAkTEzpVplaUthpk77kQD345hbGSK3Q9I4sR3uVGEfSra6VLVnKg==,71,Female,Ms,PROV_30,Province 30,WARD_11,Ward 11,Address 100011,Hometown 30,Career 11,2026-05-15
"1000110","110",RkUMMugJ2acRxjTg87IZGkyHTSHEXaPR3i3u2JRlXuw/mtO1obqS/p8d0co=,50,Male,Mr,PROV_48,Province 48,WARD_110,Ward 110,Address 1000110,Hometown 48,Career 10,2026-05-15
"1000111","111","3c6jmE/2+2bSJhOvGsykOQXd8hQo7NlpFVBKkRqqumyNCrn5tJVXW3i3MfA=",51,Female,Ms,PROV_49,Province 49,WARD_111,Ward 111,Address 1000111,Hometown 49,Career 11,2026-05-15
"1000112","112",XEuv+vJTVSs6lQlFut9RUh5rQqBevhfFTECU4Y8qOALG+3ncWWuKeUKoAuc=,52,Male,Mr,PROV_50,Province 50,WARD_112,Ward 112,Address 1000112,Hometown 50,Career 12,2026-05-15
"1000113","113",qUqX+KLtNiF/RkNiUbsUafWZlBi1l48tWzk+ttdJ4FguSbsXtPY3bl5d/bU=,53,Female,Ms,PROV_51,Province 51,WARD_113,Ward 113,Address 1000113,Hometown 51,Career 13,2026-05-15
"1000114","114",WdYQpl2+XnbvSm1u14FY6RUymgRSAP5c6fquXCPJ2cHKGhluU2CQLLyXVLo=,54,Male,Mr,PROV_52,Province 52,WARD_114,Ward 114,Address 1000114,Hometown 52,Career 14,2026-05-15
"1000115","115",Wgl3b2xFHuVPAUXhadw3F1tbWF8H3fONFJ1BHiOpQ9APz/R0D3nUQoWQoNU=,55,Female,Ms,PROV_53,Province 53,WARD_115,Ward 115,Address 1000115,Hometown 53,Career 15,2026-05-15
"1000116","116",UJiR6J3n/iJ15vzglP22oRJDv724Abc3spzLj+F0jECuNnwwhYex7pCwLLI=,56,Male,Mr,PROV_54,Province 54,WARD_116,Ward 116,Address 1000116,Hometown 54,Career 16,2026-05-15
"1000117","117",ShZRB/prLmYLUuFjrESxiGtXqqyzjAAoYfbG73rtiWxhMqIy4J7eiTu5Eec=,57,Female,Ms,PROV_55,Province 55,WARD_117,Ward 117,Address 1000117,Hometown 55,Career 17,2026-05-15
"1000118","118",m8YZYA2KbYRw2BbDuOP+Fk5emE2Tc/03k/f6PsAW8a98C8tgkGQKfoaAgWU=,58,Male,Mr,PROV_56,Province 56,WARD_118,Ward 118,Address 1000118,Hometown 56,Career 18,2026-05-15
"1000119","119",clPiD7XRDi/iMuKrGZbvTcgJYbfgoQ1wfRdm6YPWnolYJP933w9SG7F9mPQ=,59,Female,Ms,PROV_57,Province 57,WARD_119,Ward 119,Address 1000119,Hometown 57,Career 19,2026-05-15
"100012","12",g6qelfBwg09DJ2glCnXinLXpPwIGNepAKLN9FdAlBJq811RozZftwCL7DA==,72,Male,Mr,PROV_31,Province 31,WARD_12,Ward 12,Address 100012,Hometown 31,Career 12,2026-05-15
"1000120","120",y88UEKMwx/w5NAfM9KgmkH4+c4YSWqOYiOQTEG8UAtok3H5Ucw5M1/3a3AI=,60,Male,Mr,PROV_58,Province 58,WARD_120,Ward 120,Address 1000120,Hometown 58,Career 0,2026-05-15
"1000121","121",TF/QjQYglf0j2OCw99X+wA0gCk3e7f+1gxLm+KQdmQFzzeqks5GMfc3gNkU=,61,Female,Ms,PROV_59,Province 59,WARD_121,Ward 121,Address 1000121,Hometown 59,Career 1,2026-05-15
"1000122","122",wX1FsmCCTGUSFhjsLY+UuIsjAMPnfMr3kEfRLsN29MZneEI7wDougB1ZGQc=,62,Male,Mr,PROV_60,Province 60,WARD_122,Ward 122,Address 1000122,Hometown 60,Career 2,2026-05-15
"1000123","123",/fYbMvfQvqoYch4wSRt38Mn8Wi0mQEp/UPdQ5ZxAG3IbqbmxvKW9AVrvkvw=,63,Female,Ms,PROV_61,Province 61,WARD_123,Ward 123,Address 1000123,Hometown 61,Career 3,2026-05-15
"1000124","124",LfdgMso3fwRC3IG/JAUgXPwyKBmy8JTErCCIY1t+FTZuDuG5G6R52VeNK5c=,64,Male,Mr,PROV_62,Province 62,WARD_124,Ward 124,Address 1000124,Hometown 62,Career 4,2026-05-15
"1000125","125",cHZzfcdIUozDcAMWBO1VrAhYIWIJDe/kCRNg06wIm3kYyvob1MAXpasCtG8=,65,Female,Ms,PROV_0,Province 0,WARD_125,Ward 125,Address 1000125,Hometown 0,Career 5,2026-05-15
"1000126","126",dtSGJJGMpbUqWjfNFCySmySTLI2rp65WJsqB1koPe3z062p7AFzFqWjAeFs=,66,Male,Mr,PROV_1,Province 1,WARD_126,Ward 126,Address 1000126,Hometown 1,Career 6,2026-05-15
"1000127","127",g1jrDe27uVvUweJ0OHifaizgLI2V/zNzGvtYIbcR9xJ+jt1dG/UpsrsZtS0=,67,Female,Ms,PROV_2,Province 2,WARD_127,Ward 127,Address 1000127,Hometown 2,Career 7,2026-05-15
"1000128","128",YeuRNHj4+/TpoRzSEHeZaKjNkZQ/1B2BimAUYrVKZSnuy/xwhwniq+Ye3rc=,68,Male,Mr,PROV_3,Province 3,WARD_128,Ward 128,Address 1000128,Hometown 3,Career 8,2026-05-15
"1000129","129",xLgV1gWyd2Fg3FJRLPbyY/TB9nRcjB7r1UHfCCHUQFVXS96kPUge7IaIeOY=,69,Female,Ms,PROV_4,Province 4,WARD_129,Ward 129,Address 1000129,Hometown 4,Career 9,2026-05-15
"100013","13","4UR4vvm6hQiYqFJUZa595Ns45pueC8Y7IlXukwHSyAzI3dReQ24MfQ3oJg==",73,Female,Ms,PROV_32,Province 32,WARD_13,Ward 13,Address 100013,Hometown 32,Career 13,2026-05-15
"1000130","130",wSUf1teAzsfMedEJDK7sMXT60w2tVnIc6Nk5A7oNKZqTiMnfHb3D6WoNlzQ=,70,Male,Mr,PROV_5,Province 5,WARD_130,Ward 130,Address 1000130,Hometown 5,Career 10,2026-05-15
"1000131","131",aeyDaWtsB5vD99bfSwRtvZIjFWSbmDnNjt8I+aMTmRPDiHuIDsvB/3OZTt4=,71,Female,Ms,PROV_6,Province 6,WARD_131,Ward 131,Address 1000131,Hometown 6,Career 11,2026-05-15
"1000132","132",AhG8FML7syOBvStv5xiGATE91y4OmHW6ZJ4az2mBkVo8xS+WwZfgitiBi3A=,72,Male,Mr,PROV_7,Province 7,WARD_132,Ward 132,Address 1000132,Hometown 7,Career 12,2026-05-15
"1000133","133",vkVX8Cjh5Ytpj8JD0KjAAHGFoG5f4T9IKE2gPUnuQJ3XD8TBz+Xu9xF4gqc=,73,Female,Ms,PROV_8,Province 8,WARD_133,Ward 133,Address 1000133,Hometown 8,Career 13,2026-05-15
"1000134","134",ifDA0fLA27qjVXF2mlBFzuzvWMIgq+ziDymJjZetVEssVmIQWxCZqTO+lmg=,74,Male,Mr,PROV_9,Province 9,WARD_134,Ward 134,Address 1000134,Hometown 9,Career 14,2026-05-15
"1000135","135",wtvqXS6vnYi5LWHdtxpFOvFBLksnTycHVDlD/sB/wWiTYPn71Kcj/00ubXE=,75,Female,Ms,PROV_10,Province 10,WARD_135,Ward 135,Address 1000135,Hometown 10,Career 15,2026-05-15
"1000136","136",Qsuf1oDEbyxTj1RomfTWpgj1Gzd2AVeldH+rbVy2dAzlFnZAj90XDu4JSRA=,76,Male,Mr,PROV_11,Province 11,WARD_136,Ward 136,Address 1000136,Hometown 11,Career 16,2026-05-15
"1000137","137",dYXzlHP7620yhfAZZP08RnDe22kvwLRxShk/50BrlRCPxegpBNi+G0ww8jk=,77,Female,Ms,PROV_12,Province 12,WARD_137,Ward 137,Address 1000137,Hometown 12,Career 17,2026-05-15
"1000138","138","5Czz6Tg+4wrcXAYHE/wOth8cnu45FEfidJgdFC+5zZYOoaxSoOxrEk5oJ6M=",78,Male,Mr,PROV_13,Province 13,WARD_138,Ward 138,Address 1000138,Hometown 13,Career 18,2026-05-15
"1000139","139","5xUgoxlkjml4UX/qaAu6tloYDsqZV5ytJ1FekCOVjqorod7t1KXfoSD6bTI=",79,Female,Ms,PROV_14,Province 14,WARD_139,Ward 139,Address 1000139,Hometown 14,Career 19,2026-05-15
"100014","14",cpyWPsiG1oawX4RbOAn/1hvrVjg5rLuc9pnGPsT65rs00pbHzn1Q/2mOEw==,74,Male,Mr,PROV_33,Province 33,WARD_14,Ward 14,Address 100014,Hometown 33,Career 14,2026-05-15
"1000140","140",NjdOpLK8zrsI4nZ6olG4LbUQHL6OBnnE5Khp3ZDmpc8GGQe1zphv45KxdEk=,20,Male,Mr,PROV_15,Province 15,WARD_140,Ward 140,Address 1000140,Hometown 15,Career 0,2026-05-15
"1000141","141",YQym9JSpt4PWfF/3No7pj5oB/450as3qwke/4uX1/Pg0c/xcutU3ydCEvno=,21,Female,Ms,PROV_16,Province 16,WARD_141,Ward 141,Address 1000141,Hometown 16,Career 1,2026-05-15
"1000142","142",WSzMVtLSaGlvvwd9Sp/4GKPv4kIL6EnzXvDGMBtvTybgBS4+Fx6RkILyOwA=,22,Male,Mr,PROV_17,Province 17,WARD_142,Ward 142,Address 1000142,Hometown 17,Career 2,2026-05-15
"1000143","143",/st/hfgVctiuhw4TFxsXtryHt+KaJhPt+RSG9niLjLDQ18/oENc5fDmQJ8k=,23,Female,Ms,PROV_18,Province 18,WARD_143,Ward 143,Address 1000143,Hometown 18,Career 3,2026-05-15
"1000144","144",vn84bSi8NgXz7vM1zS/tmK9n09nGDdAD7+gUoknNHUGC1x3v4LKpy1O/mp0=,24,Male,Mr,PROV_19,Province 19,WARD_144,Ward 144,Address 1000144,Hometown 19,Career 4,2026-05-15
"1000145","145","97FyHfXjBzq2wISAHu54SUH0D/llJjm1Bx7qZ6DUEkA9yyx5N2TBG4GWpZg=",25,Female,Ms,PROV_20,Province 20,WARD_145,Ward 145,Address 1000145,Hometown 20,Career 5,2026-05-15
"1000146","146",SGptxH2b52Ql/Wuzeal5yhaziiybZdw1U8bC/w5OMQxvhqzcwpwGmideVF4=,26,Male,Mr,PROV_21,Province 21,WARD_146,Ward 146,Address 1000146,Hometown 21,Career 6,2026-05-15
"1000147","147","6nkc+eDuTDaHd6vRlts+DNSv7FOvzWsAoNvHHXYVY+Fd1h4Jm+JLxtEHuO0=",27,Female,Ms,PROV_22,Province 22,WARD_147,Ward 147,Address 1000147,Hometown 22,Career 7,2026-05-15
"1000148","148","2bSZXOL8SnCu4/Ye36ECFdMQJjHH+2rJk25aAqs0yrABTqRSURShGXXZ9IQ=",28,Male,Mr,PROV_23,Province 23,WARD_148,Ward 148,Address 1000148,Hometown 23,Career 8,2026-05-15
"1000149","149",MiM0VHJedO+ionfhgdAIOZ25iQNty9EBTY+sozyLa7l5RrGJgHl7tSCrst0=,29,Female,Ms,PROV_24,Province 24,WARD_149,Ward 149,Address 1000149,Hometown 24,Career 9,2026-05-15
"100015","15",Ps+EM8Cv9MH1G76V4W6JxoJ5eEYvz9/9XMpQrq7yYXyU4i6BOMkW7Niq1A==,75,Female,Ms,PROV_34,Province 34,WARD_15,Ward 15,Address 100015,Hometown 34,Career 15,2026-05-15
"1000150","150",ywH0bQOjg1gmCBJ0M8nNRA5+mxap56ov4u71C4ya25nrRXNDmJJvjRPJBIg=,30,Male,Mr,PROV_25,Province 25,WARD_150,Ward 150,Address 1000150,Hometown 25,Career 10,2026-05-15
"1000151","151",Q4UfvXl09S2Ci2Sx36bRyWlyFhRT9j6VUOQolhG7+EPyX74ubgklKbbUC8Y=,31,Female,Ms,PROV_26,Province 26,WARD_151,Ward 151,Address 1000151,Hometown 26,Career 11,2026-05-15
"1000152","152",PexnVosouLgYV9i/cNvr6wayxlCNDu9PfzwfOekEEeiw+RH+jV9aszI3AqU=,32,Male,Mr,PROV_27,Province 27,WARD_152,Ward 152,Address 1000152,Hometown 27,Career 12,2026-05-15
"1000153","153",BgtmeZl5I3j5RqmNE46taFzVENu7xaCh+lHjv6iYLCD1rZHwzdwBI9P8dnE=,33,Female,Ms,PROV_28,Province 28,WARD_153,Ward 153,Address 1000153,Hometown 28,Career 13,2026-05-15
"1000154","154",YisOm9XBu3IzAhbkfXruFaxTD/h4127rox4KA38PvAW3pky4j5hEgDR7qf8=,34,Male,Mr,PROV_29,Province 29,WARD_154,Ward 154,Address 1000154,Hometown 29,Career 14,2026-05-15
"1000155","155",o4EmTC8NBn3oW0gIXYxoCyQCj6rmd6SP4MDaEfy3FaLk7cQj344b8bMXIxI=,35,Female,Ms,PROV_30,Province 30,WARD_155,Ward 155,Address 1000155,Hometown 30,Career 15,2026-05-15
"1000156","156",HZsKrtrehyQqKKu+TYqkG7c6/6tc0i7fJ0pJ1lFwmu8j3mtCwOmQ1SI+JIg=,36,Male,Mr,PROV_31,Province 31,WARD_156,Ward 156,Address 1000156,Hometown 31,Career 16,2026-05-15
"1000157","157",YsS0hm94HpNB8HsYsxrx7bWkjVX6MspTdU+zWUMP3A8N67dNOJu+YlnJAGg=,37,Female,Ms,PROV_32,Province 32,WARD_157,Ward 157,Address 1000157,Hometown 32,Career 17,2026-05-15
"1000158","158",ruMTSNMMC1UiGmCEdQs/QwvNtNBZ/ypY1NmqkEgKYKys5sXA8Sy9wlHa2js=,38,Male,Mr,PROV_33,Province 33,WARD_158,Ward 158,Address 1000158,Hometown 33,Career 18,2026-05-15
"1000159","159",lISggV4swHk6ZAKRNXuzfFMmv0pt+ViuAH8fTpMreLxTrlcddqbK0I3wWnE=,39,Female,Ms,PROV_34,Province 34,WARD_159,Ward 159,Address 1000159,Hometown 34,Career 19,2026-05-15
"100016","16",iySiStdmIxT6Oh+dTi2lTs/heyGft8vlRzYcg27AGCJtsZLp2Dpv30skbA==,76,Male,Mr,PROV_35,Province 35,WARD_16,Ward 16,Address 100016,Hometown 35,Career 16,2026-05-15
"1000160","160",lsI9QdaVwau1BBub0Vs/9cpZwHsmeG0JKtkTuKU9tyxwNsmR9p/55VrwfvA=,40,Male,Mr,PROV_35,Province 35,WARD_160,Ward 160,Address 1000160,Hometown 35,Career 0,2026-05-15
"1000161","161",pAs9mIa9Db4onH7p/36GlyG7qMEKTL5uTlgt6mbgc1aMLnuRbX27+U0hSSM=,41,Female,Ms,PROV_36,Province 36,WARD_161,Ward 161,Address 1000161,Hometown 36,Career 1,2026-05-15
"1000162","162",zAM4XHI4m0I/kT6a0fC4Oqb6WKFh2Yj6hawkUNTXkHYo/h9wlYkUOEmXXnc=,42,Male,Mr,PROV_37,Province 37,WARD_162,Ward 162,Address 1000162,Hometown 37,Career 2,2026-05-15
"1000163","163",qC8dBVR4DV8DOnagiK7h08WtcqCYN/TPutNdIp7/xaZZ+N5uxeMCjqpwcDo=,43,Female,Ms,PROV_38,Province 38,WARD_163,Ward 163,Address 1000163,Hometown 38,Career 3,2026-05-15
"1000164","164",mzuO7iQ/jtbPvXK257lFeU3GxUjcBxyQpznsgkr/fSl/xTN1U7twDVSqoFY=,44,Male,Mr,PROV_39,Province 39,WARD_164,Ward 164,Address 1000164,Hometown 39,Career 4,2026-05-15
"1000165","165","496CcQ41PcgzZWL/PI6ciaDOXrVMnv+FgbW5CAkAPLZAf2ThxvPcuR+BqOY=",45,Female,Ms,PROV_40,Province 40,WARD_165,Ward 165,Address 1000165,Hometown 40,Career 5,2026-05-15
"1000166","166",ZfdP8RMgiEy1Yc42D4aCBGKV9jHbYyJo7rFFsODdC0draWY+/JMUKDUu0xE=,46,Male,Mr,PROV_41,Province 41,WARD_166,Ward 166,Address 1000166,Hometown 41,Career 6,2026-05-15
"1000167","167",lX21LuS7mSvL2qDX/czUJEVDsYk/NVhw0xSWstHFF3OC/haDRtuaHP4t7ZQ=,47,Female,Ms,PROV_42,Province 42,WARD_167,Ward 167,Address 1000167,Hometown 42,Career 7,2026-05-15
"1000168","168",I+Fj3s6kg44DEnvYEwDkUN7e6q/6CkOyfOJTbvZy4gyU1gvPnZFZtYEetYg=,48,Male,Mr,PROV_43,Province 43,WARD_168,Ward 168,Address 1000168,Hometown 43,Career 8,2026-05-15
"1000169","169",X7Rj5AyE5AiTdzS8lp/kG51DK1jRPbtKM94JdxmEsnshaTYU9iIhudAHdzQ=,49,Female,Ms,PROV_44,Province 44,WARD_169,Ward 169,Address 1000169,Hometown 44,Career 9,2026-05-15
"100017","17",QNeUKECNLcQXw66IlBs+PoTuEyiVu2a/JJE9LLwfZL6FbzjuyCbhsXH36A==,77,Female,Ms,PROV_36,Province 36,WARD_17,Ward 17,Address 100017,Hometown 36,Career 17,2026-05-15
"1000170","170",t+5GvS4XQKhY1iVnk3pjlx0F0gaVT217tpa7QQ3A03fc190qj9IXFSOHNkE=,50,Male,Mr,PROV_45,Province 45,WARD_170,Ward 170,Address 1000170,Hometown 45,Career 10,2026-05-15
"1000171","171",D5jOeKDJp6iHDcmwoXm70Tkj7StemsdcaN2ZsRaSDE6UAvE1gNfKXCgw2x4=,51,Female,Ms,PROV_46,Province 46,WARD_171,Ward 171,Address 1000171,Hometown 46,Career 11,2026-05-15
"1000172","172",/W83GwmWtoGEptbsxMsLKXHmLAAhW/iikDUT7OADA30Q9j0GlFhLHnfQAic=,52,Male,Mr,PROV_47,Province 47,WARD_172,Ward 172,Address 1000172,Hometown 47,Career 12,2026-05-15
"1000173","173",ZIGvdn7IemZCnygWXd/qk9LxyYkfDtEXtqZd+kBx5Gep2P/jqICnASLuRhs=,53,Female,Ms,PROV_48,Province 48,WARD_173,Ward 173,Address 1000173,Hometown 48,Career 13,2026-05-15
"1000174","174",DbMVB1wlTZdfvF7BzuoOKgbcGY9vxVEkjwADnFhvt4R9ji/Xk6bAYykZ5kI=,54,Male,Mr,PROV_49,Province 49,WARD_174,Ward 174,Address 1000174,Hometown 49,Career 14,2026-05-15
"1000175","175",u0VWRl6WKEbeKrzefLCm80yJ+MOoSI7RNKYCC9PceoQ5orzf8Fn5T/6YbEM=,55,Female,Ms,PROV_50,Province 50,WARD_175,Ward 175,Address 1000175,Hometown 50,Career 15,2026-05-15
"1000176","176",PDs6vA7qU9q7eHhQDb38/81obOdZPQ5WnMXwtd5wQgolp9V7zGsEQYsyVpg=,56,Male,Mr,PROV_51,Province 51,WARD_176,Ward 176,Address 1000176,Hometown 51,Career 16,2026-05-15
"1000177","177",L5FkQJgLBOPdvuNbmIzqrG6+cbLTRRmYMopDCpbh8OkgnqwXriuSeAbWdUY=,57,Female,Ms,PROV_52,Province 52,WARD_177,Ward 177,Address 1000177,Hometown 52,Career 17,2026-05-15
"1000178","178",zxFajTx5hPphLhHaSNItGUyq/sTf3JwzShqvLZ9L/EYqaSmzPfgqULx1bJA=,58,Male,Mr,PROV_53,Province 53,WARD_178,Ward 178,Address 1000178,Hometown 53,Career 18,2026-05-15
"1000179","179","7GwsiOcMOXB5/pq6i2bpLDcIJRsHxmq7vKGVdTmvgJI5nE2Pbee5+ZceL3c=",59,Female,Ms,PROV_54,Province 54,WARD_179,Ward 179,Address 1000179,Hometown 54,Career 19,2026-05-15
"100018","18",D4KydBsTA6loBTwEbjk6aspVnDO+WnGTRZc6Daj1AKO79ywv7Zn7OPt1Dw==,78,Male,Mr,PROV_37,Province 37,WARD_18,Ward 18,Address 100018,Hometown 37,Career 18,2026-05-15
"1000180","180",lXJm5WqGdxwFIpWZGDUAJW6PdnpC5dqo1lvDGWIQf6unp7iVxSjsdBGVpGU=,60,Male,Mr,PROV_55,Province 55,WARD_180,Ward 180,Address 1000180,Hometown 55,Career 0,2026-05-15
"1000181","181","69SBUJ+dPtUsmJpUEh+SufqQJXY5dL0PqwxxYKA/ljHsCVtRYNelWW7WIg8=",61,Female,Ms,PROV_56,Province 56,WARD_181,Ward 181,Address 1000181,Hometown 56,Career 1,2026-05-15
"1000182","182",cqcFe5+tGN48Rjb+zlZTYmh0R4VgEg9iwU+oyDsRVy7yXFBQQDoXYIQUlqg=,62,Male,Mr,PROV_57,Province 57,WARD_182,Ward 182,Address 1000182,Hometown 57,Career 2,2026-05-15
"1000183","183",s2K4osNmKfDkX1JXVfCLA8OU+0ExrGnubM+240ANNWuczOfedQuqeHkvQQk=,63,Female,Ms,PROV_58,Province 58,WARD_183,Ward 183,Address 1000183,Hometown 58,Career 3,2026-05-15
"1000184","184",WOUUm2+SIq4Zq95RPliRTk8dPlYwTQPrlnigI/S+5i4hlZKIAw6qTfEBW/Q=,64,Male,Mr,PROV_59,Province 59,WARD_184,Ward 184,Address 1000184,Hometown 59,Career 4,2026-05-15
"1000185","185","2smKneCqqFp/EMEymWAIdtIGUlnSWcBvw/FCDhcZY2xD2SK7VGEaWMhmBw8=",65,Female,Ms,PROV_60,Province 60,WARD_185,Ward 185,Address 1000185,Hometown 60,Career 5,2026-05-15
"1000186","186",x/v4erML1vrw1H0TmckKcwO8y2eZocHyncAdaG+t5j/ruq32QLwRJ84letE=,66,Male,Mr,PROV_61,Province 61,WARD_186,Ward 186,Address 1000186,Hometown 61,Career 6,2026-05-15
"1000187","187",Bda4T+h2MXgYXk2i1rkJljPG5OcrHYgCk/0Fwr2gKwnU0jRiTgpD2dnctZU=,67,Female,Ms,PROV_62,Province 62,WARD_187,Ward 187,Address 1000187,Hometown 62,Career 7,2026-05-15
"1000188","188",Ys5Z3rzuyGSyL+cRDMzFvqc0J8DS8aD54NLCcTVAC01WiL4sXzGUYk27D2w=,68,Male,Mr,PROV_0,Province 0,WARD_188,Ward 188,Address 1000188,Hometown 0,Career 8,2026-05-15
"1000189","189",ezzK9rPs2VFB+6Wq8D4sj9ATwpFUxEE2VOoVggnV9dK9Kv1W0hNcSOrkz9M=,69,Female,Ms,PROV_1,Province 1,WARD_189,Ward 189,Address 1000189,Hometown 1,Career 9,2026-05-15
"100019","19",zqXl0OYEQSFKZxnpteV2E8TA/y/o9vyTT8ms3od32o7fz+ipMkXqziQ9jA==,79,Female,Ms,PROV_38,Province 38,WARD_19,Ward 19,Address 100019,Hometown 38,Career 19,2026-05-15
"1000190","190",yT0G5Ww7dL2oSkUPm9dUnq3peTb3Yq9NeKhatJmzubDMaZveEaDFyn2Jgn8=,70,Male,Mr,PROV_2,Province 2,WARD_190,Ward 190,Address 1000190,Hometown 2,Career 10,2026-05-15
"1000191","191",W6oKQ8wP43RtdAET+dpEfCwlFJSK9D6H44BhueeI4Vy88BpijykWAjGLtQY=,71,Female,Ms,PROV_3,Province 3,WARD_191,Ward 191,Address 1000191,Hometown 3,Career 11,2026-05-15
"1000192","192",Dt7jLXxvFa+R09HAQAPZ7CEzLt9Dpmp8xj7dlnUsnru24bvjpKOuFjkGAcw=,72,Male,Mr,PROV_4,Province 4,WARD_192,Ward 192,Address 1000192,Hometown 4,Career 12,2026-05-15
"1000193","193",Ki1dyXmWkUQix4PbhWAXh/cbLeXpn2GkXLglOGWdnQ1x8CjbNKrxKcaJ/lE=,73,Female,Ms,PROV_5,Province 5,WARD_193,Ward 193,Address 1000193,Hometown 5,Career 13,2026-05-15
"1000194","194",GCqjThXVorR4ZYNKb8xtZt9Z44aAfKgwR1L2F3uNYvGrQZbhrKcLpggdq1w=,74,Male,Mr,PROV_6,Province 6,WARD_194,Ward 194,Address 1000194,Hometown 6,Career 14,2026-05-15
"1000195","195",Li0QGU5lbIQCCgz2ELKRuv/+lHbtErjTbofxIvsg3gOh14rCyqIqPoeUe/w=,75,Female,Ms,PROV_7,Province 7,WARD_195,Ward 195,Address 1000195,Hometown 7,Career 15,2026-05-15
"1000196","196","9GT8un2xZUIu4fMZagHPp1wJ4CebyMnKCd4WG4l8gxxW8tc+GOtYtxfZjdM=",76,Male,Mr,PROV_8,Province 8,WARD_196,Ward 196,Address 1000196,Hometown 8,Career 16,2026-05-15
"1000197","197","731um7GMgiPVnAXI6UnJZXiKmpK3iYTJVif9kPMX2aXervGY38bl3JpivoY=",77,Female,Ms,PROV_9,Province 9,WARD_197,Ward 197,Address 1000197,Hometown 9,Career 17,2026-05-15
"1000198","198",podMK1JjB/f1bsKMiWY2Fs0ueqju/0CDmFKAeF5fRNnXkn7WAdYKtWCvlKE=,78,Male,Mr,PROV_10,Province 10,WARD_198,Ward 198,Address 1000198,Hometown 10,Career 18,2026-05-15
"1000199","199",Aw4sqwgPCzX+LuMR9Z4E3eAfh1SRVIWIXlP0s6fCradX9PjtWcLNfDVwdvQ=,79,Female,Ms,PROV_11,Province 11,WARD_199,Ward 199,Address 1000199,Hometown 11,Career 19,2026-05-15
"10002","2",+IDUBeEVj+C8NL13PGQuigrmOtd4zWKPFJt92VhHPnO7WI6wnC/WIGOG,62,Male,Mr,PROV_48,Province 48,WARD_2,Ward 2,Address 10002,Hometown 48,Career 2,2026-05-15
"100020","20",Mm45ikdjZuYpoyevEGq+4DyYmu/ZoXBx3lIna4IM3pnS9fL2FrnVwYc8ag==,20,Male,Mr,PROV_39,Province 39,WARD_20,Ward 20,Address 100020,Hometown 39,Career 0,2026-05-15
"1000200","200",FFPIexbpF2qj03VJRzeBDdtlHTBhwY4jI0l92rgwxGBeMu4uFXACIcxUWdA=,20,Male,Mr,PROV_12,Province 12,WARD_200,Ward 200,Address 1000200,Hometown 12,Career 0,2026-05-15
"1000201","201",LaNX9WJQ6OvfFXGGhRCHEiTdPtDGgd2DeJKEXBQ2XbRrC0gBkD4V37qsDes=,21,Female,Ms,PROV_13,Province 13,WARD_201,Ward 201,Address 1000201,Hometown 13,Career 1,2026-05-15
"1000202","202",CbnXjtr3FQq3mFOpCDzM5THi2LfWyecjSePJ19mAnZEL07/2OnJrGIio30U=,22,Male,Mr,PROV_14,Province 14,WARD_202,Ward 202,Address 1000202,Hometown 14,Career 2,2026-05-15
"1000203","203",+KjjB9Xq5Eq04OEFPGhTsB6U1CeLwDLAUAvW7OPSEZuvpgiTdALMCwgPMkA=,23,Female,Ms,PROV_15,Province 15,WARD_203,Ward 203,Address 1000203,Hometown 15,Career 3,2026-05-15
"1000204","204",h6mVB5F7S2f8d/kFiziF/l679InUBHWB/RWXfeSOf2ZCVs8SWyeMu5QXy0c=,24,Male,Mr,PROV_16,Province 16,WARD_204,Ward 204,Address 1000204,Hometown 16,Career 4,2026-05-15
"1000205","205",YCGhkMSluYB7tNzfIorxWAFsVWep8p+AqqAqsA97Gk/jRHUflhPmnyWgfk8=,25,Female,Ms,PROV_17,Province 17,WARD_205,Ward 205,Address 1000205,Hometown 17,Career 5,2026-05-15
"1000206","206","7UHIjV3n5jMJ7875uTPWREvsdPukKPT1FVsh8h2d4LvnwXqqrqBu00enBww=",26,Male,Mr,PROV_18,Province 18,WARD_206,Ward 206,Address 1000206,Hometown 18,Career 6,2026-05-15
"1000207","207",Qiv5F0TcCwKXIcI9KOsvEd85N0t+niOSLEV+gyuXpC8Qxa7uNNwIGNh1uSs=,27,Female,Ms,PROV_19,Province 19,WARD_207,Ward 207,Address 1000207,Hometown 19,Career 7,2026-05-15
"1000208","208","7vZK//vvFxIVZujzem5UibFW9k/lwN4zJJR2c/uDgDjRxIFSfDNT9GyXlfk=",28,Male,Mr,PROV_20,Province 20,WARD_208,Ward 208,Address 1000208,Hometown 20,Career 8,2026-05-15
"1000209","209",RN24xFn6s5bDwN4JDFlIHhJ9hvD9OgGmVB9iJBh9uYsxApcpygoD3g52apM=,29,Female,Ms,PROV_21,Province 21,WARD_209,Ward 209,Address 1000209,Hometown 21,Career 9,2026-05-15
"100021","21",WQjMY5+eGHYCYwNXeDZ/xBkmCUX/GHrJ4BU1GE7kJ4wg7tdHa6FcL6tk8g==,21,Female,Ms,PROV_40,Province 40,WARD_21,Ward 21,Address 100021,Hometown 40,Career 1,2026-05-15
"1000210","210",X+wWJLl3SPGdWtYptZDU+nVM6i5yACf5Djl6Up/RuJSMqy6PLdL4tx+NUrM=,30,Male,Mr,PROV_22,Province 22,WARD_210,Ward 210,Address 1000210,Hometown 22,Career 10,2026-05-15
"1000211","211",rDAweFu2Bqln+aB/10xWeJM4zJKHakPzC6/8kuqwIsz/5QYce2SxsdByJHU=,31,Female,Ms,PROV_23,Province 23,WARD_211,Ward 211,Address 1000211,Hometown 23,Career 11,2026-05-15
"1000212","212",JnwYcPlYD1RQZ4s1MbJf/E3S0eaBN/IALs3ww0EgcRO79vgzlgSUUfGKTOQ=,32,Male,Mr,PROV_24,Province 24,WARD_212,Ward 212,Address 1000212,Hometown 24,Career 12,2026-05-15
"1000213","213","439iRA5jZiEv95bMw42gLgPMI2b9Uv7h2NadAEufrYHolH+KVxOJFLkEKbA=",33,Female,Ms,PROV_25,Province 25,WARD_213,Ward 213,Address 1000213,Hometown 25,Career 13,2026-05-15
"1000214","214",UY6yCm6cRo3LqosjCHhrrofU7NjvDKq+H2rRTFPNZNYiLyi2aQFz+/nCiVg=,34,Male,Mr,PROV_26,Province 26,WARD_214,Ward 214,Address 1000214,Hometown 26,Career 14,2026-05-15
"1000215","215","1LA+zUddqeSO49y1oF6cFjDdWvNPWz8f7gPwDdywfUQgOdRmIPXsopMnHWM=",35,Female,Ms,PROV_27,Province 27,WARD_215,Ward 215,Address 1000215,Hometown 27,Career 15,2026-05-15
"1000216","216",jtYlJyaQr/7wUubJcaCXpuigmX6/A06f1O2jstISI78ZEaXbWb/9l5N9VTI=,36,Male,Mr,PROV_28,Province 28,WARD_216,Ward 216,Address 1000216,Hometown 28,Career 16,2026-05-15
"1000217","217",B0NiY5BxwNch+JuIaMZ0NPH1bepg6kSF28oCQZmZuWUgvAy/B06A0QghFQk=,37,Female,Ms,PROV_29,Province 29,WARD_217,Ward 217,Address 1000217,Hometown 29,Career 17,2026-05-15
"1000218","218",C90qDQn5sNjeMa8hrlshP1Kd9z3t5TVD1ipt/ZiufghLHJJgwALpVk8F2UQ=,38,Male,Mr,PROV_30,Province 30,WARD_218,Ward 218,Address 1000218,Hometown 30,Career 18,2026-05-15
"1000219","219",yr4jobJWlZvmgWR9OinoBMxU0nDmdACCpLjLow9PEJmjXS4cVXnGmse03C4=,39,Female,Ms,PROV_31,Province 31,WARD_219,Ward 219,Address 1000219,Hometown 31,Career 19,2026-05-15
"100022","22",huhbd7WR4mytaad0rwbh3s+c+rsbnGfai5lqk8ejG6jAakF9wUy1ZRBHuQ==,22,Male,Mr,PROV_41,Province 41,WARD_22,Ward 22,Address 100022,Hometown 41,Career 2,2026-05-15
"1000220","220",h/HgW957HMOA2SJ9bx9+kVIy5rVqab04gsq+E0Fqr3YRhCmdP42oaYGodAU=,40,Male,Mr,PROV_32,Province 32,WARD_220,Ward 220,Address 1000220,Hometown 32,Career 0,2026-05-15
"1000221","221",Q0a3WTWyE9RR9th6B9000zGsdfdhK1cOoRI2IjrPT2bwXX2r7Txh3USG6vY=,41,Female,Ms,PROV_33,Province 33,WARD_221,Ward 221,Address 1000221,Hometown 33,Career 1,2026-05-15
"1000222","222",+3Q+62kx0UasYUzPM6dMHaLcBQY+BWxTtXS3aryQBTkXpDz7bysnbQgfmQ4=,42,Male,Mr,PROV_34,Province 34,WARD_222,Ward 222,Address 1000222,Hometown 34,Career 2,2026-05-15
"1000223","223",qZARc4jEE6MTuoGYHYIa80fZmauiy3iZIntIGCjZLvjfEggFqF8nwbCMICs=,43,Female,Ms,PROV_35,Province 35,WARD_223,Ward 223,Address 1000223,Hometown 35,Career 3,2026-05-15
"1000224","224",mQFrX1PFLs6PsZehtE+/uANWrPqW2FyIGY+6BxQQGPdikoPraiClC+eyLNI=,44,Male,Mr,PROV_36,Province 36,WARD_224,Ward 224,Address 1000224,Hometown 36,Career 4,2026-05-15
"1000225","225","7jt7QYsiIbA/jmL8W8fBfOVpQ7DbTz+Vt1awdy8+Lcb22mI5zk5emezavEA=",45,Female,Ms,PROV_37,Province 37,WARD_225,Ward 225,Address 1000225,Hometown 37,Career 5,2026-05-15
"1000226","226",z8unuwJNgUJIFHwxZHUFlNx+z3T0vVNOi8HhgD6BqHdFnhriJN9rRc5f/+Q=,46,Male,Mr,PROV_38,Province 38,WARD_226,Ward 226,Address 1000226,Hometown 38,Career 6,2026-05-15
"1000227","227",w0W+qnJ+qd8HcqrM6P7vVzJLbPwOMIGZxtnbh1NJbYVFNx7QcrjJmd3y5l8=,47,Female,Ms,PROV_39,Province 39,WARD_227,Ward 227,Address 1000227,Hometown 39,Career 7,2026-05-15
"1000228","228",mnUu7acJMowX3OcvxfPD3LltOQxXtlz7fnJk46zgQHwk3s4RAmfeaXdytkk=,48,Male,Mr,PROV_40,Province 40,WARD_228,Ward 228,Address 1000228,Hometown 40,Career 8,2026-05-15
"1000229","229",hJLZFNFVZrKppQAxWZ8tWNuyCveewn2ubhYuRVH3WrO/UDx3/pk/CxMn9ik=,49,Female,Ms,PROV_41,Province 41,WARD_229,Ward 229,Address 1000229,Hometown 41,Career 9,2026-05-15
"100023","23",lrH3SwIn/iN6ECoLliiyydI3/nr73e2DM0u3qIK3vgZQ20r3WMFWkrpNgA==,23,Female,Ms,PROV_42,Province 42,WARD_23,Ward 23,Address 100023,Hometown 42,Career 3,2026-05-15
"1000230","230",uLya4KFdd3WyXTpRpFtc7OFz1wymQ2OxpRWurrR2b/K/ajm+JKvqIXin6xY=,50,Male,Mr,PROV_42,Province 42,WARD_230,Ward 230,Address 1000230,Hometown 42,Career 10,2026-05-15
"1000231","231",QdJQVZG2IpqsSMQhExjdZ9cJyqYuyI20p0weqINtZ38NZOYdEZ7MFMXiJvI=,51,Female,Ms,PROV_43,Province 43,WARD_231,Ward 231,Address 1000231,Hometown 43,Career 11,2026-05-15
"1000232","232","7/9CnXmpsvVWLszpolFKNw3ETW18eE3gdDUmGriyHUhJbRPJZfoSPgFfeCA=",52,Male,Mr,PROV_44,Province 44,WARD_232,Ward 232,Address 1000232,Hometown 44,Career 12,2026-05-15
"1000233","233","7aQTMcZViUt8QoEtiOHXXJno9+W5Q8Ulh3VFFoJmr6vNhoPzt02JOXrI1g8=",53,Female,Ms,PROV_45,Province 45,WARD_233,Ward 233,Address 1000233,Hometown 45,Career 13,2026-05-15
"1000234","234",uI+WK2sNBAGv80OAUjmbv2NccX3Tz+MffNHy0+VndMujGErQ2WxLgRpa/xM=,54,Male,Mr,PROV_46,Province 46,WARD_234,Ward 234,Address 1000234,Hometown 46,Career 14,2026-05-15
"1000235","235",tdXlc8fWRJ3kcvHXfSj6ovCkJMSM4OSC7AsLcJjpPPxht226F15WGTGkQP0=,55,Female,Ms,PROV_47,Province 47,WARD_235,Ward 235,Address 1000235,Hometown 47,Career 15,2026-05-15
"1000236","236",g705ozVlXHHdKzd3TuH7e0A149lTf18AZXJqclzxBSVAM2Mw1qBqD/Pttj4=,56,Male,Mr,PROV_48,Province 48,WARD_236,Ward 236,Address 1000236,Hometown 48,Career 16,2026-05-15
"1000237","237",uXsuOfQmkSXr7xiBXdhpvvlzFhLZqsg4I72RP/zS9LSbK1mefDJGo7wRKTM=,57,Female,Ms,PROV_49,Province 49,WARD_237,Ward 237,Address 1000237,Hometown 49,Career 17,2026-05-15
"1000238","238",pg1vCRlIFaqiIG/8MidCi29Xsd4upSaKiXp3k4pNnu9m6mGKR6ZywxNeEBA=,58,Male,Mr,PROV_50,Province 50,WARD_238,Ward 238,Address 1000238,Hometown 50,Career 18,2026-05-15
"1000239","239",frtfz/JXRJMd3KCI8LaVm3hZwnuzUPO4R+jm+tJ5PRc+zrsxwrC71i2GCoA=,59,Female,Ms,PROV_51,Province 51,WARD_239,Ward 239,Address 1000239,Hometown 51,Career 19,2026-05-15
"100024","24",tKXSEw1gSA292Pzuu3CI3hcC1I/wubDkUSz4LchxbNCPVqjLgkVLOk+UeQ==,24,Male,Mr,PROV_43,Province 43,WARD_24,Ward 24,Address 100024,Hometown 43,Career 4,2026-05-15
"1000240","240",MXeiqmI5RDIR+cSHIfuQDk9BzbGAnVFD54FZYzT54SwDxmzqdTXaofVotRo=,60,Male,Mr,PROV_52,Province 52,WARD_240,Ward 240,Address 1000240,Hometown 52,Career 0,2026-05-15
"1000241","241",YZpJd0mSP5CaMVlE9aQYV6kdvnzZjG7oAiF1+j2dScOPna4ORYUCn45Es44=,61,Female,Ms,PROV_53,Province 53,WARD_241,Ward 241,Address 1000241,Hometown 53,Career 1,2026-05-15
"1000242","242",sJgNuAL89jAC/tH8EW4dJUGkXUQ2cYZWyXCYAhDwPk0I/jWgo9wFGxh48EA=,62,Male,Mr,PROV_54,Province 54,WARD_242,Ward 242,Address 1000242,Hometown 54,Career 2,2026-05-15
"1000243","243","9iRZNXygBvnmUOd8dKHqi4CIxfDjeUcqlXvDR45MTLmJTnZvvXeVM3klvag=",63,Female,Ms,PROV_55,Province 55,WARD_243,Ward 243,Address 1000243,Hometown 55,Career 3,2026-05-15
"1000244","244",AfaxCtT6llb1pTL3kW3OzehRLlOc+UeOkivF4PIUM7mt/IkDVoPXTNIHssI=,64,Male,Mr,PROV_56,Province 56,WARD_244,Ward 244,Address 1000244,Hometown 56,Career 4,2026-05-15
"1000245","245",qkfzXtwkHgOsyJSUY9lwQNXrwHVxN9Lfjg8f4NxFMGVPavlGWnfVqeM+Hmk=,65,Female,Ms,PROV_57,Province 57,WARD_245,Ward 245,Address 1000245,Hometown 57,Career 5,2026-05-15
"1000246","246",zHl3ML0M0VAlc4Gfn1T5tnmnrARAHRaKNYUY0RojTgvYjBHdUlPPHYxn0nY=,66,Male,Mr,PROV_58,Province 58,WARD_246,Ward 246,Address 1000246,Hometown 58,Career 6,2026-05-15
"1000247","247",N6gdXfnHN8tGkzpLUZlUw2V7A7LQEGxiAgOdcBEI2LgmqmU6PgutZoEWemk=,67,Female,Ms,PROV_59,Province 59,WARD_247,Ward 247,Address 1000247,Hometown 59,Career 7,2026-05-15
"1000248","248",MsWJANEyM6foQdhpsjW9qSMYVdjrK4mTy1QZ7HjtH2M/G/AnvlWtCklc0Jk=,68,Male,Mr,PROV_60,Province 60,WARD_248,Ward 248,Address 1000248,Hometown 60,Career 8,2026-05-15
"1000249","249",umIwwl0mnE6RAZ/guM6s/52n3o+/D4T1ZgCi5DVrARs99ixsel3SNKKvDRo=,69,Female,Ms,PROV_61,Province 61,WARD_249,Ward 249,Address 1000249,Hometown 61,Career 9,2026-05-15
"100025","25",V4rEmiePEYb3RD0+EJAnV6kHvOpskLoYNWXnQvTPAleFGouo1olqhJJHWQ==,25,Female,Ms,PROV_44,Province 44,WARD_25,Ward 25,Address 100025,Hometown 44,Career 5,2026-05-15
"1000250","250",SVIhlhveIX+5QLV53nsJd1voDTIUxy4bhK+XZrBIijM+koiCQL1QcE7RGnE=,70,Male,Mr,PROV_62,Province 62,WARD_250,Ward 250,Address 1000250,Hometown 62,Career 10,2026-05-15
"1000251","251",Wq7CAd4NZ7xlwslyOe25qgxGRHW3FNrDnGeH9MeHYSf907RaSyVqqWkd89E=,71,Female,Ms,PROV_0,Province 0,WARD_251,Ward 251,Address 1000251,Hometown 0,Career 11,2026-05-15
"1000252","252",m2HaoObGrjUf5uoERh6qYoXfjACuqoXQ77FTvaerA+AFO+bd3e7G40J/VTM=,72,Male,Mr,PROV_1,Province 1,WARD_252,Ward 252,Address 1000252,Hometown 1,Career 12,2026-05-15
"1000253","253",MLUIeuNumIRhHYAph8douMfdN40q9V+WmfmJrLjarrDB2juhWR5H8W+rHUo=,73,Female,Ms,PROV_2,Province 2,WARD_253,Ward 253,Address 1000253,Hometown 2,Career 13,2026-05-15
"1000254","254",cb46p2CZ/Hzp6H3kWf3FIISvaQ6P47w+5LaI6a1CQ4OtOKTz+coebMTg6Sw=,74,Male,Mr,PROV_3,Province 3,WARD_254,Ward 254,Address 1000254,Hometown 3,Career 14,2026-05-15
"1000255","255",yqTtaszXSmgkAT1Rd5KTCtlU3XxHvgwv07MSIjqRLStNz7R/vBacQkV9XOA=,75,Female,Ms,PROV_4,Province 4,WARD_255,Ward 255,Address 1000255,Hometown 4,Career 15,2026-05-15
"1000256","256",K9OUcV/CMHUrmo88MkiT57kc+YTntnpqtr3iTb7plhtIr3N7NHL/qKVJa2I=,76,Male,Mr,PROV_5,Province 5,WARD_256,Ward 256,Address 1000256,Hometown 5,Career 16,2026-05-15
"1000257","257",teJEDu+SeJI2P8luXu1HwI3pgv5qcjeDkAtinxicLFKAordUcBCA1oHaYRs=,77,Female,Ms,PROV_6,Province 6,WARD_257,Ward 257,Address 1000257,Hometown 6,Career 17,2026-05-15
"1000258","258",gRRw7GUWWZzutiyGyePXmHcqVW8+9bNWK7bnxQEstqF97mO+rrE3LkIZ+Wc=,78,Male,Mr,PROV_7,Province 7,WARD_258,Ward 258,Address 1000258,Hometown 7,Career 18,2026-05-15
"1000259","259",bwZKxyymlUpj7vH1RJYgi9e5/0fez63e0Cs35qHIt/LigvuA0v2feXJHjb4=,79,Female,Ms,PROV_8,Province 8,WARD_259,Ward 259,Address 1000259,Hometown 8,Career 19,2026-05-15
"100026","26",jtLVvD6NenQXGO+OFYGXHUXnxhqwGN7W3yv/wQ8g6Dq1KMHkVb1rXR8vdA==,26,Male,Mr,PROV_45,Province 45,WARD_26,Ward 26,Address 100026,Hometown 45,Career 6,2026-05-15
"1000260","260","1a/pktC4fe5W9D7ADGztYJWTRz96PkbkpiMODv0e9MzoUmpENdPzS5Rm3H4=",20,Male,Mr,PROV_9,Province 9,WARD_260,Ward 260,Address 1000260,Hometown 9,Career 0,2026-05-15
"1000261","261",EvxR/OYeLrfeknT7/HSSemfjczMGxR9dSfiyvDzqm1IDOtipYrVRv6J3ff4=,21,Female,Ms,PROV_10,Province 10,WARD_261,Ward 261,Address 1000261,Hometown 10,Career 1,2026-05-15
"1000262","262",Y/RxbKf4pQDcdWEc2hNOr3xulePZd2Xr8koHhKCau42FQKkZQQwdKWVmDTI=,22,Male,Mr,PROV_11,Province 11,WARD_262,Ward 262,Address 1000262,Hometown 11,Career 2,2026-05-15
"1000263","263",R4IfKHnnhYNn7A8Wf8XFZ/BSEJ98zqfNhgYHS6UWl/SuAFyweYJZ9+o+GfI=,23,Female,Ms,PROV_12,Province 12,WARD_263,Ward 263,Address 1000263,Hometown 12,Career 3,2026-05-15
"1000264","264",so7HFUt6VAPKGq+e3Silf8LpUjVGZvEoZCllcW1cFBEZA0PxrhDduLzFYrc=,24,Male,Mr,PROV_13,Province 13,WARD_264,Ward 264,Address 1000264,Hometown 13,Career 4,2026-05-15
"1000265","265",uy99H6lweHR6bWvu2+2MB/zi5JeYqT+zn3AVvQEf9tFITl0o7zYjqXONDrc=,25,Female,Ms,PROV_14,Province 14,WARD_265,Ward 265,Address 1000265,Hometown 14,Career 5,2026-05-15
"1000266","266",+k7s1RHbrrnaZ+4Tt2+bI9kGu8HyvtnP09QQeC9WV4JJWRkcT3z44ta52LI=,26,Male,Mr,PROV_15,Province 15,WARD_266,Ward 266,Address 1000266,Hometown 15,Career 6,2026-05-15
"1000267","267",yB8wIipVzifGAwoTM92j2P12xwg+zHMSfOfBnXUDAGl4TgK1d9Sh+QMPZVI=,27,Female,Ms,PROV_16,Province 16,WARD_267,Ward 267,Address 1000267,Hometown 16,Career 7,2026-05-15
"1000268","268","8zbR0ZaSXaD0VaJ/xdQTUFSaer4CWhtZNwJGC0tW4CdX7oOKvFxTe+e3DCw=",28,Male,Mr,PROV_17,Province 17,WARD_268,Ward 268,Address 1000268,Hometown 17,Career 8,2026-05-15
"1000269","269",Xk69Rdk5JrtgAM81M3e1mDEGbFxKvqXQ/j+dDLr9EMhav5/vjPvsdZKyjGo=,29,Female,Ms,PROV_18,Province 18,WARD_269,Ward 269,Address 1000269,Hometown 18,Career 9,2026-05-15
"100027","27",tX3wCeNOIjXCx9Xg00s1EVtUunrPzLrL2CW+ixAmY/bMzqiuzCTm9Kasvg==,27,Female,Ms,PROV_46,Province 46,WARD_27,Ward 27,Address 100027,Hometown 46,Career 7,2026-05-15
"1000270","270",y+iMWRSSuY2FBcrLUr7T+mq5tXPIBj6DnqB/2oaBvC2gxgfwZSPcMb9XNIQ=,30,Male,Mr,PROV_19,Province 19,WARD_270,Ward 270,Address 1000270,Hometown 19,Career 10,2026-05-15
"1000271","271",nbcSAz1aDcene+btvqPBMvoHKURtUbYQuVXT6jeQCU4Q8F4XWyKPSBoq0/I=,31,Female,Ms,PROV_20,Province 20,WARD_271,Ward 271,Address 1000271,Hometown 20,Career 11,2026-05-15
"1000272","272",KyE0PyLk1v79Qc0Ee5jZ4z0HdI0GyNSuwAuK0ocdSWY3Dm5n0ohGpBU2OG4=,32,Male,Mr,PROV_21,Province 21,WARD_272,Ward 272,Address 1000272,Hometown 21,Career 12,2026-05-15
"1000273","273",T7StAhn7fX+KNQSkJNHXA8MCNimvqqFHDG1i6LmUvNz2EDkSfrDlo2wLTuI=,33,Female,Ms,PROV_22,Province 22,WARD_273,Ward 273,Address 1000273,Hometown 22,Career 13,2026-05-15
"1000274","274",YVIT0hJJjM+pZd0X/gdnqoFJtLtt2ni2FtxdJV1TLGI0lzqgeLoZmdgh30I=,34,Male,Mr,PROV_23,Province 23,WARD_274,Ward 274,Address 1000274,Hometown 23,Career 14,2026-05-15
"1000275","275",/u3YL5wQTi9TeF961QQmD2JZqwFP1w+7pdtwbWqm++BNmX5xm3BhBmoAb1g=,35,Female,Ms,PROV_24,Province 24,WARD_275,Ward 275,Address 1000275,Hometown 24,Career 15,2026-05-15
"1000276","276",YIqybYpKv4SWiG47LDYCY0LB7Y/0aBz3dOCp63FfzWKdhXDnXgtxlh2fBjs=,36,Male,Mr,PROV_25,Province 25,WARD_276,Ward 276,Address 1000276,Hometown 25,Career 16,2026-05-15
"1000277","277",CGpkHIRl1+J0WdsC8/eE1pG3aBIvW7+57rdeG1fXmZO4tgY7bN8/6Ob0vn4=,37,Female,Ms,PROV_26,Province 26,WARD_277,Ward 277,Address 1000277,Hometown 26,Career 17,2026-05-15
"1000278","278","4Ak8FQds87RoNFPuuRlHsyBnAEzuYUlN1uYV4d9LxeyqRN43pWhOJrO++Is=",38,Male,Mr,PROV_27,Province 27,WARD_278,Ward 278,Address 1000278,Hometown 27,Career 18,2026-05-15
"1000279","279",Fj7UhB1GY0iXkBtvLAYVVdNu/swsnHlz8u13aJErkHZUSpqJL2cmeTs3BEI=,39,Female,Ms,PROV_28,Province 28,WARD_279,Ward 279,Address 1000279,Hometown 28,Career 19,2026-05-15
"100028","28",MDqTTZMMaGPzH03M7v5GEf14RJ73r8D7mG9W3pySnuHccR7Eeu9kfu87Fg==,28,Male,Mr,PROV_47,Province 47,WARD_28,Ward 28,Address 100028,Hometown 47,Career 8,2026-05-15
"1000280","280",prJvuVtRfcJnfZC4PCpHs+HujeG8OWF0aIfH1FeklXnUatldpXKfnm4hwxI=,40,Male,Mr,PROV_29,Province 29,WARD_280,Ward 280,Address 1000280,Hometown 29,Career 0,2026-05-15
"1000281","281",z9IR9NDdfjr8RyYphKK2jDiywMKEqwjCo4+gggmN2CxAA9nMJTgyXR0n+Ws=,41,Female,Ms,PROV_30,Province 30,WARD_281,Ward 281,Address 1000281,Hometown 30,Career 1,2026-05-15
"1000282","282","4l2dZNGZuxfeNTWXV76zn4lDLua7ivWLk55atblBSo/2U3MQIi/vOg5mz1E=",42,Male,Mr,PROV_31,Province 31,WARD_282,Ward 282,Address 1000282,Hometown 31,Career 2,2026-05-15
"1000283","283","2W02iwp9WzLhT0snXyW3CRPbcHKPzYLHoZT45Z3/BZOkaS/iNwM2d97zqUY=",43,Female,Ms,PROV_32,Province 32,WARD_283,Ward 283,Address 1000283,Hometown 32,Career 3,2026-05-15
"1000284","284",mU34KeljG499FxTJmPjXs2VGCwLPnhuQ+YUV78kwSU2kl+apQ68NbSSxdz4=,44,Male,Mr,PROV_33,Province 33,WARD_284,Ward 284,Address 1000284,Hometown 33,Career 4,2026-05-15
"1000285","285",dwer13hDsrXtLRZypVI1GdvBI6Psyfg5UzAdzPihGACgrfpdrGKUGrT1k4c=,45,Female,Ms,PROV_34,Province 34,WARD_285,Ward 285,Address 1000285,Hometown 34,Career 5,2026-05-15
"1000286","286",Soo9YBD3bEVijgbKkW1qIqCe3HQVd9hXnf6Hh9fZ5qtlX7w6AiH8TWQ5jNI=,46,Male,Mr,PROV_35,Province 35,WARD_286,Ward 286,Address 1000286,Hometown 35,Career 6,2026-05-15
"1000287","287",d5DjXPcTejlgLuhUKknHdmMbvKjDUCAcLlukmSBCApsR/yW181+63S9/KQ4=,47,Female,Ms,PROV_36,Province 36,WARD_287,Ward 287,Address 1000287,Hometown 36,Career 7,2026-05-15
"1000288","288",ZlfQb0d90XCOW4ru4Xo4jtUgCwXaMb5/P1GiJjUx+qdmrZzes4BCT2wFErw=,48,Male,Mr,PROV_37,Province 37,WARD_288,Ward 288,Address 1000288,Hometown 37,Career 8,2026-05-15
"1000289","289",gJ37dvwxpQKClt/n3yd+QCJGkaiS7TJkfRTvHGIzU2fX5PYVhPQlRKiVtyk=,49,Female,Ms,PROV_38,Province 38,WARD_289,Ward 289,Address 1000289,Hometown 38,Career 9,2026-05-15
"100029","29",Tvfp58pwbxTqsFJHtRVuaRb386nTbeiaaFLLxgddsNuPYiKW2gkhYC1dDw==,29,Female,Ms,PROV_48,Province 48,WARD_29,Ward 29,Address 100029,Hometown 48,Career 9,2026-05-15
"1000290","290",Bf8OhYizUP7OvTnG6RHsoovjf99T28/tLNcdqmNwnVf7P89tEGfa/Ix6TfI=,50,Male,Mr,PROV_39,Province 39,WARD_290,Ward 290,Address 1000290,Hometown 39,Career 10,2026-05-15
"1000291","291",jC3HDvQQfQ6bIkirSj3jT5QuY2rqNK7JvkuoKw7CW4xLYGivS+BJNHCEM7k=,51,Female,Ms,PROV_40,Province 40,WARD_291,Ward 291,Address 1000291,Hometown 40,Career 11,2026-05-15
"1000292","292",e/W3QHthoQFYlWP7q+lKFgqpCJ18VamI7d9ODK1Txk071uHN8GJzUf8S548=,52,Male,Mr,PROV_41,Province 41,WARD_292,Ward 292,Address 1000292,Hometown 41,Career 12,2026-05-15
"1000293","293",r3XKG2f8KfwSHIxEAagBg3UgxHm37u0WifaRYXHSe+AostunQy1RY4UWezY=,53,Female,Ms,PROV_42,Province 42,WARD_293,Ward 293,Address 1000293,Hometown 42,Career 13,2026-05-15
"1000294","294",LFRNJvJTPIx+TcJ2LefP7kblGR3YXov5b+/D4+sSlEwPo15Bttjaox3cFEg=,54,Male,Mr,PROV_43,Province 43,WARD_294,Ward 294,Address 1000294,Hometown 43,Career 14,2026-05-15
"1000295","295",tPtfZ2Q6LKqpcE/dEVc2yChg50TKqestm+ye6qHTX03w/+b91A4QpZbcqmw=,55,Female,Ms,PROV_44,Province 44,WARD_295,Ward 295,Address 1000295,Hometown 44,Career 15,2026-05-15
"1000296","296",R/fNF2ZiSof9hv9WrhjuxpPZuuiNS1N5H2oc0vLwOofSthxMBREaiU//tpE=,56,Male,Mr,PROV_45,Province 45,WARD_296,Ward 296,Address 1000296,Hometown 45,Career 16,2026-05-15
"1000297","297",qAUojLtsJAVPQRg1IgW16f+MwXVAuUSgh0lKKnOPR0v53Xby2TCHMZnOMlM=,57,Female,Ms,PROV_46,Province 46,WARD_297,Ward 297,Address 1000297,Hometown 46,Career 17,2026-05-15
"1000298","298","3QYcEq9+S7S4/hbg1xsJ+yAFWzkhl0MRo4lScNOUUWBFZWtJVTNuNx0lJWw=",58,Male,Mr,PROV_47,Province 47,WARD_298,Ward 298,Address 1000298,Hometown 47,Career 18,2026-05-15
"1000299","299",F6pMG66+aB3KnhOYkuBda7JMtMhIfzIdLBODS34eZ91G0T3OO6hqeud5YCM=,59,Female,Ms,PROV_48,Province 48,WARD_299,Ward 299,Address 1000299,Hometown 48,Career 19,2026-05-15
"10003","3",ktjeq15WC1yvL34VpPiVdjSt+r+O+AfP8+OmS+f01njUyCOFsEkyRH02,63,Female,Ms,PROV_49,Province 49,WARD_3,Ward 3,Address 10003,Hometown 49,Career 3,2026-05-15
"100030","30",jSQbufcGo8uv1ykxv2/jo3ur59KYVKL5EdF6zr8wshxd51yqlZ+GZCXnJw==,30,Male,Mr,PROV_49,Province 49,WARD_30,Ward 30,Address 100030,Hometown 49,Career 10,2026-05-15
"1000300","300",IX6o7u0ba2KMG1gaDrNQ4c7sLu9E9E1lDhgd/3HW9F0PgjpGsg5C9wvI0Qw=,60,Male,Mr,PROV_49,Province 49,WARD_300,Ward 300,Address 1000300,Hometown 49,Career 0,2026-05-15
"1000301","301",R4dsslDcD6M1Pb6MssTtWYwZUzBGbBw8xfomfjcKbwS0Y7tilvi/6jYVJiI=,61,Female,Ms,PROV_50,Province 50,WARD_301,Ward 301,Address 1000301,Hometown 50,Career 1,2026-05-15
"1000302","302",EUiCTGXhXDPVGHqpJrokTyh1U1jWPrTwOrgVKDAhwuK8Nh75U89FeO7F7rQ=,62,Male,Mr,PROV_51,Province 51,WARD_302,Ward 302,Address 1000302,Hometown 51,Career 2,2026-05-15
"1000303","303",TYA7lHMZs2UfYvNQR38OhNA/wVnjpSwzcEH3kYZt83Hkk7yP1KJcgs0G/ZI=,63,Female,Ms,PROV_52,Province 52,WARD_303,Ward 303,Address 1000303,Hometown 52,Career 3,2026-05-15
"1000304","304",szHy0KuKzQXNC63gzf547QurFjNuExbz/7/Kf8ul3OkFYMMQP9+BhHmEGRg=,64,Male,Mr,PROV_53,Province 53,WARD_304,Ward 304,Address 1000304,Hometown 53,Career 4,2026-05-15
"1000305","305",pr31vPKQudN9O5oaVlvmUne06zr70U8rlSCIWGYO6imGATSnS+ZIov/d0lQ=,65,Female,Ms,PROV_54,Province 54,WARD_305,Ward 305,Address 1000305,Hometown 54,Career 5,2026-05-15
"1000306","306","2mvWwp2ulZyd757YL8f3QV/6wFqxAHqyaA8xlhhMoJqaDR4pkEx6ifNn5JQ=",66,Male,Mr,PROV_55,Province 55,WARD_306,Ward 306,Address 1000306,Hometown 55,Career 6,2026-05-15
"1000307","307",yoGEb6UGzbAuE7pE8J4pg+p3A7o7cEKY6tz6jSw3AKJhhQySgdmm7dvyV+w=,67,Female,Ms,PROV_56,Province 56,WARD_307,Ward 307,Address 1000307,Hometown 56,Career 7,2026-05-15
"1000308","308",OvvHswSzJcxxI494DE6PCtpCQGnNm92U1LWKQ0FzyQQOuiiFXCrHTp2RYxA=,68,Male,Mr,PROV_57,Province 57,WARD_308,Ward 308,Address 1000308,Hometown 57,Career 8,2026-05-15
"1000309","309",wfz0jev86uFfOOpc1RE1qf0mMuuOFqn/cwfpUkU/n41HJaZpDuK4ier6aes=,69,Female,Ms,PROV_58,Province 58,WARD_309,Ward 309,Address 1000309,Hometown 58,Career 9,2026-05-15
"100031","31",q2lTuSHGCYMezerXSYTj4JuikcRVkRDUdO+o1TzfrrSe9dQb+46rfbG1rg==,31,Female,Ms,PROV_50,Province 50,WARD_31,Ward 31,Address 100031,Hometown 50,Career 11,2026-05-15
"1000310","310",+UQtIaOF3X4FHE1EIZfDAyVkOx9/uJw3WesiCHjqx4xS/JiXpU/6uMWJ8m8=,70,Male,Mr,PROV_59,Province 59,WARD_310,Ward 310,Address 1000310,Hometown 59,Career 10,2026-05-15
"1000311","311",AIeMrNe+PwgzYHANjIDBj/DEHWKuXAswrq32aS4v9E6yESpm7g7TdzRxIlM=,71,Female,Ms,PROV_60,Province 60,WARD_311,Ward 311,Address 1000311,Hometown 60,Career 11,2026-05-15
"1000312","312",xHcNEKMno9QjiMuYBOpFqJe9JmVGPiE9lMQd0HFqfghsetAIUarPuIW28Kg=,72,Male,Mr,PROV_61,Province 61,WARD_312,Ward 312,Address 1000312,Hometown 61,Career 12,2026-05-15
"1000313","313",h1jOVxoHZQWLJoakwmaTiNRxqMEfsxbj0FQ5tktMitkG+cz/KEL8l+YTeSA=,73,Female,Ms,PROV_62,Province 62,WARD_313,Ward 313,Address 1000313,Hometown 62,Career 13,2026-05-15
"1000314","314",dIkg7ieiIcFXKJyavNl7NwcKAI+gXZvYkmsTivsXR/aWjV21EFaCc2SUTJg=,74,Male,Mr,PROV_0,Province 0,WARD_314,Ward 314,Address 1000314,Hometown 0,Career 14,2026-05-15
"1000315","315",AFHms9PnT0LzvFPj2YWR2wGNPdKQLVYkCUoW9RPl5yyeW45SBaVcM07GgLk=,75,Female,Ms,PROV_1,Province 1,WARD_315,Ward 315,Address 1000315,Hometown 1,Career 15,2026-05-15
"1000316","316",nW3sHxaYjwxQYBINwbWMdh5IP4l5PgyW8tuUrgbH9whcXz0JqkB7XM5oIZg=,76,Male,Mr,PROV_2,Province 2,WARD_316,Ward 316,Address 1000316,Hometown 2,Career 16,2026-05-15
"1000317","317",LDXpDty7V9bxJ1M/UFqepRvItCxiVBbhh6KvHwneC8UJ+hRSD5m+ZTC0k8k=,77,Female,Ms,PROV_3,Province 3,WARD_317,Ward 317,Address 1000317,Hometown 3,Career 17,2026-05-15
"1000318","318","0tVM7HHRgq5SEbKB+L1SpYOkV7gm2stFVmJEmGFXj9cgmgKNIpsA+zIplGo=",78,Male,Mr,PROV_4,Province 4,WARD_318,Ward 318,Address 1000318,Hometown 4,Career 18,2026-05-15
"1000319","319",tHHk1UEW2+7mSQwVhIhyollrSovlew4jfVNZwstyra+41dogXoL2oNYHdYk=,79,Female,Ms,PROV_5,Province 5,WARD_319,Ward 319,Address 1000319,Hometown 5,Career 19,2026-05-15
"100032","32",/akIwViT/FqIbtsW6pXNYA4uKv7VTWtyxNVw4s6eeAQvMczYNUOxWhBcxg==,32,Male,Mr,PROV_51,Province 51,WARD_32,Ward 32,Address 100032,Hometown 51,Career 12,2026-05-15
"1000320","320",/vdIypx1AjyPlrsuAmueaGsSyXjjGpnoqmivunRe3o8TIhNDBGRiBf70ibw=,20,Male,Mr,PROV_6,Province 6,WARD_320,Ward 320,Address 1000320,Hometown 6,Career 0,2026-05-15
"1000321","321","8PzsV2irCrls+oc8VQFagHP5wrFVLjarypO3cLE+G6tY2vn2a8r0fhhSMEY=",21,Female,Ms,PROV_7,Province 7,WARD_321,Ward 321,Address 1000321,Hometown 7,Career 1,2026-05-15
"1000322","322",Al1s6x1QBUgWw11rvkagNHx9aBekF/m4iaQbcfhQMr7hUNzBwxCckROzpB4=,22,Male,Mr,PROV_8,Province 8,WARD_322,Ward 322,Address 1000322,Hometown 8,Career 2,2026-05-15
"1000323","323","8Pm9nPnN/1evulKJL6WXRKJhTdMMcFSsXx4ZTVkmnL54LZtvcEP9v946zWA=",23,Female,Ms,PROV_9,Province 9,WARD_323,Ward 323,Address 1000323,Hometown 9,Career 3,2026-05-15
"1000324","324",xE8BlHq0yhyWjSDWoRqAqm91VVGVUlzl81SrMNOpFkA6NsE4uzpCLnPG/WE=,24,Male,Mr,PROV_10,Province 10,WARD_324,Ward 324,Address 1000324,Hometown 10,Career 4,2026-05-15
"1000325","325",VlSb7kBdkiH0fLdcQH8aaSi4qEdPb+BilF71dEfUhmxPtYFrPGuBIhD9blw=,25,Female,Ms,PROV_11,Province 11,WARD_325,Ward 325,Address 1000325,Hometown 11,Career 5,2026-05-15
"1000326","326",EXKDr+N7isVMEnQoI9Wy2VPKNzOB9cZjdDlbwyq6cLWcSaGP93yQ4gSAS4c=,26,Male,Mr,PROV_12,Province 12,WARD_326,Ward 326,Address 1000326,Hometown 12,Career 6,2026-05-15
"1000327","327",jhbjM8o0gwhYAfX2oTvOhQwmD9xg0UjCQ+B6v5aWQI1JBDcu9YySsQFC2Wk=,27,Female,Ms,PROV_13,Province 13,WARD_327,Ward 327,Address 1000327,Hometown 13,Career 7,2026-05-15
"1000328","328","5e5436oWY9Ou7saEFZvxAe1GnqpWx+6JEzvGIuepmLtBtwWfhwRVjRYZnvU=",28,Male,Mr,PROV_14,Province 14,WARD_328,Ward 328,Address 1000328,Hometown 14,Career 8,2026-05-15
"1000329","329",AfcLshAHdYUwWWTMO0o+WJ0b6320yxx/frnl1ZEkkIAyYWl7kB3fo/ylR18=,29,Female,Ms,PROV_15,Province 15,WARD_329,Ward 329,Address 1000329,Hometown 15,Career 9,2026-05-15
"100033","33","3mw6gfXBq7qiqqP/8ICeQh6ouTIcqH/Mn47/ISmFaT3v7iubzNZip1ShMw==",33,Female,Ms,PROV_52,Province 52,WARD_33,Ward 33,Address 100033,Hometown 52,Career 13,2026-05-15
"1000330","330",UoqITlGJo0IYdJxZmzSyhk25t1vkdYuGUTdPzhvw6Hm96zuOaYx8Zq+NRls=,30,Male,Mr,PROV_16,Province 16,WARD_330,Ward 330,Address 1000330,Hometown 16,Career 10,2026-05-15
"1000331","331",qnvN4L15Bwy/ET9LJ8eRVPnvGBg31+ZaWJ5ssom6li85o1yAiIzCOXXclFY=,31,Female,Ms,PROV_17,Province 17,WARD_331,Ward 331,Address 1000331,Hometown 17,Career 11,2026-05-15
"1000332","332",UN9aR6JzDvzA6EzZoGG49KSQYacuSUjnyx/h46xnRMJwTL8FAUHfFujAayI=,32,Male,Mr,PROV_18,Province 18,WARD_332,Ward 332,Address 1000332,Hometown 18,Career 12,2026-05-15
"1000333","333",HpXyvE+aVdot9TGeKNSuWRSHNvbCMw7vUtXmVR3YUT80Vrz8vzvx/yGRK+o=,33,Female,Ms,PROV_19,Province 19,WARD_333,Ward 333,Address 1000333,Hometown 19,Career 13,2026-05-15
"1000334","334",dLQfsXKhho1SBM7iVj/VQWakiLJa6gWzptGa8LeskTYGTIJihbYO51S5EaU=,34,Male,Mr,PROV_20,Province 20,WARD_334,Ward 334,Address 1000334,Hometown 20,Career 14,2026-05-15
"1000335","335",AChHQnIBqRL+sHu5C4FwRg6Kw35RkGh5eIEkSnr6+swUHRYwgvsobWMU4CU=,35,Female,Ms,PROV_21,Province 21,WARD_335,Ward 335,Address 1000335,Hometown 21,Career 15,2026-05-15
"1000336","336",IsoF+iMgw980SELvLZrOflWmWofNOButgRft4H7EiDVqPJysYTj2OH650ko=,36,Male,Mr,PROV_22,Province 22,WARD_336,Ward 336,Address 1000336,Hometown 22,Career 16,2026-05-15
"1000337","337",Zjt0Ki0hHC+FYS0WDry4Vf4n1gYDGxDXt/IrO6OgSEVFKaYj+UUwdGVdY8k=,37,Female,Ms,PROV_23,Province 23,WARD_337,Ward 337,Address 1000337,Hometown 23,Career 17,2026-05-15
"1000338","338",FeCW0Gys4WjIokzSaiji1G71S32Ms7drOlRa6tm/ZHwFqz3QXx+622myyRk=,38,Male,Mr,PROV_24,Province 24,WARD_338,Ward 338,Address 1000338,Hometown 24,Career 18,2026-05-15
"1000339","339",Cq1K7RQpkbUsY2nFzcNZPwfCIjvefNTwU+q6oQnfI16A6VIGhl3gM+VSqBc=,39,Female,Ms,PROV_25,Province 25,WARD_339,Ward 339,Address 1000339,Hometown 25,Career 19,2026-05-15
"100034","34",/5joMvngqrwGeJs1ZbrG1p9hOwk6T/zb3N0CqYD7kmO94PRfb8xoJru0Yg==,34,Male,Mr,PROV_53,Province 53,WARD_34,Ward 34,Address 100034,Hometown 53,Career 14,2026-05-15
"1000340","340","49UB9zLaKgyNq+zO855JPq7z2uGaUgGnQzl40JdVqaiFdu2HhidrEL+HfX0=",40,Male,Mr,PROV_26,Province 26,WARD_340,Ward 340,Address 1000340,Hometown 26,Career 0,2026-05-15
"1000341","341",TjAI3cOq9w9dH+yxR5Dx8/4nlJN9jE7eoI7V7mSZNetjt11hPu9x/9xXdc0=,41,Female,Ms,PROV_27,Province 27,WARD_341,Ward 341,Address 1000341,Hometown 27,Career 1,2026-05-15
"1000342","342","9lu4LeaDEm8tVOndTl/JyT0zap8cal/aNO0pNjfLQIJ24zE/YBGMR0wXoj8=",42,Male,Mr,PROV_28,Province 28,WARD_342,Ward 342,Address 1000342,Hometown 28,Career 2,2026-05-15
"1000343","343",yjbp18MvYILfCCFW9MX7A+Cw7oF26mYxxeXKJO8E2WnVcJlSJDsyOnZ8foA=,43,Female,Ms,PROV_29,Province 29,WARD_343,Ward 343,Address 1000343,Hometown 29,Career 3,2026-05-15
"1000344","344",hNHugsIk5eLihc6zIgNjrVpfrV774HkjVg2gfxq5lV6MsW1boss8TvB7r6E=,44,Male,Mr,PROV_30,Province 30,WARD_344,Ward 344,Address 1000344,Hometown 30,Career 4,2026-05-15
"1000345","345",TvwIf5FBIqy1xtjyVfO+86frWmh335Pt7TGwsVqORk+2HJ0BnAJ2p/m6w8k=,45,Female,Ms,PROV_31,Province 31,WARD_345,Ward 345,Address 1000345,Hometown 31,Career 5,2026-05-15
"1000346","346",gjibki7jmzlATApzMzttFzNAm9p7GkuV5yXwSv+Ub2eMFg+eK+aSXhxaZMY=,46,Male,Mr,PROV_32,Province 32,WARD_346,Ward 346,Address 1000346,Hometown 32,Career 6,2026-05-15
"1000347","347",HmR5+q3Xqz7APqMF4nFhj1VDHxxVyYkI/inZwcxYCeqBt5/hV6DWoFBg2Dk=,47,Female,Ms,PROV_33,Province 33,WARD_347,Ward 347,Address 1000347,Hometown 33,Career 7,2026-05-15
"1000348","348",GoBpy7+k4OU+XazoO3QYd0yU6wOJ/zJlnopoZdcneG3DS/wSyQGOWNVU+LE=,48,Male,Mr,PROV_34,Province 34,WARD_348,Ward 348,Address 1000348,Hometown 34,Career 8,2026-05-15
"1000349","349",i9nEdsI14nReJdO4V7abdoKXlY1L7pUTQ5tmRyakw4pKyvODc3D2Mw0Zkeo=,49,Female,Ms,PROV_35,Province 35,WARD_349,Ward 349,Address 1000349,Hometown 35,Career 9,2026-05-15
"100035","35",xemwWPYsBFTCAbcI6HolCLpDDTxHNTerBt+rEGZX4NRiZAjZXDAp2kKQ5g==,35,Female,Ms,PROV_54,Province 54,WARD_35,Ward 35,Address 100035,Hometown 54,Career 15,2026-05-15
"1000350","350",iPpNU8DlVmMXcpk+wJJMfb2FQmAwOXTrzSUZQrg6Rx93i2J+LBYWO55STLE=,50,Male,Mr,PROV_36,Province 36,WARD_350,Ward 350,Address 1000350,Hometown 36,Career 10,2026-05-15
"1000351","351",nKNT4YfD4bIbGeiyonKPB6CT0/LqBh0FFkQOOInD6dvdfNBrBUC8m7nNDJo=,51,Female,Ms,PROV_37,Province 37,WARD_351,Ward 351,Address 1000351,Hometown 37,Career 11,2026-05-15
"1000352","352",FePEDaTGGE83vKcUm0MZtUUUltCNZm8enQmKtpGoOSSMNUYbv6FidHplK2I=,52,Male,Mr,PROV_38,Province 38,WARD_352,Ward 352,Address 1000352,Hometown 38,Career 12,2026-05-15
"1000353","353",BpY9YYATYRYzRKZ7qyBCduCHS4/HBQ98yULHeXrZ53ces3PCRb2J7+cdTmA=,53,Female,Ms,PROV_39,Province 39,WARD_353,Ward 353,Address 1000353,Hometown 39,Career 13,2026-05-15
"1000354","354",udOVhSOEaptu7XCgkLC4XafvJfklfh2FYJ8/ExqamkF89AVPSu8bmpn57cE=,54,Male,Mr,PROV_40,Province 40,WARD_354,Ward 354,Address 1000354,Hometown 40,Career 14,2026-05-15
"1000355","355",cWy8qxYnD4+cbKLiBDl8ZitxK5sV/u0U9qXvycCm9m4l++yljhcG/KINqnM=,55,Female,Ms,PROV_41,Province 41,WARD_355,Ward 355,Address 1000355,Hometown 41,Career 15,2026-05-15
"1000356","356",ChsY43smFjLfJTaJVcE8Kkr76NlOMFtsM5QFPbkkyJw8Q/yqbdv+9MwgFlw=,56,Male,Mr,PROV_42,Province 42,WARD_356,Ward 356,Address 1000356,Hometown 42,Career 16,2026-05-15
"1000357","357",uuuBbrPCRgswGj8odHJHhs/Jwe78VixDWgBcWc2+NGb1vh8B3n27Dza1O94=,57,Female,Ms,PROV_43,Province 43,WARD_357,Ward 357,Address 1000357,Hometown 43,Career 17,2026-05-15
"1000358","358",BPgHVzg17W6OMsN9ibDHBblYScpO8no+8gqH39e+ts7jW9r4+G52GQ6D/H0=,58,Male,Mr,PROV_44,Province 44,WARD_358,Ward 358,Address 1000358,Hometown 44,Career 18,2026-05-15
"1000359","359",jKbfqEsUXGXKVDsivWDLPVbccEJKg7E4SXTgUHMvFfuQBSg30y4+bYM7jBI=,59,Female,Ms,PROV_45,Province 45,WARD_359,Ward 359,Address 1000359,Hometown 45,Career 19,2026-05-15
"100036","36",+t8qEmQ+qqyiw9+2ctolmGnmswGpizOEC9QrraTU41jpk/u2vtrX0LdJ+A==,36,Male,Mr,PROV_55,Province 55,WARD_36,Ward 36,Address 100036,Hometown 55,Career 16,2026-05-15
"1000360","360",M85S2j2mf4uTTRuS5pMQNQpdLMFOLeyFFrdSlNqUj4kEn7EFNdVrzAq0q+U=,60,Male,Mr,PROV_46,Province 46,WARD_360,Ward 360,Address 1000360,Hometown 46,Career 0,2026-05-15
"1000361","361",xnZ9wK5ooBMdAaVU9RDKJ477peVXhyBXho8XPP6AJJEhY0jlYeJ2MNAphao=,61,Female,Ms,PROV_47,Province 47,WARD_361,Ward 361,Address 1000361,Hometown 47,Career 1,2026-05-15
"1000362","362",ytXkkHbwLEHCcCJM+a/m9eRLqtiCyuGTvhGqc/J82yY2rjCegXLQ103dCDI=,62,Male,Mr,PROV_48,Province 48,WARD_362,Ward 362,Address 1000362,Hometown 48,Career 2,2026-05-15
"1000363","363","6YH4Gu/wVdI3wrYFAnbAUI645hXEaMl/rr7d0Unae6SQMZi7DX/sqdfA97o=",63,Female,Ms,PROV_49,Province 49,WARD_363,Ward 363,Address 1000363,Hometown 49,Career 3,2026-05-15
"1000364","364",eZjwA/n+BvrXRK0QtOsarMQuONO+PcD9GfvQgOQfMNvcQwVOXyauP4PTi1s=,64,Male,Mr,PROV_50,Province 50,WARD_364,Ward 364,Address 1000364,Hometown 50,Career 4,2026-05-15
"1000365","365",Sk2Go7g5frwjNK0j9PEYFrxkvN8nMpPbx8Hn6xng5sShEX4+DIupYYVb9tk=,65,Female,Ms,PROV_51,Province 51,WARD_365,Ward 365,Address 1000365,Hometown 51,Career 5,2026-05-15
"1000366","366",fqfxlp4pcQrbFCUPWT/hzCQL4gV2AeLAWqoxVGTpl4+4CZrmbJ+co7fTyfU=,66,Male,Mr,PROV_52,Province 52,WARD_366,Ward 366,Address 1000366,Hometown 52,Career 6,2026-05-15
"1000367","367",fTdgXJmh8mYaXRCWGDk6qfF+eYrefjdscKcVV4pMjpscpUaj9SAfZ9qiXT4=,67,Female,Ms,PROV_53,Province 53,WARD_367,Ward 367,Address 1000367,Hometown 53,Career 7,2026-05-15
"1000368","368",X5Ek21zfouZUZa/0HtWVLhiVLiPuOAr5vt+Hi4blVdAAVJhqaA/N43Ukt6s=,68,Male,Mr,PROV_54,Province 54,WARD_368,Ward 368,Address 1000368,Hometown 54,Career 8,2026-05-15
"1000369","369",PnxLdVRr08X10gMtPE8jdlJqesyKcnvneI94n82p6CHgaAQQ09WgLNQ25wk=,69,Female,Ms,PROV_55,Province 55,WARD_369,Ward 369,Address 1000369,Hometown 55,Career 9,2026-05-15
"100037","37",bgogZ/SScWF2Rm9HlP8FyRbp96neJSa7btUll++t4BzvUBPzGFdAl8d4jA==,37,Female,Ms,PROV_56,Province 56,WARD_37,Ward 37,Address 100037,Hometown 56,Career 17,2026-05-15
"1000370","370","13BEkvH1e2+NBkZrHH/e5BN5grBKXRBCJvzutHa6DWlpS4dyidTqWUV0iFk=",70,Male,Mr,PROV_56,Province 56,WARD_370,Ward 370,Address 1000370,Hometown 56,Career 10,2026-05-15
"1000371","371",jgUcbNPt/jrkwtppfHx2JRxvKJgeV9j8LIm3zARUwgtc1zhIrsigDo/tH84=,71,Female,Ms,PROV_57,Province 57,WARD_371,Ward 371,Address 1000371,Hometown 57,Career 11,2026-05-15
"1000372","372",Q6VSjzK32PJNL+szj/YZm6cNU4pCrhHFk9xQhJrGkhtGkNp4Bo0XceyyDxA=,72,Male,Mr,PROV_58,Province 58,WARD_372,Ward 372,Address 1000372,Hometown 58,Career 12,2026-05-15
"1000373","373",wge6WEx1PhCWg29AjGPipTtm4iyT47o2FNA4HpwaSX9KyUlwy+6jjogEHkM=,73,Female,Ms,PROV_59,Province 59,WARD_373,Ward 373,Address 1000373,Hometown 59,Career 13,2026-05-15
"1000374","374",c6aOxmUg8p+vuv5Jmp3DYlIkMOCCtajcqFDNPvHHtGcrCqyc+uhMr01xJpQ=,74,Male,Mr,PROV_60,Province 60,WARD_374,Ward 374,Address 1000374,Hometown 60,Career 14,2026-05-15
"1000375","375",NzU8RArb9JxUXNFh7WSKjXzK/dSdzJMKXCqXBc44Lsrn2J92rjB+qNyv4o4=,75,Female,Ms,PROV_61,Province 61,WARD_375,Ward 375,Address 1000375,Hometown 61,Career 15,2026-05-15
"1000376","376",zLnunUzvfrsGs8dBiy5ikhgcQnARS014rCzYS1xM2jiwYqJ6OGvpjrahC34=,76,Male,Mr,PROV_62,Province 62,WARD_376,Ward 376,Address 1000376,Hometown 62,Career 16,2026-05-15
"1000377","377",eOgnLrtqB3FwnHmAKDiNnnHeg2yJDnTXivXqkdeBh6SMDg3F4HY/TRvwROk=,77,Female,Ms,PROV_0,Province 0,WARD_377,Ward 377,Address 1000377,Hometown 0,Career 17,2026-05-15
"1000378","378","3CZtdZUeBJxFJts36oy2RXetzbI5aoe6riOj0s/w8YgsVusA68u94cPRsCU=",78,Male,Mr,PROV_1,Province 1,WARD_378,Ward 378,Address 1000378,Hometown 1,Career 18,2026-05-15
"1000379","379",di1ZqEMYj1fo/TpjrYgwxBJx0dczAu712zUTTkTrxuJrkdpOFXz0Ui7/GOQ=,79,Female,Ms,PROV_2,Province 2,WARD_379,Ward 379,Address 1000379,Hometown 2,Career 19,2026-05-15
"100038","38",r7h0/NTU8TFwZ6EIu/FGpzEB8Rwqpubjil7jQphvvxe9ENcPg0XzREd7tw==,38,Male,Mr,PROV_57,Province 57,WARD_38,Ward 38,Address 100038,Hometown 57,Career 18,2026-05-15
"1000380","380",MqZRyIYF2jerAQUG9pEE7pr+0cWDKISZu6X79bH0+W25v3TrlfryXH2TSFk=,20,Male,Mr,PROV_3,Province 3,WARD_380,Ward 380,Address 1000380,Hometown 3,Career 0,2026-05-15
"1000381","381",v3FVw/4QHuvkpKCmhE8vbBDnsaR4oTN65gdMo5jlbuq+MYh4wj3MSOMEUkI=,21,Female,Ms,PROV_4,Province 4,WARD_381,Ward 381,Address 1000381,Hometown 4,Career 1,2026-05-15
"1000382","382",YZ//jwCTGagPpG29rcfVFVh2wC5a2gjHAxJ7osUD6P3axSjBLGyERXzHVwk=,22,Male,Mr,PROV_5,Province 5,WARD_382,Ward 382,Address 1000382,Hometown 5,Career 2,2026-05-15
"1000383","383","2geURbdnejB1vnaBOEU+0SqDo/DSrp6JZC0SPKTIrzFwDvJNBJuO+miL3tk=",23,Female,Ms,PROV_6,Province 6,WARD_383,Ward 383,Address 1000383,Hometown 6,Career 3,2026-05-15
"1000384","384",PGpk7xIY6eyVMM7lzhQVmeefq2ceXX5PePlCj/9K3Ooz4oxoyvjSsnvWgYc=,24,Male,Mr,PROV_7,Province 7,WARD_384,Ward 384,Address 1000384,Hometown 7,Career 4,2026-05-15
"1000385","385",/Nc5JhobrmXCOz91/gMT00VmUFPpmQDz1t1QAN2eCm2NOFQtG3Fsi6P2w14=,25,Female,Ms,PROV_8,Province 8,WARD_385,Ward 385,Address 1000385,Hometown 8,Career 5,2026-05-15
"1000386","386",qqHbnDfrxi8pxxGhZYjkCyG56i2b1Lf/uhkAdBIQMwkrlR+DueIEAcCpNXE=,26,Male,Mr,PROV_9,Province 9,WARD_386,Ward 386,Address 1000386,Hometown 9,Career 6,2026-05-15
"1000387","387",Q2UtI//W4llbfd4XDxjAct4/xlaC9A9YMCm66fQQ7G/6i+QNum56qfcpwlg=,27,Female,Ms,PROV_10,Province 10,WARD_387,Ward 387,Address 1000387,Hometown 10,Career 7,2026-05-15
"1000388","388",tKYntDRzmzRS+k//dG4xc+mfngxmLdblEpfZwWIY8TQQ5Olp0aZGgOHCinU=,28,Male,Mr,PROV_11,Province 11,WARD_388,Ward 388,Address 1000388,Hometown 11,Career 8,2026-05-15
"1000389","389",JEaEt+y+2fd0eAmmUiQJys/mc3UQCFETLvDexTXnZ5pk2Dya1irPjmrcVXM=,29,Female,Ms,PROV_12,Province 12,WARD_389,Ward 389,Address 1000389,Hometown 12,Career 9,2026-05-15
"100039","39",zH1dapPBCVI5X7JLfEMo73d6P95OcE8BjNJfKQhqlTDjU0nJ6RajbNILiA==,39,Female,Ms,PROV_58,Province 58,WARD_39,Ward 39,Address 100039,Hometown 58,Career 19,2026-05-15
"1000390","390",vmQTykg4BpvDPcld9qtqZqr48S74rY1GrTnfrflV9CC1CgdgfWLlaKjxg+U=,30,Male,Mr,PROV_13,Province 13,WARD_390,Ward 390,Address 1000390,Hometown 13,Career 10,2026-05-15
"1000391","391",qkRm4TLeYtLMAA3lQVcEJipku8y7AZKN+9x9p9V/BFWVruOjslSSrLNJmYM=,31,Female,Ms,PROV_14,Province 14,WARD_391,Ward 391,Address 1000391,Hometown 14,Career 11,2026-05-15
"1000392","392",A+0t6NbdrPDHL9g9XfMUE/XL4dlYQciuyQutoPyHKHpdiQAc0KDI+0SazQI=,32,Male,Mr,PROV_15,Province 15,WARD_392,Ward 392,Address 1000392,Hometown 15,Career 12,2026-05-15
"1000393","393",F9lTN3/AVOWQEv+UEA4SnSG459Hnoxr1I8yBn20Lp99YRIb6KN9j+m6dnsY=,33,Female,Ms,PROV_16,Province 16,WARD_393,Ward 393,Address 1000393,Hometown 16,Career 13,2026-05-15
"1000394","394","5am7yP6tPtqyxqkV3lF+ttPB0+n1q5lWmHqTOWNHyjVqNU2eCRjzgkPi4yg=",34,Male,Mr,PROV_17,Province 17,WARD_394,Ward 394,Address 1000394,Hometown 17,Career 14,2026-05-15
"1000395","395",II1rKKCYJncerSqZ7e2AhrNuOmzEJVZhNel6DP+TnUg0tRyGOfSJ+mFnI3o=,35,Female,Ms,PROV_18,Province 18,WARD_395,Ward 395,Address 1000395,Hometown 18,Career 15,2026-05-15
"1000396","396","2LIb+Zy/t+snKzKWgKaKUZq1huS1Pi2WXzP5X0RKP5hF2ZcySN2id6smH+I=",36,Male,Mr,PROV_19,Province 19,WARD_396,Ward 396,Address 1000396,Hometown 19,Career 16,2026-05-15
"1000397","397",GYBhDxSJUrlwiFKxN5OOqBd5YARN808EWbXmAK7kozgBRTAxIXHk+Kn/s5Y=,37,Female,Ms,PROV_20,Province 20,WARD_397,Ward 397,Address 1000397,Hometown 20,Career 17,2026-05-15
"1000398","398",cAjkbv4mFBcjgbJ6XkhNy/e+o7/sPIajkcZAird3Y+Hqi0+SgqeGTpRjeUI=,38,Male,Mr,PROV_21,Province 21,WARD_398,Ward 398,Address 1000398,Hometown 21,Career 18,2026-05-15
"1000399","399",uqAtynVMTZs93lLBq8jbFUSdEgO2OyxuliTTQZHQGZtsCCiQoYbaSubW4uU=,39,Female,Ms,PROV_22,Province 22,WARD_399,Ward 399,Address 1000399,Hometown 22,Career 19,2026-05-15
"10004","4",WXWgwAHAsM0GR9Wf82QI5uwL2W+rJS57+M2s4F6FY6l/DRtLuDpN+tWc,64,Male,Mr,PROV_50,Province 50,WARD_4,Ward 4,Address 10004,Hometown 50,Career 4,2026-05-15
"100040","40",KVkZmx2LY+px5monhf1P7Uilwy8KLAofl49HfNqVvQRpHJc7uSe5WDqSPg==,40,Male,Mr,PROV_59,Province 59,WARD_40,Ward 40,Address 100040,Hometown 59,Career 0,2026-05-15
"1000400","400",vktPiHU019kbMMKJFyGZRnIUlChcZzzQjDHII+93j0o2Im0lv8YwNWRcpD0=,40,Male,Mr,PROV_23,Province 23,WARD_400,Ward 400,Address 1000400,Hometown 23,Career 0,2026-05-15
"1000401","401",Mxqn24FuMhOWzKj1jdtOJdnv70IAMus8nYU+BZx5K+ggGDIfFPJq9KwdVlY=,41,Female,Ms,PROV_24,Province 24,WARD_401,Ward 401,Address 1000401,Hometown 24,Career 1,2026-05-15
"1000402","402",seWQNBTc890kOOE8MX7D0IO4kwQ7euQbxvmgLNxBZRMe5od9j82sfS4Z904=,42,Male,Mr,PROV_25,Province 25,WARD_402,Ward 402,Address 1000402,Hometown 25,Career 2,2026-05-15
"1000403","403",/IJefXWHJwu1lKTnyIAkOFrQ7tkrXJSuEiX+tT8/x+ZA2I6eNNVpuQ/6Wj4=,43,Female,Ms,PROV_26,Province 26,WARD_403,Ward 403,Address 1000403,Hometown 26,Career 3,2026-05-15
"1000404","404",A9o2kNdpzpkEXqJrVV6iWD6oQCPMwUQH/4Qvz0AnlmGmQ+MLbnkLGtPFxW0=,44,Male,Mr,PROV_27,Province 27,WARD_404,Ward 404,Address 1000404,Hometown 27,Career 4,2026-05-15
"1000405","405",zXC3oVe0VdcLD20VdRwvkIu0eQiB79XiYbFCa8brWTiTxBmQqZo+2uRV3RE=,45,Female,Ms,PROV_28,Province 28,WARD_405,Ward 405,Address 1000405,Hometown 28,Career 5,2026-05-15
"1000406","406",yHe1CYHsASc8gXgFZMDWpkSje0WjjL9w6+UpRPT5jkemqjkMuK1T1BLiVzs=,46,Male,Mr,PROV_29,Province 29,WARD_406,Ward 406,Address 1000406,Hometown 29,Career 6,2026-05-15
"1000407","407",TH5URFe5Ej5+5cKL9eHTjJbmziwMP6vXjPZX1QlwLmgSjF1RnfZetJXLUF0=,47,Female,Ms,PROV_30,Province 30,WARD_407,Ward 407,Address 1000407,Hometown 30,Career 7,2026-05-15
"1000408","408",FqZaYiUe9HWgLh+qHMhqPiGCFiBN25rJr5UB5juAFEkOJ+YeelPYFJ2IkbM=,48,Male,Mr,PROV_31,Province 31,WARD_408,Ward 408,Address 1000408,Hometown 31,Career 8,2026-05-15
"1000409","409",YYPHp5vQ6a8t84KbsnzwhmHsAOJ0fhhZ9UIzMyH0dzX354u121lPtX7DJTE=,49,Female,Ms,PROV_32,Province 32,WARD_409,Ward 409,Address 1000409,Hometown 32,Career 9,2026-05-15
"100041","41",zOUd8PhRuwcmawoHLueh18FwCGuOJkWqdUactF1wXWmNxgIf+9n3QDZHvA==,41,Female,Ms,PROV_60,Province 60,WARD_41,Ward 41,Address 100041,Hometown 60,Career 1,2026-05-15
"1000410","410",Vaa8KXYdYGRxwOY8inMrooxkHEYuVgtXcSbz4BmscqzDl0vpCWfpH2e3308=,50,Male,Mr,PROV_33,Province 33,WARD_410,Ward 410,Address 1000410,Hometown 33,Career 10,2026-05-15
"1000411","411",+qxYW2x02gRz4xQTdiFH2XQGgrC+/Bi3wc5c0TK3K971CsdxmhNKHyIHfVY=,51,Female,Ms,PROV_34,Province 34,WARD_411,Ward 411,Address 1000411,Hometown 34,Career 11,2026-05-15
"1000412","412",HzFGBjmHNJ+HHURqUzIIOwTtEky5sqNYpWRuFL6IRtNMT+YPU+wXWn6qtNE=,52,Male,Mr,PROV_35,Province 35,WARD_412,Ward 412,Address 1000412,Hometown 35,Career 12,2026-05-15
"1000413","413","6sIX1Ct30XDm6GBj6u8KBxaCWr1WBPxiFB7VrJxvQ5ExcjxJoy5k440Du44=",53,Female,Ms,PROV_36,Province 36,WARD_413,Ward 413,Address 1000413,Hometown 36,Career 13,2026-05-15
"1000414","414",ZqF4yHUgaWK9uDPFvGj6uvfvhIgKHCTDMs7PNK2tgedmtl/crtX3/4xdAiw=,54,Male,Mr,PROV_37,Province 37,WARD_414,Ward 414,Address 1000414,Hometown 37,Career 14,2026-05-15
"1000415","415",Z5oxWy8+ZU7HziR6tNg+aNRQ2jg4bPMjIQUm2QLTvZFDbR6HCBynpSlGsRQ=,55,Female,Ms,PROV_38,Province 38,WARD_415,Ward 415,Address 1000415,Hometown 38,Career 15,2026-05-15
"1000416","416",F6pwdeyc0cWbnfK0yxDqpHwBBeDYcF/VRx3MCxTMFo5nNcYN4N7hf5B47PY=,56,Male,Mr,PROV_39,Province 39,WARD_416,Ward 416,Address 1000416,Hometown 39,Career 16,2026-05-15
"1000417","417",yk1cQcGfcunIlY5PzZg7OSnLjRCmUaN247yWbZG5vxYX0v1EjijidRWchQ0=,57,Female,Ms,PROV_40,Province 40,WARD_417,Ward 417,Address 1000417,Hometown 40,Career 17,2026-05-15
"1000418","418",E+y8BqXRw1/LbBnXyoMWh2PgXPafzLgmFP0DEJE15ylaHvyK6MKDQmmjRL4=,58,Male,Mr,PROV_41,Province 41,WARD_418,Ward 418,Address 1000418,Hometown 41,Career 18,2026-05-15
"1000419","419",qE+thWgho5vQ5srxJm1DXMBy0rMJ0UE0SWacCSm3VYuBU+dG6/68staEQd8=,59,Female,Ms,PROV_42,Province 42,WARD_419,Ward 419,Address 1000419,Hometown 42,Career 19,2026-05-15
"100042","42",SxlhabubkLz7Wqdl87W0BTv4NiYBy8iztKBI69XR8CUY9M5IS3Y4+2CBHA==,42,Male,Mr,PROV_61,Province 61,WARD_42,Ward 42,Address 100042,Hometown 61,Career 2,2026-05-15
"1000420","420",t7d5i0xGSGHhQU1m9FKMZHrEYe54phwX+WdmpGPwU86fylqtKpqOgYpaJoY=,60,Male,Mr,PROV_43,Province 43,WARD_420,Ward 420,Address 1000420,Hometown 43,Career 0,2026-05-15
"1000421","421",QAfM0xyJ8T08amYTpE6AYAknkVeiZ1rF68bXKzfDcZTs1CQ/UTkDsgBws0Q=,61,Female,Ms,PROV_44,Province 44,WARD_421,Ward 421,Address 1000421,Hometown 44,Career 1,2026-05-15
"1000422","422",QP6iUtgeOfHPq/rqVKQ/AF8UUAAoBNBizh0gddHQazIfiDIfM363skhhQPI=,62,Male,Mr,PROV_45,Province 45,WARD_422,Ward 422,Address 1000422,Hometown 45,Career 2,2026-05-15
"1000423","423",i70rDUxQ/SmG3piyRaISOk1my9aXPE5cZpOGYb8lUhduOZn5Rplam+6qKLQ=,63,Female,Ms,PROV_46,Province 46,WARD_423,Ward 423,Address 1000423,Hometown 46,Career 3,2026-05-15
"1000424","424",e4MDNEJGUfYEzq0p/k2M0PDPGQnx6MZKCs/KTPd/555MXXsHDAOioA/as3s=,64,Male,Mr,PROV_47,Province 47,WARD_424,Ward 424,Address 1000424,Hometown 47,Career 4,2026-05-15
"1000425","425",BWEmaQkhoyLU+hhZ255DOEv8fqlkPOyc+5rMMqGMqjKE0/r9s/RdKgjcOWQ=,65,Female,Ms,PROV_48,Province 48,WARD_425,Ward 425,Address 1000425,Hometown 48,Career 5,2026-05-15
"1000426","426",NADaJPXQmmodES94yIoWLGqeYK4QNEi7Xnl+YjHSesdEjao1rNsl+Ni4YBg=,66,Male,Mr,PROV_49,Province 49,WARD_426,Ward 426,Address 1000426,Hometown 49,Career 6,2026-05-15
"1000427","427","5CduB3CXTlwfO5BdBHwnzdJMfFQYHHfBrKOnm0YmKwDG/2MyFpVjgG3QQr0=",67,Female,Ms,PROV_50,Province 50,WARD_427,Ward 427,Address 1000427,Hometown 50,Career 7,2026-05-15
"1000428","428",CBqMu2nhGmnHnfH8ejwcahns//zAUFVaBzE8z1aoMasqoXl0p3ARz6MtmWE=,68,Male,Mr,PROV_51,Province 51,WARD_428,Ward 428,Address 1000428,Hometown 51,Career 8,2026-05-15
"1000429","429",PWFvtqyjYQ8sYRgLxiRNVtZJv5bJiD+Nqoi5FyS2VHgFz6jE75qPWWfgjSE=,69,Female,Ms,PROV_52,Province 52,WARD_429,Ward 429,Address 1000429,Hometown 52,Career 9,2026-05-15
"100043","43",toQBO/QaE2jI14S5J4wm7a4smVAJmI2V+f/ofEu3XpQngsFyy1lYn726Pg==,43,Female,Ms,PROV_62,Province 62,WARD_43,Ward 43,Address 100043,Hometown 62,Career 3,2026-05-15
"1000430","430",Uzvo8Y9Cy4SyWuRhowPImLZzbmU8tK+68S5K76TqbPbinMbI8on9NOHtVEM=,70,Male,Mr,PROV_53,Province 53,WARD_430,Ward 430,Address 1000430,Hometown 53,Career 10,2026-05-15
"1000431","431",ZDuQmb3X6CufMZ58TQezlcz6+90y1yv1NyeJWfDsQ+Fl4zMHP4BzFIYueMQ=,71,Female,Ms,PROV_54,Province 54,WARD_431,Ward 431,Address 1000431,Hometown 54,Career 11,2026-05-15
"1000432","432",lH6ZBuMnzutM9E+oWUFY+EyCw+IPVibNt4QKlTnS0FsKeNx+WJsaVcehiag=,72,Male,Mr,PROV_55,Province 55,WARD_432,Ward 432,Address 1000432,Hometown 55,Career 12,2026-05-15
"1000433","433",IjH2xjtkhrz+eUdRIAuTc2d2PUzPJN8C6AsiH1OGfxsTxr6iBXQwpk6DK6c=,73,Female,Ms,PROV_56,Province 56,WARD_433,Ward 433,Address 1000433,Hometown 56,Career 13,2026-05-15
"1000434","434","8e+WQQD9VklahvCrKaD/6IcNFVk0yFSZAgNtUX2ltsV0oZxRmHt3zaBA/CE=",74,Male,Mr,PROV_57,Province 57,WARD_434,Ward 434,Address 1000434,Hometown 57,Career 14,2026-05-15
"1000435","435",yYcCvbGMifjDe2m+a2Peo2nxRzR7UyOO/Nm7DlxtKsrUknofYPSunPfb2mQ=,75,Female,Ms,PROV_58,Province 58,WARD_435,Ward 435,Address 1000435,Hometown 58,Career 15,2026-05-15
"1000436","436",Dv7h86mTpKrdfWok0aO23w/VHBm2Cp0jRHlmwO9WsZX0Mf0I7Fv2dMCPGcE=,76,Male,Mr,PROV_59,Province 59,WARD_436,Ward 436,Address 1000436,Hometown 59,Career 16,2026-05-15
"1000437","437","9AdQquVhCKYnYAbiErxFq/GR1KN1Imoj/hRPtklH1SQWgVCBClTV2d8/spk=",77,Female,Ms,PROV_60,Province 60,WARD_437,Ward 437,Address 1000437,Hometown 60,Career 17,2026-05-15
"1000438","438",++gF9hvk1irMNE/EWvWrsas3KvDDCCsacoXYfFYlC3uYpPH9+ZWCfFX8Qrc=,78,Male,Mr,PROV_61,Province 61,WARD_438,Ward 438,Address 1000438,Hometown 61,Career 18,2026-05-15
"1000439","439",R7Wf9GOalSFQ0Gz/D/yWeaeebyC3JtbGTu6K8gDeXRqcPpDFsBRncMstWh4=,79,Female,Ms,PROV_62,Province 62,WARD_439,Ward 439,Address 1000439,Hometown 62,Career 19,2026-05-15
"100044","44","4v7gRzUkr+wTucbGmtj9taWrctVPbRNEaWF/cXThlun6RMg/VWzXt6M8QA==",44,Male,Mr,PROV_0,Province 0,WARD_44,Ward 44,Address 100044,Hometown 0,Career 4,2026-05-15
"1000440","440","7C372JL5z6/OmDpkjEZF42WR+e79ivDh/HmipLtPmgYO6IIRKCHi6H6tLJw=",20,Male,Mr,PROV_0,Province 0,WARD_440,Ward 440,Address 1000440,Hometown 0,Career 0,2026-05-15
"1000441","441",H9enj0i2NhGCIp0g1ksOhrDFq/cTYpL/SIKnABXg2ls38+bXwU4VaE2244E=,21,Female,Ms,PROV_1,Province 1,WARD_441,Ward 441,Address 1000441,Hometown 1,Career 1,2026-05-15
"1000442","442",uwDEvm21tQaFSMfTUzNEQQYrOSIKvl4LXgQomJ8TtJfoJn/9ze6pMyAVn3k=,22,Male,Mr,PROV_2,Province 2,WARD_442,Ward 442,Address 1000442,Hometown 2,Career 2,2026-05-15
"1000443","443",VXkERZoVsGKwAM7uQ/NQ6i0B6Pxl+BIsLmuaGB3ybUCOCuIeECsuxuWddQ8=,23,Female,Ms,PROV_3,Province 3,WARD_443,Ward 443,Address 1000443,Hometown 3,Career 3,2026-05-15
"1000444","444",kMHe85bi4ebGjjMc18cp8w2lojql+n4WUijdbHDlAkqh9zNsGWqIEB38Zpc=,24,Male,Mr,PROV_4,Province 4,WARD_444,Ward 444,Address 1000444,Hometown 4,Career 4,2026-05-15
"1000445","445",I9sXV6B5DinhThmQZ2Dmy4ETnloKxrUgpQo5QA+5Is6IQwlUHi5j+OgaStc=,25,Female,Ms,PROV_5,Province 5,WARD_445,Ward 445,Address 1000445,Hometown 5,Career 5,2026-05-15
"1000446","446",IdFrSYCUHlabw1I1W4AG5BIyuV6O4iDtoBY+YCltYoAncjjfUJvGtgJ/+6Y=,26,Male,Mr,PROV_6,Province 6,WARD_446,Ward 446,Address 1000446,Hometown 6,Career 6,2026-05-15
"1000447","447",edq6scF6whZNXOT2jZv37LWpgEy1GaPMAiFmnBPe6TNu1+dAEti/N1dUFws=,27,Female,Ms,PROV_7,Province 7,WARD_447,Ward 447,Address 1000447,Hometown 7,Career 7,2026-05-15
"1000448","448",vzW0fFObqMkWORmOTKyElTEqJkFg8zIudfzPPXzYLVV7lNP+hTLBlEh+2DE=,28,Male,Mr,PROV_8,Province 8,WARD_448,Ward 448,Address 1000448,Hometown 8,Career 8,2026-05-15
"1000449","449",tvvSbkcVeYIPUWyCVbB+BoKYhVRqtvuFQrV43dm/tIIFztOQZOvDAHZ38FY=,29,Female,Ms,PROV_9,Province 9,WARD_449,Ward 449,Address 1000449,Hometown 9,Career 9,2026-05-15
"100045","45","4Apy8AOKu/HcN16+qyH+0cLSNaIdw3EfW9djOW2jUk7vpGjtSgr9jQkKrA==",45,Female,Ms,PROV_1,Province 1,WARD_45,Ward 45,Address 100045,Hometown 1,Career 5,2026-05-15
"1000450","450",MOydbTm93IHOr1/vGGC7cA+6puVt3544WQxgctrcqDsV5vYCSIbJGZE27aI=,30,Male,Mr,PROV_10,Province 10,WARD_450,Ward 450,Address 1000450,Hometown 10,Career 10,2026-05-15
"1000451","451",jSaNwxPwR/hvmPXVYz6ClxjImVEK22IzDiIj+1vlkSPxCd1Y/FCOWCqCJtY=,31,Female,Ms,PROV_11,Province 11,WARD_451,Ward 451,Address 1000451,Hometown 11,Career 11,2026-05-15
"1000452","452",hySf3r6OzLv46ysxPfsQIH2xH0yqcHPmRDFhhoEJOLtNDurkRIKFTBO3flM=,32,Male,Mr,PROV_12,Province 12,WARD_452,Ward 452,Address 1000452,Hometown 12,Career 12,2026-05-15
"1000453","453",u+HCN3gV64VuPT8sqCanFw9DdvpRQ9ztBPl5Uedmh+NnXDfDV24i3k/Oj00=,33,Female,Ms,PROV_13,Province 13,WARD_453,Ward 453,Address 1000453,Hometown 13,Career 13,2026-05-15
"1000454","454",CfMBnQblMZlW8ZNmQ/PhbWL4uIPpSpYVj00eN7UZJm2jLdmh5nS2yyLK2zg=,34,Male,Mr,PROV_14,Province 14,WARD_454,Ward 454,Address 1000454,Hometown 14,Career 14,2026-05-15
"1000455","455",KEYSQm6H9PhpPFn8tNqR1RAaRyxesw5b31xB9c472FEAoNKvNTwAspUJtFw=,35,Female,Ms,PROV_15,Province 15,WARD_455,Ward 455,Address 1000455,Hometown 15,Career 15,2026-05-15
"1000456","456",Pufi7JI1ErmGf3pWZssabNMNw5m/ipGHMPVlB/Rvmt5HMA8V7kjpUrnMlVQ=,36,Male,Mr,PROV_16,Province 16,WARD_456,Ward 456,Address 1000456,Hometown 16,Career 16,2026-05-15
"1000457","457",RR82utV0dTQc9hXAkUA9CW2Pla8yI604jFIZ9LJtRfC4XqlFYqaHg+pxiUc=,37,Female,Ms,PROV_17,Province 17,WARD_457,Ward 457,Address 1000457,Hometown 17,Career 17,2026-05-15
"1000458","458",zPFunHy1vaTfJna5BgwW5fR8broxBDVlgIA5OeAkv3E4ece2thogPEzrnmM=,38,Male,Mr,PROV_18,Province 18,WARD_458,Ward 458,Address 1000458,Hometown 18,Career 18,2026-05-15
"1000459","459","26jCE59IuDk85TrAiSJNJUS4qz3NQSExMN2MWHBal2HzpalIU4kV7TBihwo=",39,Female,Ms,PROV_19,Province 19,WARD_459,Ward 459,Address 1000459,Hometown 19,Career 19,2026-05-15
"100046","46",uULvcS4BrKpe5TkyEiYU1h2clySB3WYigpee+aaJHSgXZoFkhUu7bMADhA==,46,Male,Mr,PROV_2,Province 2,WARD_46,Ward 46,Address 100046,Hometown 2,Career 6,2026-05-15
"1000460","460",xRmaU4LxPxD4zo6xBRYNDLSHjK6l61OXhU/hfIzXIgp6c1b8BJB7bGirKKo=,40,Male,Mr,PROV_20,Province 20,WARD_460,Ward 460,Address 1000460,Hometown 20,Career 0,2026-05-15
"1000461","461",+2xEIscscM3L3TR/jEqhdcNqqyYwjdze2OjEP6g6Bsl2GXt7WPcluFwEBUg=,41,Female,Ms,PROV_21,Province 21,WARD_461,Ward 461,Address 1000461,Hometown 21,Career 1,2026-05-15
"1000462","462","1J+FRZKe8+Qb1rFAx7Ho3aumSthtuBaB9dSfRQGPBt6Qq2AwkQAhyc5fwxI=",42,Male,Mr,PROV_22,Province 22,WARD_462,Ward 462,Address 1000462,Hometown 22,Career 2,2026-05-15
"1000463","463",Fn5jkY4Vi1G3BEy8P9z2lpNa9G+2+qbi5uUTt7qtyZ7+0Ye4QAsac07vsPE=,43,Female,Ms,PROV_23,Province 23,WARD_463,Ward 463,Address 1000463,Hometown 23,Career 3,2026-05-15
"1000464","464","1s7DmgP9opbL3I5HV31wGOkZGUGAWvCNwhbL+2RxA15WgOfimRsd9SQ5c2w=",44,Male,Mr,PROV_24,Province 24,WARD_464,Ward 464,Address 1000464,Hometown 24,Career 4,2026-05-15
"1000465","465","27+DbDCfZnynD2j+ktCOJpT3ZTNJ1PkrNKUbvzzsjtd1ocYl848LlSoBWH4=",45,Female,Ms,PROV_25,Province 25,WARD_465,Ward 465,Address 1000465,Hometown 25,Career 5,2026-05-15
"1000466","466",XJAjflACaDJETOw7HSlOLIu3e8q0RIQfWISu2M+5kfjvuEm0RfBc4K69C/k=,46,Male,Mr,PROV_26,Province 26,WARD_466,Ward 466,Address 1000466,Hometown 26,Career 6,2026-05-15
"1000467","467","21DFr2AF0jKB5JKRVuVJepr+jcmWg/8hT795NDI6j8R5MNzTgSkaRqSH5ZM=",47,Female,Ms,PROV_27,Province 27,WARD_467,Ward 467,Address 1000467,Hometown 27,Career 7,2026-05-15
"1000468","468",eaNDMKFUUFf0FvKsxwah5QxMZpqe4ZnBrgYXuHeOdYUQ9gmZle4rwt0W48A=,48,Male,Mr,PROV_28,Province 28,WARD_468,Ward 468,Address 1000468,Hometown 28,Career 8,2026-05-15
"1000469","469",wpT9UDLyTwAWIHvaIcZUKZylsuKiqJNN4M7uDsU6YdTUNAAbvnDY9T571E8=,49,Female,Ms,PROV_29,Province 29,WARD_469,Ward 469,Address 1000469,Hometown 29,Career 9,2026-05-15
"100047","47",I9g3jVJbUqp8eeh7DkmcUAxVGqcRaytTg1+OEWBVHmA76juQjkW0Vf+5pA==,47,Female,Ms,PROV_3,Province 3,WARD_47,Ward 47,Address 100047,Hometown 3,Career 7,2026-05-15
"1000470","470",Xq6vPMbZtdBW276ltbNMbso4zB8cH22QJIbu+hfF/VNQzqASNYLbxCH9kTI=,50,Male,Mr,PROV_30,Province 30,WARD_470,Ward 470,Address 1000470,Hometown 30,Career 10,2026-05-15
"1000471","471",Z9lfTSMMHVdWOnPEKiMPGazyToNir+eg3dCVwi9WgNNQWz4Qs+GTE/X5e1U=,51,Female,Ms,PROV_31,Province 31,WARD_471,Ward 471,Address 1000471,Hometown 31,Career 11,2026-05-15
"1000472","472",wy7sJg6SuqoyoFD9ftkoBXff48GH2F0zTL3vEA3aSHg8Xp1CzUl3m/vB1eY=,52,Male,Mr,PROV_32,Province 32,WARD_472,Ward 472,Address 1000472,Hometown 32,Career 12,2026-05-15
"1000473","473",LGNAEaaERStInAbslD1OmxbzUrvzPg2UTmmKI8bUtmM8/mBT/USviqZMWkE=,53,Female,Ms,PROV_33,Province 33,WARD_473,Ward 473,Address 1000473,Hometown 33,Career 13,2026-05-15
"1000474","474",a1vHFPKDCs7pe9PZCKru/UCST9/Tf7zyGaSDEZwZvp+oxijR8dbxRkoP0mM=,54,Male,Mr,PROV_34,Province 34,WARD_474,Ward 474,Address 1000474,Hometown 34,Career 14,2026-05-15
"1000475","475",vC1gWnfNDtXjrFGJHGN+YYPAfzByR7ZHLtRrrZctHvrEvBmhRpmbX/qH6kg=,55,Female,Ms,PROV_35,Province 35,WARD_475,Ward 475,Address 1000475,Hometown 35,Career 15,2026-05-15
"1000476","476",d8AeB5NlwdYQnK2gdHED4NQx33KHRhKTgvbpfKdi+mys80rzgcG9AWSvYks=,56,Male,Mr,PROV_36,Province 36,WARD_476,Ward 476,Address 1000476,Hometown 36,Career 16,2026-05-15
"1000477","477",ggl3YQL87tvOI8nkRcLBfDLeRsUwX6YfV0ST4O+7thxoDCA0Zu3v39B5zmI=,57,Female,Ms,PROV_37,Province 37,WARD_477,Ward 477,Address 1000477,Hometown 37,Career 17,2026-05-15
"1000478","478",M1ly9tNSgTpc0C2eSGBjsdlWFAZybzdUlqFElF4IwqAuKqHo3JHsBlBWeno=,58,Male,Mr,PROV_38,Province 38,WARD_478,Ward 478,Address 1000478,Hometown 38,Career 18,2026-05-15
"1000479","479",NKK13OjgLjHGd54uMN5+zJD8UbB5Sdm90sx843/y89VtqoY3Kij5VAs44Jg=,59,Female,Ms,PROV_39,Province 39,WARD_479,Ward 479,Address 1000479,Hometown 39,Career 19,2026-05-15
"100048","48","89v2EaF/l1jVpveOtuvH37lkezQEbjBusff5rpdnqjxq/PUIZTK5MdP1qg==",48,Male,Mr,PROV_4,Province 4,WARD_48,Ward 48,Address 100048,Hometown 4,Career 8,2026-05-15
"1000480","480",Xj0UnvMsBHl6ipeRB6xuBwKJj+SriXN1IDpOV8H+UlzGcL2y2xcZxtiv6aU=,60,Male,Mr,PROV_40,Province 40,WARD_480,Ward 480,Address 1000480,Hometown 40,Career 0,2026-05-15
"1000481","481",VUUoMiY9FAt8IJGO4auxc+cUepEsUcwuZ2Tr9Q01btPUgL2JBeQ9Oedd75E=,61,Female,Ms,PROV_41,Province 41,WARD_481,Ward 481,Address 1000481,Hometown 41,Career 1,2026-05-15
"1000482","482",c7C1AgrZiGDa+HUT7DkMnYKHPaEYC0ecSlq8RpjrBodH1ATnoIyG41+Nllw=,62,Male,Mr,PROV_42,Province 42,WARD_482,Ward 482,Address 1000482,Hometown 42,Career 2,2026-05-15
"1000483","483","7eJRGOi05dx47f+onAsZwFRW556G7bvJypRAzYUfI/Z12tyEKLI7dcKyBG0=",63,Female,Ms,PROV_43,Province 43,WARD_483,Ward 483,Address 1000483,Hometown 43,Career 3,2026-05-15
"1000484","484",uZVZTeeqGEcrJeAtAO+weeYP+ONvlBKhZwu2uKoowzQPnR0XFT8PRFetDPs=,64,Male,Mr,PROV_44,Province 44,WARD_484,Ward 484,Address 1000484,Hometown 44,Career 4,2026-05-15
"1000485","485",ziEb9FOuNGVwdQTNoYErwRNNWJAcKzAkYTH1IInxq+ZeZKDpJJioelt8yso=,65,Female,Ms,PROV_45,Province 45,WARD_485,Ward 485,Address 1000485,Hometown 45,Career 5,2026-05-15
"1000486","486",xcDl86ErVT2jO2AHnzf/ldutYOXBS9Sj7FgarjXZguySlEFHdTJYuR7IdLw=,66,Male,Mr,PROV_46,Province 46,WARD_486,Ward 486,Address 1000486,Hometown 46,Career 6,2026-05-15
"1000487","487",jHdFDGsGLJ6wOb/hVa9Bp3JTmWMj4lLMb+s3D16obmncPAi/K779ULgMGW0=,67,Female,Ms,PROV_47,Province 47,WARD_487,Ward 487,Address 1000487,Hometown 47,Career 7,2026-05-15
"1000488","488",tRZVpnT0d/FP6/ok1Wh3nyyDbx3ej7JcujMvnVh0k7XjIeszJgneq5QXux4=,68,Male,Mr,PROV_48,Province 48,WARD_488,Ward 488,Address 1000488,Hometown 48,Career 8,2026-05-15
"1000489","489","1dRmPyWfdZIZn916HZbnWOpyaRm/iSuzXg4iS5f/HRV+At3O8kg0NonHWYk=",69,Female,Ms,PROV_49,Province 49,WARD_489,Ward 489,Address 1000489,Hometown 49,Career 9,2026-05-15
"100049","49",OTZeMrNzaHdltcUIzrDmrmLbZFe1SmuuASyUxC16vXDGvtgEwX2OClEJSg==,49,Female,Ms,PROV_5,Province 5,WARD_49,Ward 49,Address 100049,Hometown 5,Career 9,2026-05-15
"1000490","490",ijgHFlNJruRu43nHC2Z0vTspNHq8qmFwUqX9SV9HyMEcP9/PV76gHdZE7w4=,70,Male,Mr,PROV_50,Province 50,WARD_490,Ward 490,Address 1000490,Hometown 50,Career 10,2026-05-15
"1000491","491","43sC/SgH0aYWD/9QAzdIU05lf6SrKkjBaVp6IamjN9NKBB7y8ugoxBHXe/I=",71,Female,Ms,PROV_51,Province 51,WARD_491,Ward 491,Address 1000491,Hometown 51,Career 11,2026-05-15
"1000492","492",/BCxtu18uYVkIuX7n3WVotWU23bo3qDYuFwjtDQpPbWDXGg5kTbI/sgi2HM=,72,Male,Mr,PROV_52,Province 52,WARD_492,Ward 492,Address 1000492,Hometown 52,Career 12,2026-05-15
"1000493","493",o9R+2sIdWwvl50mkl6hBbP/2L/U/d5DcpHqJ2E4ri80L8khyz0H6GzJSvJs=,73,Female,Ms,PROV_53,Province 53,WARD_493,Ward 493,Address 1000493,Hometown 53,Career 13,2026-05-15
"1000494","494",fJGq1i04XBKe+XEeHIv9DyPlwDWcZ60Mzj0mawbcPi+E3PKcJhcH7V3urHE=,74,Male,Mr,PROV_54,Province 54,WARD_494,Ward 494,Address 1000494,Hometown 54,Career 14,2026-05-15
"1000495","495",ZilgCSN6cAy9ROMANDn/xCycnH7U3yFzX0y341WRaeFPMy+Zmxa/965RDJo=,75,Female,Ms,PROV_55,Province 55,WARD_495,Ward 495,Address 1000495,Hometown 55,Career 15,2026-05-15
"1000496","496",Ro7Y6Yt3QWb2EqTwSvspdDybbTQYq/fa/Gm768f3eNQAs6ygbpR6TmG8HtM=,76,Male,Mr,PROV_56,Province 56,WARD_496,Ward 496,Address 1000496,Hometown 56,Career 16,2026-05-15
"1000497","497",vXMwlBRXktqYqZ5Y2nmnCc1a63dlgZDHHxLiZr6H91wkca7DzC4gUDGfmqs=,77,Female,Ms,PROV_57,Province 57,WARD_497,Ward 497,Address 1000497,Hometown 57,Career 17,2026-05-15
"1000498","498","7y7Kl9oWAmfestjPOo5AwMk97aPTXWb9qPe7feTtFsGu6XasXg94q4uQVbM=",78,Male,Mr,PROV_58,Province 58,WARD_498,Ward 498,Address 1000498,Hometown 58,Career 18,2026-05-15
"1000499","499",bMxaGtUPgDQ7wDdjPYhmymlm7gnY8oiJDEhu4jye/uM9by1491MWxJc2q3o=,79,Female,Ms,PROV_59,Province 59,WARD_499,Ward 499,Address 1000499,Hometown 59,Career 19,2026-05-15
"10005","5",IcH/KYwTBPvMt4XsfQTMValTzQFlKr5q3JtTdL6apBl4eCdifX9skODx,65,Female,Ms,PROV_51,Province 51,WARD_5,Ward 5,Address 10005,Hometown 51,Career 5,2026-05-15
"100050","50","345rsEa98wt2Ph/a/OBG3wyjCBqsZOj0Qpvx14Yf3LwBeAyAasEgFk7jCQ==",50,Male,Mr,PROV_6,Province 6,WARD_50,Ward 50,Address 100050,Hometown 6,Career 10,2026-05-15
"1000500","500",sN+2zs9tYM4VFrC4UT7A02XkWMwOMq12Z5CoY14MwsaiqKLQw4NfUACQ3OE=,20,Male,Mr,PROV_60,Province 60,WARD_500,Ward 500,Address 1000500,Hometown 60,Career 0,2026-05-15
"1000501","501",pcXF6SZOkyeE90Wcl+ZgvRxm88iCX5hCOJuc/hAQ8bRBheRo5QXCTGbpNJE=,21,Female,Ms,PROV_61,Province 61,WARD_501,Ward 501,Address 1000501,Hometown 61,Career 1,2026-05-15
"1000502","502",NPmbxQrdPAyYSOBhrpOiJhaB6lDc3kuI9XiwOLcvUDMAiZgQIgB2iRS0wxk=,22,Male,Mr,PROV_62,Province 62,WARD_502,Ward 502,Address 1000502,Hometown 62,Career 2,2026-05-15
"1000503","503","6jkbqnjCCm/i+vD91mkbWdLajGxR/mDhs43Z35S77mdwYE5M2Vqp3sbcc/o=",23,Female,Ms,PROV_0,Province 0,WARD_503,Ward 503,Address 1000503,Hometown 0,Career 3,2026-05-15
"1000504","504",zg2PdkgcfAgXd2XCirmc8iAgcyadog7sSqyxS2bQMx8VUowUpa9BJL8VVLA=,24,Male,Mr,PROV_1,Province 1,WARD_504,Ward 504,Address 1000504,Hometown 1,Career 4,2026-05-15
"1000505","505",chiLVNr+MehJZaKVo08SqPbInub/5Mqxucdng//1aekDqBeUwDWnanWdkWY=,25,Female,Ms,PROV_2,Province 2,WARD_505,Ward 505,Address 1000505,Hometown 2,Career 5,2026-05-15
"1000506","506",iNyN3Tuqkcox53/1QnE7jfxDwQgbcldJrIBqQxkehVwU0/KfgJ/fq7Y92Q0=,26,Male,Mr,PROV_3,Province 3,WARD_506,Ward 506,Address 1000506,Hometown 3,Career 6,2026-05-15
"1000507","507",iNjsmJvQiGFbmwoTpxcNU6hmkhG1kIW6IqdWBscPmCTIt/GQZL1dcElPffQ=,27,Female,Ms,PROV_4,Province 4,WARD_507,Ward 507,Address 1000507,Hometown 4,Career 7,2026-05-15
"1000508","508",eAUXAd5F4IcnjMFGOP0OEhMtqNqAvlMdj+u9WH1LdlnhRbqy4VigbGHhLHA=,28,Male,Mr,PROV_5,Province 5,WARD_508,Ward 508,Address 1000508,Hometown 5,Career 8,2026-05-15
"1000509","509",+gHa2mp9gkE6lkdfXThNYrsb6ZDiUJ2e4jQYaOLikJhGqY/3FHFLud6vuD0=,29,Female,Ms,PROV_6,Province 6,WARD_509,Ward 509,Address 1000509,Hometown 6,Career 9,2026-05-15
"100051","51","4LcwtpCis1hkn1pNgYQ/3fg/Yr2y0YCkAJbICW56Xk0QU6BzuAvvfpdO0A==",51,Female,Ms,PROV_7,Province 7,WARD_51,Ward 51,Address 100051,Hometown 7,Career 11,2026-05-15
"1000510","510",S577DpwU8ezN09E3/ZGxBfCaP+roMljmxb2/OCK0lpMS4Iu7skQoM/31nVk=,30,Male,Mr,PROV_7,Province 7,WARD_510,Ward 510,Address 1000510,Hometown 7,Career 10,2026-05-15
"1000511","511",TQQlsIE4/+JSgCvJCjeD8bz07CHeCPz5ccVwxIHrUUU9IUkIYby/hUHVZdI=,31,Female,Ms,PROV_8,Province 8,WARD_511,Ward 511,Address 1000511,Hometown 8,Career 11,2026-05-15
"1000512","512",DBheGqy1Y0OQvb0NYHlaFvdlXE/Zq132G2p9trS9hoMkbf0tqLOMTUpXhC4=,32,Male,Mr,PROV_9,Province 9,WARD_512,Ward 512,Address 1000512,Hometown 9,Career 12,2026-05-15
"1000513","513",hFVbteoPomuOcqLZaEUKKLJtNC2GBtZNsQd9HMXcJgcJdOXsg7dZq+BQK1E=,33,Female,Ms,PROV_10,Province 10,WARD_513,Ward 513,Address 1000513,Hometown 10,Career 13,2026-05-15
"1000514","514",jiyw1+5o7TvSJWTIAzYBzl8eJs3z9sYnbFZNNQ69Rwal9E32t/nBeyArxxQ=,34,Male,Mr,PROV_11,Province 11,WARD_514,Ward 514,Address 1000514,Hometown 11,Career 14,2026-05-15
"1000515","515",vH4+o/GUTdC5x7JZQJs9vpi2wdxBQl9g1ZW1mZZvvyjtW4i+rIgez81N0RU=,35,Female,Ms,PROV_12,Province 12,WARD_515,Ward 515,Address 1000515,Hometown 12,Career 15,2026-05-15
"1000516","516","5g5M+uNaEAXUXg33xHoeoKAqpDnRmlJvH6MpFas8hg5609oD5Eh6QPa9S+s=",36,Male,Mr,PROV_13,Province 13,WARD_516,Ward 516,Address 1000516,Hometown 13,Career 16,2026-05-15
"1000517","517",KKOfNjn26NUTwBnQf2SPBzz5u0WGqV7ppBUhIyc4ampIhLNkMvLmQu+DzGU=,37,Female,Ms,PROV_14,Province 14,WARD_517,Ward 517,Address 1000517,Hometown 14,Career 17,2026-05-15
"1000518","518",dY7FJuLTeNTLOmaxnVDnssGQaGtW0/KmrvoXRIp8peyWcKUwRNi9NNcqZ5w=,38,Male,Mr,PROV_15,Province 15,WARD_518,Ward 518,Address 1000518,Hometown 15,Career 18,2026-05-15
"1000519","519",uD22cPyQTtcXhrxRhXslhBnYSMUpfu2L3kLLI7mnVSfZWFX53sgvzhdp1Kk=,39,Female,Ms,PROV_16,Province 16,WARD_519,Ward 519,Address 1000519,Hometown 16,Career 19,2026-05-15
"100052","52",e9UgeXyI7j2ALQiXXf0nlrWum0Akz1E0wOGcjq2pGYq0rNPzkD4PyvdtFQ==,52,Male,Mr,PROV_8,Province 8,WARD_52,Ward 52,Address 100052,Hometown 8,Career 12,2026-05-15
"1000520","520",aUW+rGeMeuzUiReA3duiOoRpJjGHfLuNPJ02RkJvCH5am4LAzI9e6BY4Q+o=,40,Male,Mr,PROV_17,Province 17,WARD_520,Ward 520,Address 1000520,Hometown 17,Career 0,2026-05-15
"1000521","521",or47BAAjqnyiexRHHdrlyNjOVIu0jfltKKuFODp7Bpm8lVtDhlPMoalXBn0=,41,Female,Ms,PROV_18,Province 18,WARD_521,Ward 521,Address 1000521,Hometown 18,Career 1,2026-05-15
"1000522","522",CoW7BRyOSNgLTkMkMv1Sr+Qh7C4A0L8ASgMdcWjB7uX8QmYpqPRO036pdzI=,42,Male,Mr,PROV_19,Province 19,WARD_522,Ward 522,Address 1000522,Hometown 19,Career 2,2026-05-15
"1000523","523",FQ7w+GyunofIyDul9xXF+9W+heEDds1OgEOO1edQeMST1e+C1kfo5ao3h28=,43,Female,Ms,PROV_20,Province 20,WARD_523,Ward 523,Address 1000523,Hometown 20,Career 3,2026-05-15
"1000524","524",HlVFwFg6lugZgniCdKfv6Rg+oabB6qRdkPG3bCSnkj6NqNDgzwHd1UGVmVY=,44,Male,Mr,PROV_21,Province 21,WARD_524,Ward 524,Address 1000524,Hometown 21,Career 4,2026-05-15
"1000525","525",l8AT/1RbEIcmWCulE9qGDcruAOGN/aQR0KtR3xWQUVyIkBCx9ByM1okximI=,45,Female,Ms,PROV_22,Province 22,WARD_525,Ward 525,Address 1000525,Hometown 22,Career 5,2026-05-15
"1000526","526",cR4dYQn+aCLurwg69PGgsjbHOU8SjtjiwiSajMTPuVCBZhIpQLm3dxEZ0HI=,46,Male,Mr,PROV_23,Province 23,WARD_526,Ward 526,Address 1000526,Hometown 23,Career 6,2026-05-15
"1000527","527",S8i4BaxpSFsYMc7dUrVjSvOCSW3LtR1B+fH0ka8tv2AIffZGZB6ZYBbOXdA=,47,Female,Ms,PROV_24,Province 24,WARD_527,Ward 527,Address 1000527,Hometown 24,Career 7,2026-05-15
"1000528","528",+GkOJI5wdjTkudmxwJNVejAvZuu4mwW4FZkmUCiEd3Yl/7y3RejlJYWc3vo=,48,Male,Mr,PROV_25,Province 25,WARD_528,Ward 528,Address 1000528,Hometown 25,Career 8,2026-05-15
"1000529","529",FuJR/POnxBOmPdLF75+mG2ZQkbhEyEG4mc0YloLO3B1ST7/pnNjGea6aNPc=,49,Female,Ms,PROV_26,Province 26,WARD_529,Ward 529,Address 1000529,Hometown 26,Career 9,2026-05-15
"100053","53","6Vc4w9Q9xU5kRKwYi0iQJybFIUWVxbuVhOwqGx55Ls/Hz8t9AGctItWFAA==",53,Female,Ms,PROV_9,Province 9,WARD_53,Ward 53,Address 100053,Hometown 9,Career 13,2026-05-15
"1000530","530",wZdIRaA+ml/QSyYzm1eBPbDQT03PJOgIrFTCHqeBjwDet1Jeg23GlIBTx5g=,50,Male,Mr,PROV_27,Province 27,WARD_530,Ward 530,Address 1000530,Hometown 27,Career 10,2026-05-15
"1000531","531",NZxnskU6eoonJM0uzcSlBvqmsnWhwKaZl6USRHTaBpHgJLKQjJdMmB3tDVQ=,51,Female,Ms,PROV_28,Province 28,WARD_531,Ward 531,Address 1000531,Hometown 28,Career 11,2026-05-15
"1000532","532",kMVHmc/PO1T478bHKQayvY3HyWBm/AhEr3vEED04swqsj4q5HZhZjQ1NHgs=,52,Male,Mr,PROV_29,Province 29,WARD_532,Ward 532,Address 1000532,Hometown 29,Career 12,2026-05-15
"1000533","533",hU1UJ1H5vyVct2jqN6Sw4cp1sFdLR6TwFoO5PBdonu/pJFKSpYbZhYNlJ3w=,53,Female,Ms,PROV_30,Province 30,WARD_533,Ward 533,Address 1000533,Hometown 30,Career 13,2026-05-15
"1000534","534","63vDV/LttMhn7kDN/jOSVoeNbmXlHTf+6iTdLWmucB2Cm2kZZ6M27t955wQ=",54,Male,Mr,PROV_31,Province 31,WARD_534,Ward 534,Address 1000534,Hometown 31,Career 14,2026-05-15
"1000535","535",f3ub5DN/kubDGFYqZfkeEKek7+PBFF/z9E6gh64tzJNxRPNU5o3ypZiVKA8=,55,Female,Ms,PROV_32,Province 32,WARD_535,Ward 535,Address 1000535,Hometown 32,Career 15,2026-05-15
"1000536","536",B20EPB5fS76+jIxVlUWNxKFPHOJ1pUoVQNNOQKwFa249pC+u7TlS4zjY1Jg=,56,Male,Mr,PROV_33,Province 33,WARD_536,Ward 536,Address 1000536,Hometown 33,Career 16,2026-05-15
"1000537","537",Hh2mt8AY2hP1QWOHaNywGRi+avvYcB5gvcT322wl8WrUNG5xfY61zBcF9a0=,57,Female,Ms,PROV_34,Province 34,WARD_537,Ward 537,Address 1000537,Hometown 34,Career 17,2026-05-15
"1000538","538",cG/AUxu+ZR25R2gP/RsQBhZ/n9KbQ/Sjaa8h9fdblU7qrdjRMex6+4nZtS8=,58,Male,Mr,PROV_35,Province 35,WARD_538,Ward 538,Address 1000538,Hometown 35,Career 18,2026-05-15
"1000539","539","0K9JHvcESXZFl2WnWcjb4DhXrjV/i54Q+9dYu0bcW+4mgkVrOM3FWKapJyU=",59,Female,Ms,PROV_36,Province 36,WARD_539,Ward 539,Address 1000539,Hometown 36,Career 19,2026-05-15
"100054","54",Xi5KACgKsr8SOGaqqIu3011ViZr+NOvTlJI83qV+YE9k2aVejXDSFEKQQQ==,54,Male,Mr,PROV_10,Province 10,WARD_54,Ward 54,Address 100054,Hometown 10,Career 14,2026-05-15
"1000540","540",gISyG0UWvDl5qb4tSZLHrePIQ9pEmt2kuJDkLrBQOMPckW0FuHEWvHG77KQ=,60,Male,Mr,PROV_37,Province 37,WARD_540,Ward 540,Address 1000540,Hometown 37,Career 0,2026-05-15
"1000541","541",OOOJbE2EI1wvhiLGRgYuwEDM7p23qFBQMOUNJumtZMUHvO4cBUhA73bOsUc=,61,Female,Ms,PROV_38,Province 38,WARD_541,Ward 541,Address 1000541,Hometown 38,Career 1,2026-05-15
"1000542","542",Gu246lKQVZ3x/lkunwVusStbtPdnB81vbH//gI6UE0Jmkq1etk1ojucxPz4=,62,Male,Mr,PROV_39,Province 39,WARD_542,Ward 542,Address 1000542,Hometown 39,Career 2,2026-05-15
"1000543","543",ymugt0SWiawLXWH2LANcHP5Ag6IE6QL8VJpH44Cr3iV8gmf9jo/2fLoC1OI=,63,Female,Ms,PROV_40,Province 40,WARD_543,Ward 543,Address 1000543,Hometown 40,Career 3,2026-05-15
"1000544","544",jO2RArZ1ENOSQwrqKsBt+/ujzxGHR9AEsnPbGBhAwhN6V53SpH9weemPnrQ=,64,Male,Mr,PROV_41,Province 41,WARD_544,Ward 544,Address 1000544,Hometown 41,Career 4,2026-05-15
"1000545","545",u+OI3jaasgVaogWR9tIJwGemEjJJ2LG6lJWO2/29wJqjgJ9zLKb9yv7Dw6I=,65,Female,Ms,PROV_42,Province 42,WARD_545,Ward 545,Address 1000545,Hometown 42,Career 5,2026-05-15
"1000546","546",rhYD6obdCrElnJiyWObXvwXK7zJPf0/e+CYd1vbsHqIFgdp/CMWe9kRLpwA=,66,Male,Mr,PROV_43,Province 43,WARD_546,Ward 546,Address 1000546,Hometown 43,Career 6,2026-05-15
"1000547","547",D+lgqujj23Einl72eeTj5F3LtPDpPa+q+A/Gvfo1ngPbvHSgmuvSqOUU4DI=,67,Female,Ms,PROV_44,Province 44,WARD_547,Ward 547,Address 1000547,Hometown 44,Career 7,2026-05-15
"1000548","548",gO/tzNOTfytYhV2L1GKQxO6uXPJkvP0phyrkYUtkpME8n1zObZnl51oxnpI=,68,Male,Mr,PROV_45,Province 45,WARD_548,Ward 548,Address 1000548,Hometown 45,Career 8,2026-05-15
"1000549","549",FTq+q8Zlh/C3ocXyS54FBFfduAGf72zzglFiqYYxOvrJbBueurZgVZzNdFY=,69,Female,Ms,PROV_46,Province 46,WARD_549,Ward 549,Address 1000549,Hometown 46,Career 9,2026-05-15
"100055","55",j+CV24p7FhDlxsxrScQ1FnbbOMGkbVmDK4cTBK/1yablsEM8AM+PYGIoeQ==,55,Female,Ms,PROV_11,Province 11,WARD_55,Ward 55,Address 100055,Hometown 11,Career 15,2026-05-15
"1000550","550","8AtrcKApKCH2HkXPcQvjoZ8dgqI83BHYgbes9WQKTffeNxLV7rxT/Avl72U=",70,Male,Mr,PROV_47,Province 47,WARD_550,Ward 550,Address 1000550,Hometown 47,Career 10,2026-05-15
"1000551","551",m9pjNl7ZRftG9NWWX7iBsf9X/X3GMGStdwjeM1h3NLubYcxxYq0FayClOWA=,71,Female,Ms,PROV_48,Province 48,WARD_551,Ward 551,Address 1000551,Hometown 48,Career 11,2026-05-15
"1000552","552",/yKe9ZcoiAJx3IZraZaK6dGi4fBbOR4L3PFaHbbwEvCTcmSVBxWv6aSwKog=,72,Male,Mr,PROV_49,Province 49,WARD_552,Ward 552,Address 1000552,Hometown 49,Career 12,2026-05-15
"1000553","553",ARHux5/0NmuQklhJKDay0Kt+NW6nhKMgD6PLy53zMR2r7qhurfgmQQeeE3o=,73,Female,Ms,PROV_50,Province 50,WARD_553,Ward 553,Address 1000553,Hometown 50,Career 13,2026-05-15
"1000554","554",pgMQUSNoN0D6aRkGPMIe8SjN3NBM72jAWA+tewOtqOm6Ko1DvOPeeX5HRGg=,74,Male,Mr,PROV_51,Province 51,WARD_554,Ward 554,Address 1000554,Hometown 51,Career 14,2026-05-15
"1000555","555",oGJO2tp8GMgjwsVpNUyfj5Pzbr7Nei/+wfVDVa+9+G0qJxTVecjviNMd4+0=,75,Female,Ms,PROV_52,Province 52,WARD_555,Ward 555,Address 1000555,Hometown 52,Career 15,2026-05-15
"1000556","556",tfY6VqF5sGUd8U3J7Tu/tYRleN6bfQnftgMZJFGhVrdkizPScFPzxILbruc=,76,Male,Mr,PROV_53,Province 53,WARD_556,Ward 556,Address 1000556,Hometown 53,Career 16,2026-05-15
"1000557","557",HEk8u/KCoSwDtmG1u37BdGqQoqpv8MV5yIrjrOHavnB4e5cHFUelUlCawoI=,77,Female,Ms,PROV_54,Province 54,WARD_557,Ward 557,Address 1000557,Hometown 54,Career 17,2026-05-15
"1000558","558","1KlWprGoG+i49JAb8bZ0Xx4i6oAJBZdL6KTm8LIYLrHDYWGn0CPZmux2kRY=",78,Male,Mr,PROV_55,Province 55,WARD_558,Ward 558,Address 1000558,Hometown 55,Career 18,2026-05-15
"1000559","559",j4YEYb77IyXf0mgJbwg8vVT4VS4fyqrv0FsCEl/KNJhxwB/MIfm4HjhuM+o=,79,Female,Ms,PROV_56,Province 56,WARD_559,Ward 559,Address 1000559,Hometown 56,Career 19,2026-05-15
"100056","56",TfKMminK/+M9Pl88YKyGvZDG908H/gs7/Gr0IYbEVmq0jmXb4mDZL1MoOg==,56,Male,Mr,PROV_12,Province 12,WARD_56,Ward 56,Address 100056,Hometown 12,Career 16,2026-05-15
"1000560","560",Af+MbwkKmy+iCyljnIsDvFNXfycEDIGVjA9hLl2hQLNkj6b/6fxl5HTkP28=,20,Male,Mr,PROV_57,Province 57,WARD_560,Ward 560,Address 1000560,Hometown 57,Career 0,2026-05-15
"1000561","561",kJbP2Z/jBTphrSwMqmiY/6xkwZXV7hu5LecLdqtb8rtjP57E+mmSmlRvhv8=,21,Female,Ms,PROV_58,Province 58,WARD_561,Ward 561,Address 1000561,Hometown 58,Career 1,2026-05-15
"1000562","562",XAfjLv5tZn+f50wyHzJDe0T0AfG9GHS0MhWpRB8Mxaw0BmlzFYwBuy/Ii88=,22,Male,Mr,PROV_59,Province 59,WARD_562,Ward 562,Address 1000562,Hometown 59,Career 2,2026-05-15
"1000563","563","9LGTwpSQ8W3nWWktdO8d0PXMdTNdkqSA536KgqvUFUTQBPMPTwT6UQWXVWc=",23,Female,Ms,PROV_60,Province 60,WARD_563,Ward 563,Address 1000563,Hometown 60,Career 3,2026-05-15
"1000564","564","9UfLGPogm6FmUrremkEhlmZm8ZhNMUKLoF2cvjEo417/aUB8cM25zMKYIA4=",24,Male,Mr,PROV_61,Province 61,WARD_564,Ward 564,Address 1000564,Hometown 61,Career 4,2026-05-15
"1000565","565",neyWDt9p0cqQUUtWPJfngVtCg6KmbpKANKazPfYpZlB/sWkc8mfxH/MC0nM=,25,Female,Ms,PROV_62,Province 62,WARD_565,Ward 565,Address 1000565,Hometown 62,Career 5,2026-05-15
"1000566","566",JQnUDZRS3Ob/CQLrSs5g1IiEXAwfx6ic8kEAo+GRmFPGyFbUJldpA/bY1CY=,26,Male,Mr,PROV_0,Province 0,WARD_566,Ward 566,Address 1000566,Hometown 0,Career 6,2026-05-15
"1000567","567","6pQI7y9/PaKx/lSHV8Ef2CT1d0ulea2jjtEnKmF0PHKkScFBGj6IAJXnhPI=",27,Female,Ms,PROV_1,Province 1,WARD_567,Ward 567,Address 1000567,Hometown 1,Career 7,2026-05-15
"1000568","568",ozre4Of+ZMzBTP/7P7HTXFeezGMfOsRtTF8rjY44uhNfQPfGZl29sOvdzpM=,28,Male,Mr,PROV_2,Province 2,WARD_568,Ward 568,Address 1000568,Hometown 2,Career 8,2026-05-15
"1000569","569",w9FPTruz4Bjkl3fDH4vREbzTDVy0sfE/5asXcZa7qrerDobFEDmYSr4pooI=,29,Female,Ms,PROV_3,Province 3,WARD_569,Ward 569,Address 1000569,Hometown 3,Career 9,2026-05-15
"100057","57",zq9NDoGfme1JbA0dx0BEusTlJSt6Lnhu85act4fehbScHUwdPIqfYkusnw==,57,Female,Ms,PROV_13,Province 13,WARD_57,Ward 57,Address 100057,Hometown 13,Career 17,2026-05-15
"1000570","570",fxmKGrPfaT3+M0Hyl7XX7L2z3sSTUZWdbNCRwqsWz0WFuKW1hmCEQPKIlqE=,30,Male,Mr,PROV_4,Province 4,WARD_570,Ward 570,Address 1000570,Hometown 4,Career 10,2026-05-15
"1000571","571","1l7fpdl66NuwbX1h8rL/CdCkR7prNaKUUXdrXJwIHQmaG3iSEmt9EKo3OJQ=",31,Female,Ms,PROV_5,Province 5,WARD_571,Ward 571,Address 1000571,Hometown 5,Career 11,2026-05-15
"1000572","572",MGkMmDauToi5P7ddyXEJhAc9xNeuNJOQDEFtuN0Z/HlI4QkTLt3fGOpKp3Y=,32,Male,Mr,PROV_6,Province 6,WARD_572,Ward 572,Address 1000572,Hometown 6,Career 12,2026-05-15
"1000573","573",dJJq3lm5Zi8OpHyHTC2Kfs4hOjF/JwsC5TbVpdpHxZgyJLprbCZtf77ltrA=,33,Female,Ms,PROV_7,Province 7,WARD_573,Ward 573,Address 1000573,Hometown 7,Career 13,2026-05-15
"1000574","574",uOik+R//9a0EbRE+rr65JFnEfKInGBJ2Zyh4FZcHJGZUuCPidP0efnk4R8c=,34,Male,Mr,PROV_8,Province 8,WARD_574,Ward 574,Address 1000574,Hometown 8,Career 14,2026-05-15
"1000575","575",GHvuGwWJaaNntdnXh/ByeFDtUZxU57HXfl1Tmpmle44L7V1myfiXvLT3EN4=,35,Female,Ms,PROV_9,Province 9,WARD_575,Ward 575,Address 1000575,Hometown 9,Career 15,2026-05-15
"1000576","576","1aMH4XpY3eBF4erfK8dqGJZdAj3wHw3d61koECY0ImGL34HOVmfpLaO8Ez8=",36,Male,Mr,PROV_10,Province 10,WARD_576,Ward 576,Address 1000576,Hometown 10,Career 16,2026-05-15
"1000577","577",DuPwbuTeKenNY+kkNA72wIx81fSnK/iOgcdnnP15C1srFvTwLZkt12y87sM=,37,Female,Ms,PROV_11,Province 11,WARD_577,Ward 577,Address 1000577,Hometown 11,Career 17,2026-05-15
"1000578","578",r2riWsg0k8Je6nA9FYJgoYUTXs3iodWqIfsgFpIuxPh/wE7iRkE2OyYL6a4=,38,Male,Mr,PROV_12,Province 12,WARD_578,Ward 578,Address 1000578,Hometown 12,Career 18,2026-05-15
"1000579","579",QymKvOgfuBzCQjviSUY2JxaYxHs6GCi55SboRGzx0EM7l5oR3isdYmnSK0o=,39,Female,Ms,PROV_13,Province 13,WARD_579,Ward 579,Address 1000579,Hometown 13,Career 19,2026-05-15
"100058","58",iCHPVayOE2TprYKsycrBrRbKaIzOIT7JsPi5w2fK8BQNeDy9sHEPrgsqWA==,58,Male,Mr,PROV_14,Province 14,WARD_58,Ward 58,Address 100058,Hometown 14,Career 18,2026-05-15
"1000580","580",cuQp22a+fkwvJ9VE156N1baH5P64GmSnL6G2bOMIWsYGSCBAhGykNGwi15I=,40,Male,Mr,PROV_14,Province 14,WARD_580,Ward 580,Address 1000580,Hometown 14,Career 0,2026-05-15
"1000581","581","5gZbgjli595DJsrt0iyr1e7YJJIF2qY/4HtmLf8F0wGTeRXv+/75BGRgwAo=",41,Female,Ms,PROV_15,Province 15,WARD_581,Ward 581,Address 1000581,Hometown 15,Career 1,2026-05-15
"1000582","582",VYn5wyLYZyELu3VH+YqExDT+h9QlEt2Sn1zpKMWrsFEcRdRct2Ief4mHd3U=,42,Male,Mr,PROV_16,Province 16,WARD_582,Ward 582,Address 1000582,Hometown 16,Career 2,2026-05-15
"1000583","583","3vizaBUBzdv2jJlBz0yeqh0lvKr+3X4Wy2OeIyxAPeq9zGggODyytgitSUk=",43,Female,Ms,PROV_17,Province 17,WARD_583,Ward 583,Address 1000583,Hometown 17,Career 3,2026-05-15
"1000584","584",sZjK1LxwmoE4KoUcbP+osWbH8JA3EBo0oCGj4NsvnLZQXIr0mb5oXAmGZGE=,44,Male,Mr,PROV_18,Province 18,WARD_584,Ward 584,Address 1000584,Hometown 18,Career 4,2026-05-15
"1000585","585",qwTrQHZIBWt3v5eUdgIZ9pmNw1ixkZ0mGJzfzO7PqwwaO0P7NZEfJb9rLDY=,45,Female,Ms,PROV_19,Province 19,WARD_585,Ward 585,Address 1000585,Hometown 19,Career 5,2026-05-15
"1000586","586",nqiMki3EGSxJKT5x+QTte8Douo4B1Y1mBOTpjp9EofC18v79XyFvMpCGUBI=,46,Male,Mr,PROV_20,Province 20,WARD_586,Ward 586,Address 1000586,Hometown 20,Career 6,2026-05-15
"1000587","587",ohEOMGI7qDsqVTX0s8YEECZRbavQvvoGRoI/NQVS2D32otKf+uw4GgmSOaw=,47,Female,Ms,PROV_21,Province 21,WARD_587,Ward 587,Address 1000587,Hometown 21,Career 7,2026-05-15
"1000588","588",IPMAxY86cffWz/4Yui/ENCk20A+na0r7Y6J1aJXQQLl393KlVdLrhSmJ01Y=,48,Male,Mr,PROV_22,Province 22,WARD_588,Ward 588,Address 1000588,Hometown 22,Career 8,2026-05-15
"1000589","589",j5P5c//xsJhheLIww3HwJgL1rAHhg5P31c5SxdjQzHtIiiY+wQTwf4z3qWM=,49,Female,Ms,PROV_23,Province 23,WARD_589,Ward 589,Address 1000589,Hometown 23,Career 9,2026-05-15
"100059","59",m+tgMlggjGDHM6D7tRTXtYHnBfQXs9FwZdfJEGYWT9xYsTfEgrgc4NDI/g==,59,Female,Ms,PROV_15,Province 15,WARD_59,Ward 59,Address 100059,Hometown 15,Career 19,2026-05-15
"1000590","590",VyamAKTym6GeKcyn34du50KRkRx6f0a5GEgcqDEiD0qX02lOobqkswsAyDc=,50,Male,Mr,PROV_24,Province 24,WARD_590,Ward 590,Address 1000590,Hometown 24,Career 10,2026-05-15
"1000591","591",q3OYOdP5KeceFoizlscsMigIdFmU/7kk6FfIDMm8WhBvVLG7XbbJeDreQls=,51,Female,Ms,PROV_25,Province 25,WARD_591,Ward 591,Address 1000591,Hometown 25,Career 11,2026-05-15
"1000592","592",Bw3z23WV1f5ObDVZeC7Z2+o1jxvZiGsMVUjOpuaBXgSACKN9Si8B+Va6lRs=,52,Male,Mr,PROV_26,Province 26,WARD_592,Ward 592,Address 1000592,Hometown 26,Career 12,2026-05-15
"1000593","593","8tsYuvjgWRHUnMazHWz4jlW4UHq5ckiHGNFlGqthP8kQuXJgQxVD1CSLL6k=",53,Female,Ms,PROV_27,Province 27,WARD_593,Ward 593,Address 1000593,Hometown 27,Career 13,2026-05-15
"1000594","594",lObCBiANlarPfc8NgaK18qtVXjZ49QLj2/IZTOzp67USvQ47a96txecbkmU=,54,Male,Mr,PROV_28,Province 28,WARD_594,Ward 594,Address 1000594,Hometown 28,Career 14,2026-05-15
"1000595","595",IggdUeJZKCYupcZ+LQXcTTsINpUpUGdkkZ5xDwTwaUbFnrvrYN3tk1movPw=,55,Female,Ms,PROV_29,Province 29,WARD_595,Ward 595,Address 1000595,Hometown 29,Career 15,2026-05-15
"1000596","596",M0E+BXNG/OQsj4qXPAnYkL89tpMTyPIciUjlMNmqzcPjVaADcPsVyUqTh+8=,56,Male,Mr,PROV_30,Province 30,WARD_596,Ward 596,Address 1000596,Hometown 30,Career 16,2026-05-15
"1000597","597",S8c1CA025LAr1Lj4Co1do79SnFZqI5l1U9SXnNtTvqtiRd2CA3pqfLLlh4Y=,57,Female,Ms,PROV_31,Province 31,WARD_597,Ward 597,Address 1000597,Hometown 31,Career 17,2026-05-15
"1000598","598",goG0vD0vT3PRdKzABmjZTMS5hhv4aaToGRGcbNiYCNG1LKZCwKRMWnUQrLs=,58,Male,Mr,PROV_32,Province 32,WARD_598,Ward 598,Address 1000598,Hometown 32,Career 18,2026-05-15
"1000599","599","7MoFPH0ba4u6HINhJw3fhhy3dvnWkSN5l8XbBfOkzCb9dG3AxmA/MBnP98c=",59,Female,Ms,PROV_33,Province 33,WARD_599,Ward 599,Address 1000599,Hometown 33,Career 19,2026-05-15
"10006","6",xpoffLm7UybXv7ylOanWhyXSTwjmFdCtzVevffwmv18Y7gwpfNTb4+eW,66,Male,Mr,PROV_52,Province 52,WARD_6,Ward 6,Address 10006,Hometown 52,Career 6,2026-05-15
"100060","60","785hW/KKEJSpGWeCdh66P8TfiPf4h5INBhRED2+w3Bdm8AXqNVnT+Rd53g==",60,Male,Mr,PROV_16,Province 16,WARD_60,Ward 60,Address 100060,Hometown 16,Career 0,2026-05-15
"1000600","600",kAQaRV6t9Z82zaXGFDHXn0Xny+L6WeR1VJe1LKqvkjOa3joIkEqjL0bHg6s=,60,Male,Mr,PROV_34,Province 34,WARD_600,Ward 600,Address 1000600,Hometown 34,Career 0,2026-05-15
"1000601","601",JAV34Kd2uXyAS/7DGZ9CmDCkRn33TwNHPU9Mwo6kRyOO2SBaux8J5bV1biA=,61,Female,Ms,PROV_35,Province 35,WARD_601,Ward 601,Address 1000601,Hometown 35,Career 1,2026-05-15
"1000602","602",tB8061WjJLQG50ViWs49pHVQUT0edQpxsoy01MvWYusbMEUrA4Fpf9hqyTg=,62,Male,Mr,PROV_36,Province 36,WARD_602,Ward 602,Address 1000602,Hometown 36,Career 2,2026-05-15
"1000603","603",P4RGJDMOtmNu/kBmRa3uHxaPsn+DxtpkG+XgMccYb4DWioVX5el+2O3kKVY=,63,Female,Ms,PROV_37,Province 37,WARD_603,Ward 603,Address 1000603,Hometown 37,Career 3,2026-05-15
"1000604","604",bOL2MN79zaTOqBtHurJqcr0QqcvKC5TVIaNPLf21bKQ/zhSQS6LFJKhNL4M=,64,Male,Mr,PROV_38,Province 38,WARD_604,Ward 604,Address 1000604,Hometown 38,Career 4,2026-05-15
"1000605","605",JYsqO1z+WHYz7BV89yZpdgGdYNhPnMMigAF2fISBEMwy9UBqQEwjgy+wDe8=,65,Female,Ms,PROV_39,Province 39,WARD_605,Ward 605,Address 1000605,Hometown 39,Career 5,2026-05-15
"1000606","606",hkPsslYSkvN7JYuJWohlBM5hg8b9K+4ibdBe91GuVACcHpXRc2Cuiz64/W0=,66,Male,Mr,PROV_40,Province 40,WARD_606,Ward 606,Address 1000606,Hometown 40,Career 6,2026-05-15
"1000607","607",ulGXSpghSWlE+HFPkXqN633Ykaeonh65mjrMbd4C4/1l2IXh39LChkfMTTc=,67,Female,Ms,PROV_41,Province 41,WARD_607,Ward 607,Address 1000607,Hometown 41,Career 7,2026-05-15
"1000608","608",/O8+xBjUCRkH+mXcp1jw7wI0Ic9XXm6s7EAEIGKf/PZPgq6zj/cTjLAE3y0=,68,Male,Mr,PROV_42,Province 42,WARD_608,Ward 608,Address 1000608,Hometown 42,Career 8,2026-05-15
"1000609","609",ZE0PKfxiLGuccBcio+Fo1ZIJjhtNI4zw0YHGQiwpAelgQ4aMp6DscxPWnpE=,69,Female,Ms,PROV_43,Province 43,WARD_609,Ward 609,Address 1000609,Hometown 43,Career 9,2026-05-15
"100061","61",wLcz9FcQhLsG2j/0dH6h6yIkA0GY7CrTHhCAwdp0OXvBCUOptaqsCP2orQ==,61,Female,Ms,PROV_17,Province 17,WARD_61,Ward 61,Address 100061,Hometown 17,Career 1,2026-05-15
"1000610","610",F99TNkma8R2ZPzfxAZndqaB/EnCTxognJxYxsAIzbhfEk9yheZeP7Cjm4uM=,70,Male,Mr,PROV_44,Province 44,WARD_610,Ward 610,Address 1000610,Hometown 44,Career 10,2026-05-15
"1000611","611",NyA2AqGBCTTOKMbS5+lVfy9cDLjhWMw/+YWicvBl19fCewkQIoFSx7fs13M=,71,Female,Ms,PROV_45,Province 45,WARD_611,Ward 611,Address 1000611,Hometown 45,Career 11,2026-05-15
"1000612","612",nfi0BAVIuP58oJRYhEjJqFpRCyyXCyShC+gjYFs6XdeCocvNUN0H1CGRst4=,72,Male,Mr,PROV_46,Province 46,WARD_612,Ward 612,Address 1000612,Hometown 46,Career 12,2026-05-15
"1000613","613",DHpaiKMTrgYEGSdMAc58izX8EoAoxhtsoXh0+8ngRzd6VPPq5CurPaNWsrc=,73,Female,Ms,PROV_47,Province 47,WARD_613,Ward 613,Address 1000613,Hometown 47,Career 13,2026-05-15
"1000614","614",cKXTdHm5t5PRKat2ZPXJUMW+chh2fJ+WM/VukQfZEgOjOIYu24Tsfdc5ATU=,74,Male,Mr,PROV_48,Province 48,WARD_614,Ward 614,Address 1000614,Hometown 48,Career 14,2026-05-15
"1000615","615",IBC9MajEjT31woOGFi4KQNwf1/OD9uyhffnEDBzFLeECt+2Ua3cb7iu0UNU=,75,Female,Ms,PROV_49,Province 49,WARD_615,Ward 615,Address 1000615,Hometown 49,Career 15,2026-05-15
"1000616","616","5SruFqLtbBk6LsZTFO1pFGdeDsBIr1nlMdC0iGi9sGDxkIudGfLaTEvvfek=",76,Male,Mr,PROV_50,Province 50,WARD_616,Ward 616,Address 1000616,Hometown 50,Career 16,2026-05-15
"1000617","617","1L9XOz9DQaisCqN9LpoHwlrLI5MB47e0WY8uw5R5/qhTlL67s1LkRzvhsks=",77,Female,Ms,PROV_51,Province 51,WARD_617,Ward 617,Address 1000617,Hometown 51,Career 17,2026-05-15
"1000618","618","7B/tx1b5hcArLLSmbf1RjEQLq3GHFT3QVaNAJaA0Xk1ztnxDdAGDFHTeiVU=",78,Male,Mr,PROV_52,Province 52,WARD_618,Ward 618,Address 1000618,Hometown 52,Career 18,2026-05-15
"1000619","619",NXD2MZU204frAgnhKR2R1uTppHFPMQu2oUk+VWCdcHo6zjNbZaFgEb4vlSs=,79,Female,Ms,PROV_53,Province 53,WARD_619,Ward 619,Address 1000619,Hometown 53,Career 19,2026-05-15
"100062","62","4L8EYTMiJMHI5lPmHZlKeJWN05GzREEEm+eR+kkCHliga8Ddq7k8f3Fp0A==",62,Male,Mr,PROV_18,Province 18,WARD_62,Ward 62,Address 100062,Hometown 18,Career 2,2026-05-15
"1000620","620",eGXUvUUSarYx+SiUo1EMjkvqjp4/l0M8cRt0WHOjAk7QQLjdH3K0pNfyGdk=,20,Male,Mr,PROV_54,Province 54,WARD_620,Ward 620,Address 1000620,Hometown 54,Career 0,2026-05-15
"1000621","621",xsxsPV4Jner87FKVnX15Oj9B5pb8PzPzQxWCcE51clppUz+41bWFOmlLdIo=,21,Female,Ms,PROV_55,Province 55,WARD_621,Ward 621,Address 1000621,Hometown 55,Career 1,2026-05-15
"1000622","622",OOn5VxYyzWSdIgKvdjKpdozGwLCAvy0HHEiHyI8Pf5GylwzNY+5DIy7/qpU=,22,Male,Mr,PROV_56,Province 56,WARD_622,Ward 622,Address 1000622,Hometown 56,Career 2,2026-05-15
"1000623","623","8pZd79Q3a2+SIc+2nsMskt8RcWL5mmiYo3D/q+ur0KC9URDfi85Ec03hnVU=",23,Female,Ms,PROV_57,Province 57,WARD_623,Ward 623,Address 1000623,Hometown 57,Career 3,2026-05-15
"1000624","624",wNe4oEEsN383L8J7gxxbx9EEpjlnhVbXS2gOfDuvTgT9GDQM/qnEtSVP4vk=,24,Male,Mr,PROV_58,Province 58,WARD_624,Ward 624,Address 1000624,Hometown 58,Career 4,2026-05-15
"1000625","625",DuKRoLVj780MtLA9BRMdt3oFtlQr0APHXWmLxfH+9R9Z94N8nLuRjXQV+Fo=,25,Female,Ms,PROV_59,Province 59,WARD_625,Ward 625,Address 1000625,Hometown 59,Career 5,2026-05-15
"1000626","626","1C56uePRkcmUg+Z7xDsXgVjXS8eeZtUE9FW6IO/hrbuJhudq3yAcE//cOHo=",26,Male,Mr,PROV_60,Province 60,WARD_626,Ward 626,Address 1000626,Hometown 60,Career 6,2026-05-15
"1000627","627","33u1nE+V/TqFOkvZ1rGF/c2PXKwJuS3vFL8GlmplbLo2sUVW8l3v2V2g7UI=",27,Female,Ms,PROV_61,Province 61,WARD_627,Ward 627,Address 1000627,Hometown 61,Career 7,2026-05-15
"1000628","628","2uQm/pb0vZftqwAJ0c9QWpnlOtB2deOoQgP3iSNkL1bED48+W57oCr8CReE=",28,Male,Mr,PROV_62,Province 62,WARD_628,Ward 628,Address 1000628,Hometown 62,Career 8,2026-05-15
"1000629","629",D09ZSZ+26Xq8KN4Ba3kGhFN/ZAkbTVVsVR4YOYSv2rXQbdN5QKx9mtag+s4=,29,Female,Ms,PROV_0,Province 0,WARD_629,Ward 629,Address 1000629,Hometown 0,Career 9,2026-05-15
"100063","63",/dos5odu2B81Jy2A5rIf34ybJGus7FARN7/6tVQ/n4G/k1lEKACRnXKsAg==,63,Female,Ms,PROV_19,Province 19,WARD_63,Ward 63,Address 100063,Hometown 19,Career 3,2026-05-15
"1000630","630",HhrMBLEe0RgOH79GuV3HkJFeoJPV0gdAvV53+NbkKCzmbX3Hrp/u87ImzI0=,30,Male,Mr,PROV_1,Province 1,WARD_630,Ward 630,Address 1000630,Hometown 1,Career 10,2026-05-15
"1000631","631",k2fqjIzVtoAkn8WZN2aN6pEZ7qnWd/xo1uvGiQArhFhFc6jrtFCoLUXEUJo=,31,Female,Ms,PROV_2,Province 2,WARD_631,Ward 631,Address 1000631,Hometown 2,Career 11,2026-05-15
"1000632","632",wXOA01let5RHGidpYpSqbe69keWgiWSTSPuW547Q2/3PJS5Qvl8ddCuItbk=,32,Male,Mr,PROV_3,Province 3,WARD_632,Ward 632,Address 1000632,Hometown 3,Career 12,2026-05-15
"1000633","633",KR9YlxgWLep49S9QNc9qyCZf2L8RvM9XoKcGPqlxagCxaQCfM2AQN1TRQSs=,33,Female,Ms,PROV_4,Province 4,WARD_633,Ward 633,Address 1000633,Hometown 4,Career 13,2026-05-15
"1000634","634",g8PESL10uJpP1ww4RYoDFKO15A9q/Jp59uzvVqMy0Lz2PnYO1Qo9P0/poKI=,34,Male,Mr,PROV_5,Province 5,WARD_634,Ward 634,Address 1000634,Hometown 5,Career 14,2026-05-15
"1000635","635",GKZlOtRciBZanHpg2YEFj5924A+6RtKULBpXuPz5BOFgLnIeYeN7mJlzmiw=,35,Female,Ms,PROV_6,Province 6,WARD_635,Ward 635,Address 1000635,Hometown 6,Career 15,2026-05-15
"1000636","636",BeJzmOYkY+P8lW0YlpxsIGy6HDF2DeQeH1KcU/fEKOxEogvaZC0SCeKyBxE=,36,Male,Mr,PROV_7,Province 7,WARD_636,Ward 636,Address 1000636,Hometown 7,Career 16,2026-05-15
"1000637","637",ZvgpCrBK16bt8fyUvn8YzJlyyR39C9EO2xfqHSk4vJIBZjKvEgzAUapdnM4=,37,Female,Ms,PROV_8,Province 8,WARD_637,Ward 637,Address 1000637,Hometown 8,Career 17,2026-05-15
"1000638","638",FN1ogywby1vrbRkCfmqSQxnbB40PYm8TWulLylCSj3BUpUh54CKOwXmxRMo=,38,Male,Mr,PROV_9,Province 9,WARD_638,Ward 638,Address 1000638,Hometown 9,Career 18,2026-05-15
"1000639","639",uvD51/j2omM/+r90zptVNj61Z/2GHNH40OiUXN+vggxEnrNkvtr8FUQ7Xy0=,39,Female,Ms,PROV_10,Province 10,WARD_639,Ward 639,Address 1000639,Hometown 10,Career 19,2026-05-15
"100064","64","2cGuWaKtRt7sKr7ORSdIUraoom7a8/B3oAlLUiyd4pm0gv1vDa/MQxi4dg==",64,Male,Mr,PROV_20,Province 20,WARD_64,Ward 64,Address 100064,Hometown 20,Career 4,2026-05-15
"1000640","640",iulERku98A8qNFjLsyOEh+WARpose0AndJ3FQ7BTLHmlG/0S2RMrMtLgRL8=,40,Male,Mr,PROV_11,Province 11,WARD_640,Ward 640,Address 1000640,Hometown 11,Career 0,2026-05-15
"1000641","641",uFjmzNB7w7g8VFa8Q2nBCc8416G8XwYKrIW5JcNktbtqAc/DygqzYsSO000=,41,Female,Ms,PROV_12,Province 12,WARD_641,Ward 641,Address 1000641,Hometown 12,Career 1,2026-05-15
"1000642","642",F03W2KS8KqPED3CsfybRAW1yHM0shUje/iE+snbImaTGKy4m01iXU8nWEKI=,42,Male,Mr,PROV_13,Province 13,WARD_642,Ward 642,Address 1000642,Hometown 13,Career 2,2026-05-15
"1000643","643",Wx9gTvrbu7gFNEi9ZkA8MePSJSwjtrYNlnGJ65pvMwWES66U91XgTUTvmgg=,43,Female,Ms,PROV_14,Province 14,WARD_643,Ward 643,Address 1000643,Hometown 14,Career 3,2026-05-15
"1000644","644",UR0FO0SAXu4RK66DJv5fSSx+/wtj3qnql9zAh7alnWJ9c2cxDb8B9xbez4Y=,44,Male,Mr,PROV_15,Province 15,WARD_644,Ward 644,Address 1000644,Hometown 15,Career 4,2026-05-15
"1000645","645",FPrF4dP48DYP68L2NjmF0EMcVL3Hl++le/YmtS8W5z32y61fwHS6DmAILAs=,45,Female,Ms,PROV_16,Province 16,WARD_645,Ward 645,Address 1000645,Hometown 16,Career 5,2026-05-15
"1000646","646","2tArSnx0uE6avQqOW2rf2WmKwZuTTk+iei8l+FwFlcgBUIlUjIwNlh3SQlA=",46,Male,Mr,PROV_17,Province 17,WARD_646,Ward 646,Address 1000646,Hometown 17,Career 6,2026-05-15
"1000647","647",Ey5o9Zcaaxp9ybA7lcSDrCNJfdRNN+kL8nDF8Rz+MR9CZabfOF+C47YEiMA=,47,Female,Ms,PROV_18,Province 18,WARD_647,Ward 647,Address 1000647,Hometown 18,Career 7,2026-05-15
"1000648","648","3ND13hWYBCE10em2JwfznAiE1hs3GwMzs+L+jsQCHd57ODQAa5Kv5yaz77k=",48,Male,Mr,PROV_19,Province 19,WARD_648,Ward 648,Address 1000648,Hometown 19,Career 8,2026-05-15
"1000649","649",bxJwAujR5x/ZWUch70vUSOpM7zJPbKfNuCLPqW7opu/T0xpXcNVxM5fdQBE=,49,Female,Ms,PROV_20,Province 20,WARD_649,Ward 649,Address 1000649,Hometown 20,Career 9,2026-05-15
"100065","65",u3UGNys3MFtXK0BKTCixv6RZ4hfJk8V8YodVOUsUwVP+BbVZAm8m9XP/5A==,65,Female,Ms,PROV_21,Province 21,WARD_65,Ward 65,Address 100065,Hometown 21,Career 5,2026-05-15
"1000650","650",ivd33c28598Ca8wnmbYTM47IkubTBfdrmR/vkYEY3pOHA/z16h3FMoNWJSA=,50,Male,Mr,PROV_21,Province 21,WARD_650,Ward 650,Address 1000650,Hometown 21,Career 10,2026-05-15
"1000651","651",UzwU1xI0c4j/Boqf3t1w/p0kUgxEL+13bn+gOyegKXcDocXA9ciV5g+C5kk=,51,Female,Ms,PROV_22,Province 22,WARD_651,Ward 651,Address 1000651,Hometown 22,Career 11,2026-05-15
"1000652","652",XFbszfaYR7xAb3/Q+wKKkt8OCdjoX5PIr45onafEDgywOKapgrChau1aETs=,52,Male,Mr,PROV_23,Province 23,WARD_652,Ward 652,Address 1000652,Hometown 23,Career 12,2026-05-15
"1000653","653",SEN2iF4JN1CX+ZDLX23AvSF2JO93v7m3INqrYvGXKOhhYxA/jb22xQs+Bo0=,53,Female,Ms,PROV_24,Province 24,WARD_653,Ward 653,Address 1000653,Hometown 24,Career 13,2026-05-15
"1000654","654","7+2ik89iBPpKcwxkrJUjhMqrZWdfUNSiZsgzw4cw7ZGqtpxy0YNxqBBkoqA=",54,Male,Mr,PROV_25,Province 25,WARD_654,Ward 654,Address 1000654,Hometown 25,Career 14,2026-05-15
"1000655","655",PlS8VYwVO2S+Q2dWrPrtDWP+bDKSHCSLIC2qItM/oOMbeYvvgwyGmwNMWpM=,55,Female,Ms,PROV_26,Province 26,WARD_655,Ward 655,Address 1000655,Hometown 26,Career 15,2026-05-15
"1000656","656",ia+pF4xvGXvKBD7Ljt3LvtE3KT4Zm07i90Fjbdp4KukMGdRAvWmD0zmPqIE=,56,Male,Mr,PROV_27,Province 27,WARD_656,Ward 656,Address 1000656,Hometown 27,Career 16,2026-05-15
"1000657","657",d8CBK5S2C3DxqextXsNLVmunlqa/tTqvmRmZD9Uv2ezwdW5qXKMgSLjpzio=,57,Female,Ms,PROV_28,Province 28,WARD_657,Ward 657,Address 1000657,Hometown 28,Career 17,2026-05-15
"1000658","658",bZBCHZUNUNk4RwuMy2adGxaFxhMgslHrqKTTDA3Pyd8VPS8VnWIVPmRtBzc=,58,Male,Mr,PROV_29,Province 29,WARD_658,Ward 658,Address 1000658,Hometown 29,Career 18,2026-05-15
"1000659","659",VOCR5YwsQfqsHL6Q9MlnYZX5KUM/jfcE7n9f94QSA/SxG/MQgA/adI9Nyh4=,59,Female,Ms,PROV_30,Province 30,WARD_659,Ward 659,Address 1000659,Hometown 30,Career 19,2026-05-15
"100066","66",nGyPomkDRWOg41W4jZXct+zEnnrxVpGGkLLWqba4vzgDxQ0BspyXvuhDsA==,66,Male,Mr,PROV_22,Province 22,WARD_66,Ward 66,Address 100066,Hometown 22,Career 6,2026-05-15
"1000660","660",wlPq8rAaHZF4DmPaE2DDoNbKJXa9JBBtLpc4/kO8+CppAZzWrLLh1gBrCNo=,60,Male,Mr,PROV_31,Province 31,WARD_660,Ward 660,Address 1000660,Hometown 31,Career 0,2026-05-15
"1000661","661",Cy5iwSR6j6AzmFxwJyUKeWJcootFf9Ch5V095cdwW/mL6mX2+S4R3taIS2A=,61,Female,Ms,PROV_32,Province 32,WARD_661,Ward 661,Address 1000661,Hometown 32,Career 1,2026-05-15
"1000662","662",rrQewHp7JHcsL4+3eJgXaW+HxkmWakIqu0PUObiVwTerDCBqAZApnCLNNyA=,62,Male,Mr,PROV_33,Province 33,WARD_662,Ward 662,Address 1000662,Hometown 33,Career 2,2026-05-15
"1000663","663",Q0xbvVFYRwrCOZka+7YuakP9wprBuqbUW0ortfl8NtNYuo6wMQdWcESHiSY=,63,Female,Ms,PROV_34,Province 34,WARD_663,Ward 663,Address 1000663,Hometown 34,Career 3,2026-05-15
"1000664","664",gkTqtbFUwyDyW6Kz8uxEVo8v2/HZJQdj1MkBuin0J6WOZWuMyBWGcSVbP3Y=,64,Male,Mr,PROV_35,Province 35,WARD_664,Ward 664,Address 1000664,Hometown 35,Career 4,2026-05-15
"1000665","665","7bbNzE0p3N6ByDMDbQvT4ut5f3n/3glkDrvm831uQUt7oe1IVqM4xOVYvw4=",65,Female,Ms,PROV_36,Province 36,WARD_665,Ward 665,Address 1000665,Hometown 36,Career 5,2026-05-15
"1000666","666",BV3EcSnTPZ72u9BrJVpIcDy0494Su9AEIqjSjpTGi6QixA++1yKqej4qDMg=,66,Male,Mr,PROV_37,Province 37,WARD_666,Ward 666,Address 1000666,Hometown 37,Career 6,2026-05-15
"1000667","667",BbuMKgKSM0gPpoLH5doM5j49mzUg2xS3nmILHH8XxIrxhHQf5taswO/xj8I=,67,Female,Ms,PROV_38,Province 38,WARD_667,Ward 667,Address 1000667,Hometown 38,Career 7,2026-05-15
"1000668","668",G4VLsHtfQh7VmkihbonaSW2FGEa2IXIOAHYeWU7k1zXJBRd1AyPmJOtX6lY=,68,Male,Mr,PROV_39,Province 39,WARD_668,Ward 668,Address 1000668,Hometown 39,Career 8,2026-05-15
"1000669","669",lR0DOSQvJeEYL6oGLL256DkAPFTW+oFpqNryx+mFEGpEpZIXanK2S7DsEeA=,69,Female,Ms,PROV_40,Province 40,WARD_669,Ward 669,Address 1000669,Hometown 40,Career 9,2026-05-15
"100067","67",bDIWtXLRyjLfaeWSi89ciSWfdl65uae8H5B3WrcWmJ6lOi56YQ4GcpssBQ==,67,Female,Ms,PROV_23,Province 23,WARD_67,Ward 67,Address 100067,Hometown 23,Career 7,2026-05-15
"1000670","670",VwBrB7TZOY/bgGu3hrJDcdTAuMAQdT3OmJOvgSetlhPcGzLiA/q/dabcyOU=,70,Male,Mr,PROV_41,Province 41,WARD_670,Ward 670,Address 1000670,Hometown 41,Career 10,2026-05-15
"1000671","671",vM+8Dx9mX3Q6JfChTpNeVMfUEAwO7zHR2WiCcsdmYsJv6VPNFgxm9t/CoLc=,71,Female,Ms,PROV_42,Province 42,WARD_671,Ward 671,Address 1000671,Hometown 42,Career 11,2026-05-15
"1000672","672",ELTpEzMsURDNwP/HZDfQnGtNhs9qI8QDq9oRH6KbuCQXDp029Jzbj6iylE0=,72,Male,Mr,PROV_43,Province 43,WARD_672,Ward 672,Address 1000672,Hometown 43,Career 12,2026-05-15
"1000673","673",mqncAM9KaO/ODo2MohdJ4xx/UMSUrbrnZGU1jjMUNPhSn1+64QrdCVNh/0s=,73,Female,Ms,PROV_44,Province 44,WARD_673,Ward 673,Address 1000673,Hometown 44,Career 13,2026-05-15
"1000674","674",Cu+aRrQfnsBlS7QNssUJmxdzMP02VgX5eBEllTi5u97+ksJuKV2Y7oItS0E=,74,Male,Mr,PROV_45,Province 45,WARD_674,Ward 674,Address 1000674,Hometown 45,Career 14,2026-05-15
"1000675","675",JTWmt1r15oM98gxbdYfN2uSswvp5Ndy3FPQnTtaVR7dUEx31v+L0o5OeC5g=,75,Female,Ms,PROV_46,Province 46,WARD_675,Ward 675,Address 1000675,Hometown 46,Career 15,2026-05-15
"1000676","676",sIVf2FMDqrkr+SQkoT+EFOWocujrkVIhbE11AoE7zjTsJEhmBJNWJBBVunE=,76,Male,Mr,PROV_47,Province 47,WARD_676,Ward 676,Address 1000676,Hometown 47,Career 16,2026-05-15
"1000677","677",/+atjZlS0geuYuR17iTwAO6C0Gg7H4eq6GfywTSjDCqYH1Jj6p8iD/PkvfM=,77,Female,Ms,PROV_48,Province 48,WARD_677,Ward 677,Address 1000677,Hometown 48,Career 17,2026-05-15
"1000678","678","1sEqSQ8s0/53yuZ+/HLLhp/8O8TVxOwVZVm18A+h+BbspS4ytWS97A0/Gs8=",78,Male,Mr,PROV_49,Province 49,WARD_678,Ward 678,Address 1000678,Hometown 49,Career 18,2026-05-15
"1000679","679",rXWWDvtCIQR9uPT/QinVTrMjdEnUIDqp1jz5m8qadTZWB+pPhBHLEmJThTw=,79,Female,Ms,PROV_50,Province 50,WARD_679,Ward 679,Address 1000679,Hometown 50,Career 19,2026-05-15
"100068","68",IoD8fkRmcNp83jd4dGSQ+3b48ad1eaJGhHTPjd8KlDZu6xBKkJorhIJTwg==,68,Male,Mr,PROV_24,Province 24,WARD_68,Ward 68,Address 100068,Hometown 24,Career 8,2026-05-15
"1000680","680",Sx8ud/9gAxPUoCG1vjDaDgQGQxEdSefko8EmF7GUJ5K3nduX0P0M+seTP88=,20,Male,Mr,PROV_51,Province 51,WARD_680,Ward 680,Address 1000680,Hometown 51,Career 0,2026-05-15
"1000681","681",u4jixcc322d8+YsQopmIX9xd39Kcq7V4cDn6O/0zPDZC/HGeVZiQ2Q147tg=,21,Female,Ms,PROV_52,Province 52,WARD_681,Ward 681,Address 1000681,Hometown 52,Career 1,2026-05-15
"1000682","682","7ibmtSEMcQdQ2WJQJlKkD4xaC87aW3NMaRSfJFcKkh8gZu7Q+r3uV0ilxb8=",22,Male,Mr,PROV_53,Province 53,WARD_682,Ward 682,Address 1000682,Hometown 53,Career 2,2026-05-15
"1000683","683",EtKaT+IrH+nCQoqFDQHIip7EgN6TckEZdboiyqPCuX8AC2mq4pvs/67nbAM=,23,Female,Ms,PROV_54,Province 54,WARD_683,Ward 683,Address 1000683,Hometown 54,Career 3,2026-05-15
"1000684","684",FrVrL+r7CU4jjS9ejayVs4nXXCBEhViLSPv8a+gqvSkVckAiqiGGhyCWPDY=,24,Male,Mr,PROV_55,Province 55,WARD_684,Ward 684,Address 1000684,Hometown 55,Career 4,2026-05-15
"1000685","685","7RBbLutb5CagiRpXw80GRiADDFubIjsqB805tCVaHscbShOg1my8qG1wOu8=",25,Female,Ms,PROV_56,Province 56,WARD_685,Ward 685,Address 1000685,Hometown 56,Career 5,2026-05-15
"1000686","686",pGPaiNmrExzE2saBNfID1v0LNuQikAhCiRdHYhWpPRoFIXBzQr2B+hlsqCY=,26,Male,Mr,PROV_57,Province 57,WARD_686,Ward 686,Address 1000686,Hometown 57,Career 6,2026-05-15
"1000687","687",B71GYaPJxRv1CfFs3mXwqNI4m+T2v/SfJPuLFwsSllF/WEbyZlcRY6koNZU=,27,Female,Ms,PROV_58,Province 58,WARD_687,Ward 687,Address 1000687,Hometown 58,Career 7,2026-05-15
"1000688","688",xbc9GowWfHG87AzFLRhoz4jfMfm06nqlI60ZXT9e7Ld1bYfbPuIZDtyhB9A=,28,Male,Mr,PROV_59,Province 59,WARD_688,Ward 688,Address 1000688,Hometown 59,Career 8,2026-05-15
"1000689","689",BkKp7BHyY1dTxm647DPYjlwggTSFY79RKQ2fElCPAnqSLCEo+fJnTVT0LQ8=,29,Female,Ms,PROV_60,Province 60,WARD_689,Ward 689,Address 1000689,Hometown 60,Career 9,2026-05-15
"100069","69",zNdcfYahHOF7Y/mBIjh+t1XGas2qfebch7aFGRVxadZJqX/qzZPz1bQ5KQ==,69,Female,Ms,PROV_25,Province 25,WARD_69,Ward 69,Address 100069,Hometown 25,Career 9,2026-05-15
"1000690","690",I8GIEqDTFegkZQvlBDjBkDRz/UxPqTkj6PV82ade584ridV1Kl2WmGL7RJM=,30,Male,Mr,PROV_61,Province 61,WARD_690,Ward 690,Address 1000690,Hometown 61,Career 10,2026-05-15
"1000691","691","84friCXrPYE8NHKGNxiozrParzhmxwchqv0FC4PY5iK6a7RsNfS6HbO6Zlg=",31,Female,Ms,PROV_62,Province 62,WARD_691,Ward 691,Address 1000691,Hometown 62,Career 11,2026-05-15
"1000692","692",BOFfIxI8YjDjvsnoGQXWKn7YYFeuqvhLNj39EuDHAVd4sVhuhd0ui44r3XI=,32,Male,Mr,PROV_0,Province 0,WARD_692,Ward 692,Address 1000692,Hometown 0,Career 12,2026-05-15
"1000693","693",fJ2qDElmAkYMcMh+DiuUWxErr7L+4bBtZIycLLhYG5I5D9rIfvaYDbjv5Y8=,33,Female,Ms,PROV_1,Province 1,WARD_693,Ward 693,Address 1000693,Hometown 1,Career 13,2026-05-15
"1000694","694",dk2RrnTJOIJ0ASwyj1maQbG2IBxwmdIPq07zODgcu81L6EVWYiiFOxqd4Pk=,34,Male,Mr,PROV_2,Province 2,WARD_694,Ward 694,Address 1000694,Hometown 2,Career 14,2026-05-15
"1000695","695",Cu3wKAM0enrt8dXlBMNNR2upkzY9JVAaQFiSsfxrty/V0zNZeyo2tm9mlZw=,35,Female,Ms,PROV_3,Province 3,WARD_695,Ward 695,Address 1000695,Hometown 3,Career 15,2026-05-15
"1000696","696",BwQ7EkpclaAMvZDBLLIWJpHaMew55uF+85/UR7DYy34CpAJ36LjXx4xPlfk=,36,Male,Mr,PROV_4,Province 4,WARD_696,Ward 696,Address 1000696,Hometown 4,Career 16,2026-05-15
"1000697","697",nP3jkuufoCuG0C4fETDM6FEJje/0CAmw7UJYtD/G0sY8bva7HhNOUvpJ2qY=,37,Female,Ms,PROV_5,Province 5,WARD_697,Ward 697,Address 1000697,Hometown 5,Career 17,2026-05-15
"1000698","698",rxa3xvjRJthLsHxVHvPbNABbIOKD0iXSF5ngVaOetY7CeLqZFlIqTLwMCA8=,38,Male,Mr,PROV_6,Province 6,WARD_698,Ward 698,Address 1000698,Hometown 6,Career 18,2026-05-15
"1000699","699",/2rmZ8H+MJKJ2oFDzxS2oQrUQtR6D5ll6HB0DtVl3u1VESVi84pJtdcSc2c=,39,Female,Ms,PROV_7,Province 7,WARD_699,Ward 699,Address 1000699,Hometown 7,Career 19,2026-05-15
"10007","7",p5X8PsFxk3fv0NL95QR94/WyYyFYbd40SslB2K7hK7/W3lbJnIN5ClqF,67,Female,Ms,PROV_53,Province 53,WARD_7,Ward 7,Address 10007,Hometown 53,Career 7,2026-05-15
"100070","70",JQHg8B44rd7wkhDxXpLxao/41UtKEBFAO+lYqRkzpKo9/YjIgzq/ue4HfA==,70,Male,Mr,PROV_26,Province 26,WARD_70,Ward 70,Address 100070,Hometown 26,Career 10,2026-05-15
"1000700","700",L3MHbSwP6irNMTOAp+F5C/cEowYItVFvc0enMFvHPcwXbM/ZSp0nvI+EYU8=,40,Male,Mr,PROV_8,Province 8,WARD_700,Ward 700,Address 1000700,Hometown 8,Career 0,2026-05-15
"1000701","701",XZ3PP86H/TEwfWiuetaWR86lMSBmnCsoKd4L2JLZK9ZYjwbV0uzXb5SHkjs=,41,Female,Ms,PROV_9,Province 9,WARD_701,Ward 701,Address 1000701,Hometown 9,Career 1,2026-05-15
"1000702","702",hCEKPf+PyjmcnkF93v/EnZclcIF5GK5jhYTNfSSijoLyG33TtiAU4Y21jug=,42,Male,Mr,PROV_10,Province 10,WARD_702,Ward 702,Address 1000702,Hometown 10,Career 2,2026-05-15
"1000703","703",UFyxyNMdcjRG9b9EFNWhrb788Lxwg8ZOjbQ6hAvbGLGqTjodFgM/XETCgNE=,43,Female,Ms,PROV_11,Province 11,WARD_703,Ward 703,Address 1000703,Hometown 11,Career 3,2026-05-15
"1000704","704",cRRDHbtHTf7zQgOQ0Tiy+p3KB7IednONoLcaqPgHO/naLQXO8C24vod+2t0=,44,Male,Mr,PROV_12,Province 12,WARD_704,Ward 704,Address 1000704,Hometown 12,Career 4,2026-05-15
"1000705","705",/hm+SsxzCLR2peyszMN225TFb5r2ttMUIsXfnbazUIYcCEoCCPlJUQd/274=,45,Female,Ms,PROV_13,Province 13,WARD_705,Ward 705,Address 1000705,Hometown 13,Career 5,2026-05-15
"1000706","706",Do078PtU2GvMKZyxDDlxYl47z0MkIdHxzuVSlPHKFwXARWklUjyj7Tda0g8=,46,Male,Mr,PROV_14,Province 14,WARD_706,Ward 706,Address 1000706,Hometown 14,Career 6,2026-05-15
"1000707","707",YAZR/wFYB2msvfN2WvocVXu+aT9dYCAD3vZuOoXWqGt2PK0tYzhKDx2a6bU=,47,Female,Ms,PROV_15,Province 15,WARD_707,Ward 707,Address 1000707,Hometown 15,Career 7,2026-05-15
"1000708","708",oW2DFYIaNaQ6KCXFPNx85JmrbUSKRVlyRu03QoP54jrU7MsPYnKJygeOYMY=,48,Male,Mr,PROV_16,Province 16,WARD_708,Ward 708,Address 1000708,Hometown 16,Career 8,2026-05-15
"1000709","709",O0UVEy0mOOQJzMShVKu+elZ/KKzQjJJCd9xiOtyDPInXeiG/2ydJPjPxPVs=,49,Female,Ms,PROV_17,Province 17,WARD_709,Ward 709,Address 1000709,Hometown 17,Career 9,2026-05-15
"100071","71",JrSOH9vIgMBKHcN+ePUkqf0eVeTqi5y004zi7yaMmd/yCcsQvAUvW02h7Q==,71,Female,Ms,PROV_27,Province 27,WARD_71,Ward 71,Address 100071,Hometown 27,Career 11,2026-05-15
"1000710","710",bLzi6OdWnQEu+UYPEvy6B5B+ZAJS7zpLo8U62RVCx85wi9E2zqz0x/BaY1M=,50,Male,Mr,PROV_18,Province 18,WARD_710,Ward 710,Address 1000710,Hometown 18,Career 10,2026-05-15
"1000711","711",SqjfRe1iQQ1MCzWIKZvG/wXF7xrHARUWJrWLJfxToJDY+FHeqhtjsyO1KUk=,51,Female,Ms,PROV_19,Province 19,WARD_711,Ward 711,Address 1000711,Hometown 19,Career 11,2026-05-15
"1000712","712",SupIgPMEc3KOqs3l+IFmn34Tugclqe113VcwXrh9PUoAcjv6hzxyZU+5Zx8=,52,Male,Mr,PROV_20,Province 20,WARD_712,Ward 712,Address 1000712,Hometown 20,Career 12,2026-05-15
"1000713","713",kTxu49ZBRsHPv/I53+MjKDEtbbTYQBALTI5RfDjEBOcrhKNnD3eGBf9oCBs=,53,Female,Ms,PROV_21,Province 21,WARD_713,Ward 713,Address 1000713,Hometown 21,Career 13,2026-05-15
"1000714","714",rxbZEUOek+dLxBY6tBAEkC0UAd8KPreW5JcBsEoTjD8J3WMQxqGbKyLOEf8=,54,Male,Mr,PROV_22,Province 22,WARD_714,Ward 714,Address 1000714,Hometown 22,Career 14,2026-05-15
"1000715","715",pizvDjwagJKJu0v0FhOTbTwvPyIxoY0jrcw+9hhWqkqKVTIbBvyTul+cgFs=,55,Female,Ms,PROV_23,Province 23,WARD_715,Ward 715,Address 1000715,Hometown 23,Career 15,2026-05-15
"1000716","716",Xdd5jQdSjBtThk0T5wGEP4thK11OF78vlw7TcUmoqJLE6f2LsA9I3UcKEuk=,56,Male,Mr,PROV_24,Province 24,WARD_716,Ward 716,Address 1000716,Hometown 24,Career 16,2026-05-15
"1000717","717",R3FWkuJtf25LUCztl1tJQgQsEsOvXur4EJIBPvtgI8Fkd/VmdRBE7KCxU5U=,57,Female,Ms,PROV_25,Province 25,WARD_717,Ward 717,Address 1000717,Hometown 25,Career 17,2026-05-15
"1000718","718",vkUMKEl+Exs8Lid0ovWmjRbav9Urv8dDBOZL0wjr6hjUs53NQR1Q1r/IC2c=,58,Male,Mr,PROV_26,Province 26,WARD_718,Ward 718,Address 1000718,Hometown 26,Career 18,2026-05-15
"1000719","719",HdkTG9ED4um7Z9eKnDd+wac44kinj4757ifbj5FY3B67uF7IIUQQ9nBLpgY=,59,Female,Ms,PROV_27,Province 27,WARD_719,Ward 719,Address 1000719,Hometown 27,Career 19,2026-05-15
"100072","72",EZlRshXLxHlsUp2H3A8egcDEvbUiqXMo2BKOWgNCQ8lyuLiVbUBBfGa/8Q==,72,Male,Mr,PROV_28,Province 28,WARD_72,Ward 72,Address 100072,Hometown 28,Career 12,2026-05-15
"1000720","720",vFx483icY5Wk3IVY+02RDdMpkpTtp31CfVjqN26NkdI+jIYus/V4Yb3XQ3k=,60,Male,Mr,PROV_28,Province 28,WARD_720,Ward 720,Address 1000720,Hometown 28,Career 0,2026-05-15
"1000721","721",k40KgMpZtppZ70EhpAy69MIV4b1wDF1TNGs42M0HJZueiXcUrD0g6ho+xyk=,61,Female,Ms,PROV_29,Province 29,WARD_721,Ward 721,Address 1000721,Hometown 29,Career 1,2026-05-15
"1000722","722",Y3DcMvb3LyOySn7RXog5KbhDtgxd+Lvxj9SrtClNSFyb4BZf/tCOauSHPkA=,62,Male,Mr,PROV_30,Province 30,WARD_722,Ward 722,Address 1000722,Hometown 30,Career 2,2026-05-15
"1000723","723",OqdxA+vDBLEsYAW/+VC+/8Ab0171K8xn5XFrcL0PD5yymsQMojThrHel4+M=,63,Female,Ms,PROV_31,Province 31,WARD_723,Ward 723,Address 1000723,Hometown 31,Career 3,2026-05-15
"1000724","724",Trn9HreAwmxjj7V4wDKCkOGZKvgJG5EBz71K+c5NuORUzZ5If4D8zQXMPa4=,64,Male,Mr,PROV_32,Province 32,WARD_724,Ward 724,Address 1000724,Hometown 32,Career 4,2026-05-15
"1000725","725",TaFtrAHcj2hrBS6cAYGGrNex1MB9Rm3bg/ha2/B4WoiACfqDR/7fFJgncNU=,65,Female,Ms,PROV_33,Province 33,WARD_725,Ward 725,Address 1000725,Hometown 33,Career 5,2026-05-15
"1000726","726",oLD59jS4065Vqji5YsZOlNXjspjvQhe9kghv9nz77xktVkEeekXB4w2Tf5w=,66,Male,Mr,PROV_34,Province 34,WARD_726,Ward 726,Address 1000726,Hometown 34,Career 6,2026-05-15
"1000727","727","6/64IhFDZ6AxfIXfD7BnOWj1IC5V9PLU2yOGdNgmR1vuTsN/gglaCMJYyEw=",67,Female,Ms,PROV_35,Province 35,WARD_727,Ward 727,Address 1000727,Hometown 35,Career 7,2026-05-15
"1000728","728",HXLcssa2M8q1RYocOGwFLDzRSb93VBKftQHfehI8tECqHMpIZRKCEtjogiQ=,68,Male,Mr,PROV_36,Province 36,WARD_728,Ward 728,Address 1000728,Hometown 36,Career 8,2026-05-15
"1000729","729",AP7hmbPK4rjx9x0zixUGpiIIym9+V5AriStnXXaCWyrJ/bJCl3/l1MN2bAU=,69,Female,Ms,PROV_37,Province 37,WARD_729,Ward 729,Address 1000729,Hometown 37,Career 9,2026-05-15
"100073","73",CNEUJombmMsEC+WdUij8kJiZdU4CwTFwAu+tjDOnYvVFF8NuAuSS4nV56w==,73,Female,Ms,PROV_29,Province 29,WARD_73,Ward 73,Address 100073,Hometown 29,Career 13,2026-05-15
"1000730","730",Dz/w53rNhCIW1i4D0lcphPvGdzVO1bhjUrfK3N0JMpk+BnrWkGpvmOGwOuo=,70,Male,Mr,PROV_38,Province 38,WARD_730,Ward 730,Address 1000730,Hometown 38,Career 10,2026-05-15
"1000731","731",eMQg1WeFH2QNdoeqTzetPD4ow/nCGjFM/OVUOLAttETT6bUhwedaRgP5gdo=,71,Female,Ms,PROV_39,Province 39,WARD_731,Ward 731,Address 1000731,Hometown 39,Career 11,2026-05-15
"1000732","732",jRn7l18sdniAS+4sU3pEaVObefUvm6R0eZcsmm+XIG8zW2yqPvMTmJa5Ncc=,72,Male,Mr,PROV_40,Province 40,WARD_732,Ward 732,Address 1000732,Hometown 40,Career 12,2026-05-15
"1000733","733",SU9pcnaL1hpvw1VHUU+HQd1TmeLwpV71M2EgspD/7qziDwhCgQ1h/AryVKY=,73,Female,Ms,PROV_41,Province 41,WARD_733,Ward 733,Address 1000733,Hometown 41,Career 13,2026-05-15
"1000734","734",B0cwsyQdOw/4sXmesLZQvNbXfl4vqZhQB9S5W3QOiJK1cV78AMT+wElM57E=,74,Male,Mr,PROV_42,Province 42,WARD_734,Ward 734,Address 1000734,Hometown 42,Career 14,2026-05-15
"1000735","735",pRiOKE0yuGitA5L6ZvO/0U26tYhKwnj5MzKGI0NelTD1WiqW9XK+/HnlDwg=,75,Female,Ms,PROV_43,Province 43,WARD_735,Ward 735,Address 1000735,Hometown 43,Career 15,2026-05-15
"1000736","736",LykrDb8UdXHsI0ntb0tCptAgEWcFhk/YYiiDD8+9QA+80dFa8YckZoPK7Po=,76,Male,Mr,PROV_44,Province 44,WARD_736,Ward 736,Address 1000736,Hometown 44,Career 16,2026-05-15
"1000737","737",gse33wGqHD0BN73Kfm5cRWZH0RDw7KmywfeI0SdcccRONwJUvgzue4rQ518=,77,Female,Ms,PROV_45,Province 45,WARD_737,Ward 737,Address 1000737,Hometown 45,Career 17,2026-05-15
"1000738","738",N1lxQMF54fb4OWiMmYpCUJukpoaxGHdkgjcv2ixBVHEdPIWAOebofk1Hm7Q=,78,Male,Mr,PROV_46,Province 46,WARD_738,Ward 738,Address 1000738,Hometown 46,Career 18,2026-05-15
"1000739","739",Km8bnyMRgCkAvmFhTOB7Bz8RlTD3XWhg+hl3+hXnd7pTDIZhdAD41mfJaz0=,79,Female,Ms,PROV_47,Province 47,WARD_739,Ward 739,Address 1000739,Hometown 47,Career 19,2026-05-15
"100074","74",JolzHlCrkBKRK9E5luLtMqi2wepu0Lunv51Am05hELfTiV/OcvKz5IkZdQ==,74,Male,Mr,PROV_30,Province 30,WARD_74,Ward 74,Address 100074,Hometown 30,Career 14,2026-05-15
"1000740","740",ojfg8P2+mJIQySWsOksagY+oUCYVWQF5xG0Qr0/79l5KCy2qniLMzoxbCB4=,20,Male,Mr,PROV_48,Province 48,WARD_740,Ward 740,Address 1000740,Hometown 48,Career 0,2026-05-15
"1000741","741",iyWDnYUG4zQhUqNxDRivjuJh4Cda25IqUn3V9bVyQlO60hySa05VX1BuDhs=,21,Female,Ms,PROV_49,Province 49,WARD_741,Ward 741,Address 1000741,Hometown 49,Career 1,2026-05-15
"1000742","742",MjCViU99ARmt+3GZ0LTYjZVIO+7tQXlRV1aPUccQVnyzkQS12JAYL16Rk/U=,22,Male,Mr,PROV_50,Province 50,WARD_742,Ward 742,Address 1000742,Hometown 50,Career 2,2026-05-15
"1000743","743",jSaJHfSNHi1keBDpvXE5LmzAvchUAEpQxjY/GBzk1JJIQHNLeg5Jf12z18w=,23,Female,Ms,PROV_51,Province 51,WARD_743,Ward 743,Address 1000743,Hometown 51,Career 3,2026-05-15
"1000744","744",qk94V/HLFHxU/S0ZsdyGSytmbhY73jcgPILytlOBmLPKC5r8G2eTl63eyDo=,24,Male,Mr,PROV_52,Province 52,WARD_744,Ward 744,Address 1000744,Hometown 52,Career 4,2026-05-15
"1000745","745","5INverXhIcsfZskvb0LSnGglHyrRVm+frrLzgqy0pE4hyWhwd8Cbd7P5u+I=",25,Female,Ms,PROV_53,Province 53,WARD_745,Ward 745,Address 1000745,Hometown 53,Career 5,2026-05-15
"1000746","746",Ok7TYkxBscMlbOLIXFBGM1H+8gtKNhtZZx7fqUvF5SeYCT6E/uFAD9XmgRw=,26,Male,Mr,PROV_54,Province 54,WARD_746,Ward 746,Address 1000746,Hometown 54,Career 6,2026-05-15
"1000747","747",brYc7GBJylMbSiaNBiAp9ppMrz+2sQlf0t113bGMFZDtgQALJaskvzCNPOU=,27,Female,Ms,PROV_55,Province 55,WARD_747,Ward 747,Address 1000747,Hometown 55,Career 7,2026-05-15
"1000748","748","2j7UStaew7FIvpACUzKSTJnk72zxipCONNHPUYiAqGLNvhkQXCtS8PH+XSw=",28,Male,Mr,PROV_56,Province 56,WARD_748,Ward 748,Address 1000748,Hometown 56,Career 8,2026-05-15
"1000749","749",xd5pkbtXWyh21kLQDlx37VmXs66w81wIHlKnUMFs78u52wh4wPQXeYw2QnQ=,29,Female,Ms,PROV_57,Province 57,WARD_749,Ward 749,Address 1000749,Hometown 57,Career 9,2026-05-15
"100075","75",ObbUP05wLNx1pAWZniqFvOGd/pqdBtWfVr9o3771sxVpptyjZGxVOecEeg==,75,Female,Ms,PROV_31,Province 31,WARD_75,Ward 75,Address 100075,Hometown 31,Career 15,2026-05-15
"1000750","750",prMCWwzOubNOaJfvyK3OJevBojRIQ8DqIZgqxJj4QtYJZ/10gAr+wbk+MuU=,30,Male,Mr,PROV_58,Province 58,WARD_750,Ward 750,Address 1000750,Hometown 58,Career 10,2026-05-15
"1000751","751",hPQaFGfjVpoVWTxRyzlSDZSZDke2iQDqr9Go7zUo80lMYaAZyPxMIe9U6Bc=,31,Female,Ms,PROV_59,Province 59,WARD_751,Ward 751,Address 1000751,Hometown 59,Career 11,2026-05-15
"1000752","752",RHSOSY0UYK0FeepO5AdVgqtpueym4Dhel4NPz1eTaGiwwLGLR0WlyXTqExc=,32,Male,Mr,PROV_60,Province 60,WARD_752,Ward 752,Address 1000752,Hometown 60,Career 12,2026-05-15
"1000753","753",uZOKV9BAsgljG14eO+ygy+CWXx0uIDikZh3XGDv6RNWyZqE4hOCP7nxBz9k=,33,Female,Ms,PROV_61,Province 61,WARD_753,Ward 753,Address 1000753,Hometown 61,Career 13,2026-05-15
"1000754","754",L4dyA06So7UakaWvHFfJhACDD7iXZ5ta1Yl4TekNm7eydZXIXEk1u7G8N4c=,34,Male,Mr,PROV_62,Province 62,WARD_754,Ward 754,Address 1000754,Hometown 62,Career 14,2026-05-15
"1000755","755","9DNRi4EiVv+drBY5YuruP3Xg1Dgjlt8Ti6JeccidYJRvsL73B/zfxjzdmig=",35,Female,Ms,PROV_0,Province 0,WARD_755,Ward 755,Address 1000755,Hometown 0,Career 15,2026-05-15
"1000756","756",/fBvtVaf8uTMus/ZvwB6Va85wFU1rWf+QDOK3LuHUbEUaS1kKTkXaKLssao=,36,Male,Mr,PROV_1,Province 1,WARD_756,Ward 756,Address 1000756,Hometown 1,Career 16,2026-05-15
"1000757","757",bLhbgh3vTiH6qHPfeoXx7P/3Ox5Kak7aarQsseCnSPiVcPKD3AuwhepYySc=,37,Female,Ms,PROV_2,Province 2,WARD_757,Ward 757,Address 1000757,Hometown 2,Career 17,2026-05-15
"1000758","758",Ix7DHo7cBklqDfMV+e7rNobMNUdYc+kVXcZN7n40rKhTPYK4mA4UFdu9C1g=,38,Male,Mr,PROV_3,Province 3,WARD_758,Ward 758,Address 1000758,Hometown 3,Career 18,2026-05-15
"1000759","759",mO6t91LNJsV/7OIUsttW2wpYqsIbKq140mNavEieRQKcZjNOfuOxfao9MH8=,39,Female,Ms,PROV_4,Province 4,WARD_759,Ward 759,Address 1000759,Hometown 4,Career 19,2026-05-15
"100076","76",uZB/5Bzlzv0HnHJVaOx8YTtAyuX8O/wGxiz9kyQsUri/ttC0BDjWFdIikQ==,76,Male,Mr,PROV_32,Province 32,WARD_76,Ward 76,Address 100076,Hometown 32,Career 16,2026-05-15
"1000760","760",vK8WJqTX6lW4dOjbwd7KF0ZcwDLcqjCbztnv2ix0XLCW/e+gW5cn6z9ZlUY=,40,Male,Mr,PROV_5,Province 5,WARD_760,Ward 760,Address 1000760,Hometown 5,Career 0,2026-05-15
"1000761","761",ursuqVNyPjf+M5ikkdWJLCopq+G/4aIvaJXPrb0FHmwuMGdrAcezrP/C/F4=,41,Female,Ms,PROV_6,Province 6,WARD_761,Ward 761,Address 1000761,Hometown 6,Career 1,2026-05-15
"1000762","762","5HO9d+n+PRFEb+I6J8nAZM3ZNkrcy0141L1svrlSqOaMYS50P02/NctWVuA=",42,Male,Mr,PROV_7,Province 7,WARD_762,Ward 762,Address 1000762,Hometown 7,Career 2,2026-05-15
"1000763","763",NSkY4Y9QJyMHY+33u+s6uELff0ZmZVPPmzzo8KpHHjypoHxJAsWYfuC8YRY=,43,Female,Ms,PROV_8,Province 8,WARD_763,Ward 763,Address 1000763,Hometown 8,Career 3,2026-05-15
"1000764","764",BhchwPgLSfZwhUCjjvghlFE2Td5ZZGAtDPl0t5+lPg64QWnQ+u4xMNVu2X8=,44,Male,Mr,PROV_9,Province 9,WARD_764,Ward 764,Address 1000764,Hometown 9,Career 4,2026-05-15
"1000765","765",EIFmnhl1JXcZQWsaco9vNpzULgGXcqgRQsek3u4Px+SskdkGTvzo/L8nUvM=,45,Female,Ms,PROV_10,Province 10,WARD_765,Ward 765,Address 1000765,Hometown 10,Career 5,2026-05-15
"1000766","766",f8wTV2o0w7J07NlaKEhMXqTY7RsdZkUTWxk4VV5jdrJq3LlMzG2nCDz3tus=,46,Male,Mr,PROV_11,Province 11,WARD_766,Ward 766,Address 1000766,Hometown 11,Career 6,2026-05-15
"1000767","767",yP8AYRlswmb0e9gGQtlIiH7ByGCaFWsJL9dnNdji6a+YNAxI/H+aVGAhcco=,47,Female,Ms,PROV_12,Province 12,WARD_767,Ward 767,Address 1000767,Hometown 12,Career 7,2026-05-15
"1000768","768",EyC6d1TgdtWGdCvoQpDy2qxNDl8ULlqPU46/8D9GLzE+Qod9XqFlHRzhGxg=,48,Male,Mr,PROV_13,Province 13,WARD_768,Ward 768,Address 1000768,Hometown 13,Career 8,2026-05-15
"1000769","769",gtxpm4/M4N4x3bLI3jLkCvXOU6O6cckRRX1jHPHulYlVHSidQBqDsxeBv4M=,49,Female,Ms,PROV_14,Province 14,WARD_769,Ward 769,Address 1000769,Hometown 14,Career 9,2026-05-15
"100077","77","2pIv4pABDZn6XtCNaipzLeBh6Yy4F7JyQCR/t796pMRDyAQhqKeA/mLYEA==",77,Female,Ms,PROV_33,Province 33,WARD_77,Ward 77,Address 100077,Hometown 33,Career 17,2026-05-15
"1000770","770",AEdIM3QI3cWK72IpzkRuUdew0WbM7tsJSmPBG8VWftUosq7S4vwoXf5Cgmc=,50,Male,Mr,PROV_15,Province 15,WARD_770,Ward 770,Address 1000770,Hometown 15,Career 10,2026-05-15
"1000771","771",eNTKTyKFFZffy7+/uzBVE32/dtkUALS32keFjhmiurAr8zFAl3ObO+Q7jTg=,51,Female,Ms,PROV_16,Province 16,WARD_771,Ward 771,Address 1000771,Hometown 16,Career 11,2026-05-15
"1000772","772",IgpSAwIWDvRvtWpIRTfNRb9t9/jouCcCGPyS96FsX4f7oPW1uyNiEjLvK9E=,52,Male,Mr,PROV_17,Province 17,WARD_772,Ward 772,Address 1000772,Hometown 17,Career 12,2026-05-15
"1000773","773",tTsMVI83nCmYeCTdEsYiIZuqKAyt7+YfYduI+ARsscKrz40rbGua4oPC11w=,53,Female,Ms,PROV_18,Province 18,WARD_773,Ward 773,Address 1000773,Hometown 18,Career 13,2026-05-15
"1000774","774","0ebv/M+mS6AB7xumjudE9sg0cDyw6DPR7X4F6NhnOiYDHKsJ82bolbmOzfg=",54,Male,Mr,PROV_19,Province 19,WARD_774,Ward 774,Address 1000774,Hometown 19,Career 14,2026-05-15
"1000775","775",M3e58DOYXC9UpTLCCeEkdrw9+F/JNbUcEH7YaK5+9hHFkK74R46hYshoiFw=,55,Female,Ms,PROV_20,Province 20,WARD_775,Ward 775,Address 1000775,Hometown 20,Career 15,2026-05-15
"1000776","776","9opmgoyzVahmV39SkYOfABBx4WXZ4ZRCB6vQ4G5xhl6qocA0f1SRv7xY2I4=",56,Male,Mr,PROV_21,Province 21,WARD_776,Ward 776,Address 1000776,Hometown 21,Career 16,2026-05-15
"1000777","777",F1MhQtI/PjspsOqqxJBhNiUYeMFC9c3zYxhH6lO3hMLuL1ZLIbWZSDggwFA=,57,Female,Ms,PROV_22,Province 22,WARD_777,Ward 777,Address 1000777,Hometown 22,Career 17,2026-05-15
"1000778","778",Hwox9dQXFwfxjdh96HEifwEbeSBw6qMcp6epsRDEJ/nE1fBxWJKSmfKkrmQ=,58,Male,Mr,PROV_23,Province 23,WARD_778,Ward 778,Address 1000778,Hometown 23,Career 18,2026-05-15
"1000779","779","8gvhbfMylq9HV9s/GlH7J1TgKQpRHnNR7ANYbQz3Fcrtjqa313rvEHfY2hc=",59,Female,Ms,PROV_24,Province 24,WARD_779,Ward 779,Address 1000779,Hometown 24,Career 19,2026-05-15
"100078","78",Ox3f1lnU0W/HA8wo2HB8I+MghrsvuBqKYEE7yCjj8Q0CZ5iTJwH7ngRZyg==,78,Male,Mr,PROV_34,Province 34,WARD_78,Ward 78,Address 100078,Hometown 34,Career 18,2026-05-15
"1000780","780","5vqvHqkdLhJbZYOLVIhS8tJY68oKlO1LNiiDfBmGw8dxeh2IstE5/qkDmws=",60,Male,Mr,PROV_25,Province 25,WARD_780,Ward 780,Address 1000780,Hometown 25,Career 0,2026-05-15
"1000781","781",TorS9lmVJCndtS0N9KqCBsRJAC3rAmG1H4U/2zE6jU7SYvxj7oQhTvHBwR4=,61,Female,Ms,PROV_26,Province 26,WARD_781,Ward 781,Address 1000781,Hometown 26,Career 1,2026-05-15
"1000782","782","0lWBNIlhHx9A2W/MXxutOunFO0yk44Q9zQwdyjPxiPuZzdzet6eX3zh7O0Y=",62,Male,Mr,PROV_27,Province 27,WARD_782,Ward 782,Address 1000782,Hometown 27,Career 2,2026-05-15
"1000783","783",/ZnrgOPdBNx62D6svxeNlA2f4kuUWBPLHYEv2k3i2hXQ1XjZd2/B4O7GIl4=,63,Female,Ms,PROV_28,Province 28,WARD_783,Ward 783,Address 1000783,Hometown 28,Career 3,2026-05-15
"1000784","784","9NqPCYPcxvl8jb+2dmIhdoS6wHrMdeKTQeWGr0hU25KarZ0duA0LvJ+ypnU=",64,Male,Mr,PROV_29,Province 29,WARD_784,Ward 784,Address 1000784,Hometown 29,Career 4,2026-05-15
"1000785","785",LTZvPAevjU48veFVBv1KJC1YX2lqd835Ff9C7wEYhxOFr+m0e1be0b6z84Q=,65,Female,Ms,PROV_30,Province 30,WARD_785,Ward 785,Address 1000785,Hometown 30,Career 5,2026-05-15
"1000786","786",WDeqtioQufihWiVxlqpTTEx/hpy5OHEJE9IzXH9A6LgBv9yR62V+rQPQJiY=,66,Male,Mr,PROV_31,Province 31,WARD_786,Ward 786,Address 1000786,Hometown 31,Career 6,2026-05-15
"1000787","787","4bnbLGzHRkfQZ3OF7S/ykghEP5IQrLOWsJtgnQdTORXX0WVqfwA2AyE29Mk=",67,Female,Ms,PROV_32,Province 32,WARD_787,Ward 787,Address 1000787,Hometown 32,Career 7,2026-05-15
"1000788","788","6puI9d+FYvkjM9Tz3NoGmg8Pzxrfc5/SeUa1gA+/WmUQrZvupEXQBj/V8ls=",68,Male,Mr,PROV_33,Province 33,WARD_788,Ward 788,Address 1000788,Hometown 33,Career 8,2026-05-15
"1000789","789",ThSNWrwsXnVuWa0m8JLnGiAp6ihu2irD+4+95hnXdptlhKKElPnp1upW2h8=,69,Female,Ms,PROV_34,Province 34,WARD_789,Ward 789,Address 1000789,Hometown 34,Career 9,2026-05-15
"100079","79","83IMSG6Njc2r+7JQkmN2aszggSw0f/oWVLSoi8S27ZGlSpOcrjs23ouLuA==",79,Female,Ms,PROV_35,Province 35,WARD_79,Ward 79,Address 100079,Hometown 35,Career 19,2026-05-15
"1000790","790",oSxSy1RvAC6ifeylLMPdX27LINivlPcjaiTnuT5BAS30fsyXwve5pPWdmYQ=,70,Male,Mr,PROV_35,Province 35,WARD_790,Ward 790,Address 1000790,Hometown 35,Career 10,2026-05-15
"1000791","791","4A937Mrd6aVmk5MG7iYNkE/D0ZX3hyeSkKwwFdcYZdTFehnMOPHGrzrjGGk=",71,Female,Ms,PROV_36,Province 36,WARD_791,Ward 791,Address 1000791,Hometown 36,Career 11,2026-05-15
"1000792","792",rBayxUQLM7iac29CBhWG16wBBdQFUGiFpxczDfqx6B39kF6fKzJ1n+Nqd5Q=,72,Male,Mr,PROV_37,Province 37,WARD_792,Ward 792,Address 1000792,Hometown 37,Career 12,2026-05-15
"1000793","793",+LTh+33/DOIZ+KJm3JRHTDdqJ5AkYFSO8HS7xHPVSQ1E/B5YHkPymZhFHHw=,73,Female,Ms,PROV_38,Province 38,WARD_793,Ward 793,Address 1000793,Hometown 38,Career 13,2026-05-15
"1000794","794",F2kmxhPuizDCrITVFLM22mF3YUES2jskEQdsXkSVpVAGDv9Jet+rSlWaDhs=,74,Male,Mr,PROV_39,Province 39,WARD_794,Ward 794,Address 1000794,Hometown 39,Career 14,2026-05-15
"1000795","795",y93m+EbAZcn99bNTkP4ZfuBqjeur5Fk+uyt/Zs5DFiIoN4l5xPOVXNCvH4A=,75,Female,Ms,PROV_40,Province 40,WARD_795,Ward 795,Address 1000795,Hometown 40,Career 15,2026-05-15
"1000796","796",z6f16prifCjUAWwShn+dLpfgr+jiE6Ru53bc/do6hQAcfwdFPwq4K5KopcI=,76,Male,Mr,PROV_41,Province 41,WARD_796,Ward 796,Address 1000796,Hometown 41,Career 16,2026-05-15
"1000797","797",LYp72C4/pd4qAEY5tIh6lHCCwB4Vi72qMB4mlm/csBLaLYLC3b2TRcSvj2k=,77,Female,Ms,PROV_42,Province 42,WARD_797,Ward 797,Address 1000797,Hometown 42,Career 17,2026-05-15
"1000798","798",jXzuNDx3UjD3l2HBghk413hNZbXPbVt8ESQxdwpMw/bM3OzJus9zDPXm918=,78,Male,Mr,PROV_43,Province 43,WARD_798,Ward 798,Address 1000798,Hometown 43,Career 18,2026-05-15
"1000799","799","4tMD4170WDIoj0N5j+fiqlce7/MEyDN3DJ9VHQmUyKXltx4eVfw4mFfgHdQ=",79,Female,Ms,PROV_44,Province 44,WARD_799,Ward 799,Address 1000799,Hometown 44,Career 19,2026-05-15
"10008","8","5iQDVtrZqA6yRO78gGsyo8i7gQscGbmVJjcS20pQlmHUPK+nowEL2wUU",68,Male,Mr,PROV_54,Province 54,WARD_8,Ward 8,Address 10008,Hometown 54,Career 8,2026-05-15
"100080","80",HaKnWNoBiwM4WjoY+XdZJ7VF/AofSAKfHaLU7UUYThlbP+WGbcV8v1fy9w==,20,Male,Mr,PROV_36,Province 36,WARD_80,Ward 80,Address 100080,Hometown 36,Career 0,2026-05-15
"1000800","800","4jHyb4nPS6TlGO3GT7azx9DnmGiZKuOyhgv7bt6hH3euyOuzCfIfLdlvb3o=",20,Male,Mr,PROV_45,Province 45,WARD_800,Ward 800,Address 1000800,Hometown 45,Career 0,2026-05-15
"1000801","801",DTtpregX2nA2rcl12H84DvqBvZ41qjsC7YLQzpNVVq5GSlKHazhr+e1Yd98=,21,Female,Ms,PROV_46,Province 46,WARD_801,Ward 801,Address 1000801,Hometown 46,Career 1,2026-05-15
"1000802","802",XGmu8oBy3IodMDAKZISwN4cNn7+7gyRQgnvKKOx3q8H0b5+rzKDXKRPkYvc=,22,Male,Mr,PROV_47,Province 47,WARD_802,Ward 802,Address 1000802,Hometown 47,Career 2,2026-05-15
"1000803","803","85b2CereaxVV8gADbXwSo2mxjO/YRyB8FTvV4KIXx9N5D73sAD8/h2GFzWQ=",23,Female,Ms,PROV_48,Province 48,WARD_803,Ward 803,Address 1000803,Hometown 48,Career 3,2026-05-15
"1000804","804",dPfRneocDNJ00RcZKib4Vr4I8zGmPgMGq0lvzSCJbd8x92BPKbX6SEj1hVE=,24,Male,Mr,PROV_49,Province 49,WARD_804,Ward 804,Address 1000804,Hometown 49,Career 4,2026-05-15
"1000805","805",iX/4HkCzLngkk9/lV0fqzK4Ag8B7nEB1MkZF76sCkqx3OUrwxJzMfLLEWOA=,25,Female,Ms,PROV_50,Province 50,WARD_805,Ward 805,Address 1000805,Hometown 50,Career 5,2026-05-15
"1000806","806",nrRDP1AMqlsmURPU9L5ViOsUMXOjijgbRYGI1kF6DaPehEGwjPDjD6A+EMo=,26,Male,Mr,PROV_51,Province 51,WARD_806,Ward 806,Address 1000806,Hometown 51,Career 6,2026-05-15
"1000807","807",zrcWtM3vE3rnePfFiCN65QKFdX2CialQTmn8KuobRA9o0MAIrqSUGuNyHWo=,27,Female,Ms,PROV_52,Province 52,WARD_807,Ward 807,Address 1000807,Hometown 52,Career 7,2026-05-15
"1000808","808",mW+2OnoseKBn6SfolpmB8WKh8CvHopffqo35NWuBdMjlFzCYGKKxjOpYsbs=,28,Male,Mr,PROV_53,Province 53,WARD_808,Ward 808,Address 1000808,Hometown 53,Career 8,2026-05-15
"1000809","809",/027lGBaMZIQ337usxjwn3Klrrr+VatLTUP5W2GpVr3ZPtf9rO7wPO3/Ii0=,29,Female,Ms,PROV_54,Province 54,WARD_809,Ward 809,Address 1000809,Hometown 54,Career 9,2026-05-15
"100081","81",mfzNv2wvaORuNw3oCTaFmcYII9X3qbNQtFZp1lcDeqY4Xwj9scflrb+v5w==,21,Female,Ms,PROV_37,Province 37,WARD_81,Ward 81,Address 100081,Hometown 37,Career 1,2026-05-15
"1000810","810","7quVQfERW839F/yGBOSMPlrYckbWKdby5kYEGbAzZdN78xVxm2jEKVq1wqo=",30,Male,Mr,PROV_55,Province 55,WARD_810,Ward 810,Address 1000810,Hometown 55,Career 10,2026-05-15
"1000811","811",x+4UbcBIyziLRIttlCDMZxdVyEbvhqrEs4NgV+5cFSPZJ82PU3kbkJWp9cU=,31,Female,Ms,PROV_56,Province 56,WARD_811,Ward 811,Address 1000811,Hometown 56,Career 11,2026-05-15
"1000812","812",K8y8/cHYeo0jdew/OsVKKsf1kkURIlDq7mQVMkH0yEV0G0jRmEdCDi51X6U=,32,Male,Mr,PROV_57,Province 57,WARD_812,Ward 812,Address 1000812,Hometown 57,Career 12,2026-05-15
"1000813","813",Fc7YN9alpG6PcpeWPy66eUXkhRuW0tVi+HiyOVlarcy73P5fnVOwyDJItTA=,33,Female,Ms,PROV_58,Province 58,WARD_813,Ward 813,Address 1000813,Hometown 58,Career 13,2026-05-15
"1000814","814",+wcKzootPv9J36MNdHxRj+g5eJzlG9wgRSAOrB8hU+fXIQag1qXKWFQNxOI=,34,Male,Mr,PROV_59,Province 59,WARD_814,Ward 814,Address 1000814,Hometown 59,Career 14,2026-05-15
"1000815","815",EZyKoti4sv04fUw6aRSIMcErsB+GMxWsagcdW5U2ezX+0/TyrBQZOrzssv0=,35,Female,Ms,PROV_60,Province 60,WARD_815,Ward 815,Address 1000815,Hometown 60,Career 15,2026-05-15
"1000816","816",yaGyzC30PtR2dEwfEdLgGaSEk3kaZImGTTS5gUp/pBljqd9nWDp0hqkcwDM=,36,Male,Mr,PROV_61,Province 61,WARD_816,Ward 816,Address 1000816,Hometown 61,Career 16,2026-05-15
"1000817","817",G7zzP6pY5LmURpb9PokgOePdO1SWz5Pjz9qgqdtt6QKxZBmlP6eXkT8H/FI=,37,Female,Ms,PROV_62,Province 62,WARD_817,Ward 817,Address 1000817,Hometown 62,Career 17,2026-05-15
"1000818","818",Co9W7Es+6C7f7x002y2yIsQH50regTCiLhHl2UAyfDAlA72PK5wm1Pdzoxk=,38,Male,Mr,PROV_0,Province 0,WARD_818,Ward 818,Address 1000818,Hometown 0,Career 18,2026-05-15
"1000819","819",vx7/vPGk22Olk69c+AR0wGtT6IDtrotFQGYch+CRtOUFGaz62lIBDy10yjo=,39,Female,Ms,PROV_1,Province 1,WARD_819,Ward 819,Address 1000819,Hometown 1,Career 19,2026-05-15
"100082","82",pwES88ikZinDRylZf97JoeQbNsg/CIl9u78j9y53pzno5LcjLyYaPXcyCw==,22,Male,Mr,PROV_38,Province 38,WARD_82,Ward 82,Address 100082,Hometown 38,Career 2,2026-05-15
"1000820","820",LVK7LzuJhWM6hxM7y5Scf7Z2vQ2qEFatkdhAY4vlT5Kj771Hi+taYmF72+k=,40,Male,Mr,PROV_2,Province 2,WARD_820,Ward 820,Address 1000820,Hometown 2,Career 0,2026-05-15
"1000821","821","8LXXuIazWi8to8NK2nd9zMh8/7o16NnAROEwL2IZ0KwdaLO1k9I4AuOUB8M=",41,Female,Ms,PROV_3,Province 3,WARD_821,Ward 821,Address 1000821,Hometown 3,Career 1,2026-05-15
"1000822","822",KdBqx1GiKRZhgRumK8KdH6B8OAdLHcNEsA9vGodCgv5o/vZx2kL0M3kUktA=,42,Male,Mr,PROV_4,Province 4,WARD_822,Ward 822,Address 1000822,Hometown 4,Career 2,2026-05-15
"1000823","823",AcoW5Ch/R0wG7MQD36gV08hem0cS7sbOTOMGTLgV+mpoLOQS2C3vH9Z64GI=,43,Female,Ms,PROV_5,Province 5,WARD_823,Ward 823,Address 1000823,Hometown 5,Career 3,2026-05-15
"1000824","824",H62bTG5WiqvH0YkRnJToEHPMUgsGxMsUSYR71SKZT66pk5meuV2C36SQJ38=,44,Male,Mr,PROV_6,Province 6,WARD_824,Ward 824,Address 1000824,Hometown 6,Career 4,2026-05-15
"1000825","825",dOvlC0cnowyI8vucNKaLOhzuEN/brqxQDJg2EhzP5gTE9r9j39K8fnH/maU=,45,Female,Ms,PROV_7,Province 7,WARD_825,Ward 825,Address 1000825,Hometown 7,Career 5,2026-05-15
"1000826","826",DhO5QRSiaua7TKNwI9/dwmHGWLMHgn/T7ZaxQL1A8Gl436pIv1/JBhBbPic=,46,Male,Mr,PROV_8,Province 8,WARD_826,Ward 826,Address 1000826,Hometown 8,Career 6,2026-05-15
"1000827","827",mU6tzLKG4Syted5RnybTSj079aY4HB5glzZVwL5BsOzW397/Ug6drsHQv8o=,47,Female,Ms,PROV_9,Province 9,WARD_827,Ward 827,Address 1000827,Hometown 9,Career 7,2026-05-15
"1000828","828","6BGUzUM5zuNnE92To5wzW1vLjxPLj2yvuJh+9A4AHwOjt+E2hdirEbS/G1c=",48,Male,Mr,PROV_10,Province 10,WARD_828,Ward 828,Address 1000828,Hometown 10,Career 8,2026-05-15
"1000829","829",UceFBV8HImRTPKiVKC4/5TP8mBLm+wv/R293co+OWWmiiOclUmOUYB15sME=,49,Female,Ms,PROV_11,Province 11,WARD_829,Ward 829,Address 1000829,Hometown 11,Career 9,2026-05-15
"100083","83",wjz3q6LvSnHKSjGBCVA3Sb+jZaO8M0SH4v6eUBJjtPIBpwmE6xcJueDlQQ==,23,Female,Ms,PROV_39,Province 39,WARD_83,Ward 83,Address 100083,Hometown 39,Career 3,2026-05-15
"1000830","830",R54Gmtsn8wJiPhir9bh2LAywRtsdUot2+sQ6+PWZKdEtD3C6VIdFNv0A2aE=,50,Male,Mr,PROV_12,Province 12,WARD_830,Ward 830,Address 1000830,Hometown 12,Career 10,2026-05-15
"1000831","831",f8CNXsNb1pXjwnBt6IRTIoYE9y4ZIXpWMEJj9erTbZJLD5+cMsbbjNn4i08=,51,Female,Ms,PROV_13,Province 13,WARD_831,Ward 831,Address 1000831,Hometown 13,Career 11,2026-05-15
"1000832","832",BH4Rc8pA+vWQiot4QuSdW6eUAvMbZFKfmwGsBbkIExmvb+WRDisfUnYRcP4=,52,Male,Mr,PROV_14,Province 14,WARD_832,Ward 832,Address 1000832,Hometown 14,Career 12,2026-05-15
"1000833","833",gaDD0aiUK+pgbBZ8kXCpFJZtLt++4wKLei0/jN0YjUEnBVyzscFagvVlAd4=,53,Female,Ms,PROV_15,Province 15,WARD_833,Ward 833,Address 1000833,Hometown 15,Career 13,2026-05-15
"1000834","834",csF7VcoOHT736pJO3fR7ZII2B3EJErycXBmaxEJrdFQBW6dGryEHgOjbo0g=,54,Male,Mr,PROV_16,Province 16,WARD_834,Ward 834,Address 1000834,Hometown 16,Career 14,2026-05-15
"1000835","835","2OaUN3fDsOqgdOs076HRv8JMy7FVBouPWmfcxr8Vpe9Kee1XOPlEwZbJrOg=",55,Female,Ms,PROV_17,Province 17,WARD_835,Ward 835,Address 1000835,Hometown 17,Career 15,2026-05-15
"1000836","836","5SmpcOBTDD7z1eW9qvOZeWY/nJVH0LrBQp4g5NkUK330Gq00zM10jZqcYg4=",56,Male,Mr,PROV_18,Province 18,WARD_836,Ward 836,Address 1000836,Hometown 18,Career 16,2026-05-15
"1000837","837",Pv5PL6aFYGrEk2DvAjB5zv3cGF0KRRWxsxDIG8+W2Mehw0rZ6qJ/1UGa3QI=,57,Female,Ms,PROV_19,Province 19,WARD_837,Ward 837,Address 1000837,Hometown 19,Career 17,2026-05-15
"1000838","838",hKT3QRsByPbch4epA8RMX61eKB9wJ8rqyn3qbEoh+v+jNbNnV/8XqfMRNgE=,58,Male,Mr,PROV_20,Province 20,WARD_838,Ward 838,Address 1000838,Hometown 20,Career 18,2026-05-15
"1000839","839",moVXdEs+xV2AxR8DY7+2Ek9QYWkhxa0NSSPtcmu/Y5Kw6+5oKBNAJpdTBrM=,59,Female,Ms,PROV_21,Province 21,WARD_839,Ward 839,Address 1000839,Hometown 21,Career 19,2026-05-15
"100084","84",slNSPYb/cPKUSo+8IBHImGKJvA7EJgS4QC+Xn2C8ym4syBCylBoB7MqDOA==,24,Male,Mr,PROV_40,Province 40,WARD_84,Ward 84,Address 100084,Hometown 40,Career 4,2026-05-15
"1000840","840","54ZHJOIrmfUYhq3hAG/mizAcneBv7PYaqJmTNHL++5DqRUFfTUIk/8bPrlU=",60,Male,Mr,PROV_22,Province 22,WARD_840,Ward 840,Address 1000840,Hometown 22,Career 0,2026-05-15
"1000841","841",Q9q30AyZ3NrZtJ9MTLgdfaDvaUXJLEGORV5DAwg07Kq/7a8YsVNJEtmtDQQ=,61,Female,Ms,PROV_23,Province 23,WARD_841,Ward 841,Address 1000841,Hometown 23,Career 1,2026-05-15
"1000842","842",VUC/caDfq+o/l2aLe62iAG3Ta/YPQ25ex3UNFBZeeNVgUz5E38uD4q1sKOc=,62,Male,Mr,PROV_24,Province 24,WARD_842,Ward 842,Address 1000842,Hometown 24,Career 2,2026-05-15
"1000843","843",D1wZo8bmWkfCNcdCvUoyPmqUj9rzW3S/EflcJjdRUwFkXWmioK7Wpj/Iiwg=,63,Female,Ms,PROV_25,Province 25,WARD_843,Ward 843,Address 1000843,Hometown 25,Career 3,2026-05-15
"1000844","844",cjO5VfHSTdCTOiQ99CXaMnlGSkznsBiN11WMr5F8N8HE8ys702R7LIdf8zs=,64,Male,Mr,PROV_26,Province 26,WARD_844,Ward 844,Address 1000844,Hometown 26,Career 4,2026-05-15
"1000845","845",acgE5B4sjUIlyVYTmshY2n8AkwdWLmDJkNi+1Qkbl1GiAcJz5lBPjhC/mvc=,65,Female,Ms,PROV_27,Province 27,WARD_845,Ward 845,Address 1000845,Hometown 27,Career 5,2026-05-15
"1000846","846",qgurCoO0kmrbTP+AabCCAIr+02M4or2t3kZ29V63/zcPNZ25/1rQmddVDEk=,66,Male,Mr,PROV_28,Province 28,WARD_846,Ward 846,Address 1000846,Hometown 28,Career 6,2026-05-15
"1000847","847",YOxlu4UMdhfiibZ/OoYbsrrhr0a6T5drWfcUkJX5xV3RoouI5cJZyGA4mrs=,67,Female,Ms,PROV_29,Province 29,WARD_847,Ward 847,Address 1000847,Hometown 29,Career 7,2026-05-15
"1000848","848",pgYoMt8BtOWLZy/Lln2R2xnIpZQCoSET9sfuVM1Okyz1qje7QHToUa7s/o4=,68,Male,Mr,PROV_30,Province 30,WARD_848,Ward 848,Address 1000848,Hometown 30,Career 8,2026-05-15
"1000849","849",/VtWyl0qsK7ceRc5cFUwBUkXL2zsT9Q74rI+b5UjFykMSbwgkbkJdiQoulY=,69,Female,Ms,PROV_31,Province 31,WARD_849,Ward 849,Address 1000849,Hometown 31,Career 9,2026-05-15
"100085","85",XDRhhfNlg0VLkkBuOnRb6EYvAuvEfh1nXWJlKV0guCkHT5uwORKe98QkGA==,25,Female,Ms,PROV_41,Province 41,WARD_85,Ward 85,Address 100085,Hometown 41,Career 5,2026-05-15
"1000850","850",NLm/IowPlv7NQXhy6ZNfNpIigNy0kgH6XgnI9OWLb3dwy9peh0iObuCIatE=,70,Male,Mr,PROV_32,Province 32,WARD_850,Ward 850,Address 1000850,Hometown 32,Career 10,2026-05-15
"1000851","851","9hcGG/7hbMwK5SRP2Phjjy3YMxPScLwnzDVzGwN5xFF6N7P0jPNHu7zl7qg=",71,Female,Ms,PROV_33,Province 33,WARD_851,Ward 851,Address 1000851,Hometown 33,Career 11,2026-05-15
"1000852","852",JXuoBzXgxunOVAlY592RvzGL2vIYkZpFcskK7hFIBOn9b09hxDdOnyiTbQc=,72,Male,Mr,PROV_34,Province 34,WARD_852,Ward 852,Address 1000852,Hometown 34,Career 12,2026-05-15
"1000853","853",OK2jNjePDSDIy/pMSbFyfqvTJ+NmP4NFNTsvEGrWY9ZUG3dhjCBp9qzPAPM=,73,Female,Ms,PROV_35,Province 35,WARD_853,Ward 853,Address 1000853,Hometown 35,Career 13,2026-05-15
"1000854","854","669FtPxTifUArky4umz0GX0nScFz/yhwdRcVzyjQUVlOOvEBSN0erSN3TcM=",74,Male,Mr,PROV_36,Province 36,WARD_854,Ward 854,Address 1000854,Hometown 36,Career 14,2026-05-15
"1000855","855",TWFGsDkkQ1vWv7P3NlTmI0Bl39NNMs+KTomlmgo1BH6VScrHwJhSAYn5EDA=,75,Female,Ms,PROV_37,Province 37,WARD_855,Ward 855,Address 1000855,Hometown 37,Career 15,2026-05-15
"1000856","856",+ih1MhHsYhKsgL3N8xNpzEOJewJsPbdmb1cERRsGO2o7jiowJZx06JLKh6Q=,76,Male,Mr,PROV_38,Province 38,WARD_856,Ward 856,Address 1000856,Hometown 38,Career 16,2026-05-15
"1000857","857","0ZrzvtLyeCwBsMKvnRMnhjNjQh00fz+vxNrXIXhchjVxazCGM4lwQt7GyQU=",77,Female,Ms,PROV_39,Province 39,WARD_857,Ward 857,Address 1000857,Hometown 39,Career 17,2026-05-15
"1000858","858",su4LbcnbuSclLnBJs3488kGikYu3Qj4zOaHvRj1n8/9e3H+zu7XWRMKjKHE=,78,Male,Mr,PROV_40,Province 40,WARD_858,Ward 858,Address 1000858,Hometown 40,Career 18,2026-05-15
"1000859","859",ZmnouBu9yZl1DAAS9pnEcQIJP5qQwFYmL5amCamK/a2dcWenE1ZwKZtke6Q=,79,Female,Ms,PROV_41,Province 41,WARD_859,Ward 859,Address 1000859,Hometown 41,Career 19,2026-05-15
"100086","86",ASAF/LHKD2Tictt+bqcaZ8f8d9Ib/bTKW8Zkt3oImc/R13n95O14Hfv/5Q==,26,Male,Mr,PROV_42,Province 42,WARD_86,Ward 86,Address 100086,Hometown 42,Career 6,2026-05-15
"1000860","860",lD/J05fuDx3HnaKXnH7QiOTHnGs9AGTKn0HjGCLUbja6dk34dR+nokqq0W4=,20,Male,Mr,PROV_42,Province 42,WARD_860,Ward 860,Address 1000860,Hometown 42,Career 0,2026-05-15
"1000861","861",pIF3Crf6NFUQSOx3shfDyMMaB+UPxwR2PRMMzMbqoICfHc6iP9+R59PGOpA=,21,Female,Ms,PROV_43,Province 43,WARD_861,Ward 861,Address 1000861,Hometown 43,Career 1,2026-05-15
"1000862","862",ooFoVd51I4eNboI66U9GWUn2FJgljufdI8o2GLAW6heTgapTrMh2tRmZm+g=,22,Male,Mr,PROV_44,Province 44,WARD_862,Ward 862,Address 1000862,Hometown 44,Career 2,2026-05-15
"1000863","863",AI/k8xcktCaQOhZAuy3sfTlEUO4fmMPuA6KFUyedFC5KrGjNftD0TwhJQnw=,23,Female,Ms,PROV_45,Province 45,WARD_863,Ward 863,Address 1000863,Hometown 45,Career 3,2026-05-15
"1000864","864",k9xJ5J+eSYFSwSrYRQMrLpSBIE2dp9+e4g4Dz4Ib8vBbw8EFb5m4cXjFYVA=,24,Male,Mr,PROV_46,Province 46,WARD_864,Ward 864,Address 1000864,Hometown 46,Career 4,2026-05-15
"1000865","865",leZcBDYrXWYLUh1QC+QU/8jYIBir8ys4KfKTPX8CJyT//MROZwIqyn4NkPE=,25,Female,Ms,PROV_47,Province 47,WARD_865,Ward 865,Address 1000865,Hometown 47,Career 5,2026-05-15
"1000866","866","79pD9RxkNxdkZztJZj/J+Or/DpCOuj4yOQOlwRa0VTuEnFoPiup40VWuSIQ=",26,Male,Mr,PROV_48,Province 48,WARD_866,Ward 866,Address 1000866,Hometown 48,Career 6,2026-05-15
"1000867","867",f/Qj2E8L7w0z+hwO/Sk7xyY6OwYBEdZZrGEm7Hff/9jp7Zq5o/6CLD5y/mk=,27,Female,Ms,PROV_49,Province 49,WARD_867,Ward 867,Address 1000867,Hometown 49,Career 7,2026-05-15
"1000868","868",oD8IuEdBAVTpxAsF5F/rMnt0akUOVvdqD2YPpA6ZdWxdY3P/AgaGyAaBePg=,28,Male,Mr,PROV_50,Province 50,WARD_868,Ward 868,Address 1000868,Hometown 50,Career 8,2026-05-15
"1000869","869","4gvwwPrmOouNGhcaK1acsauBnVIiIo/uZWvWCmZpN7TATqUqAV35r+mEW+A=",29,Female,Ms,PROV_51,Province 51,WARD_869,Ward 869,Address 1000869,Hometown 51,Career 9,2026-05-15
"100087","87",x/2jZeTp9Lhxus8vtgyQPRxZRTD6EWYqL/B6GQ0CNAZljpdWMu1TRvOzsw==,27,Female,Ms,PROV_43,Province 43,WARD_87,Ward 87,Address 100087,Hometown 43,Career 7,2026-05-15
"1000870","870",PV2TZdVjhGG1MjPKiwjoDMTt3GD9+2M5fJpDqDeb0HHY9AtfLVZURXhvbOE=,30,Male,Mr,PROV_52,Province 52,WARD_870,Ward 870,Address 1000870,Hometown 52,Career 10,2026-05-15
"1000871","871",s0Nti7d0pMiHxsDnBXkVN/zJUfTYxJ5cy1YvZzbZeGG2XDF3euX04ViehAs=,31,Female,Ms,PROV_53,Province 53,WARD_871,Ward 871,Address 1000871,Hometown 53,Career 11,2026-05-15
"1000872","872","0S9+oN0piDLRiLSsPWG+304iv8W/GkKBLVaQGK/JgO+XxZrVCb3NEs/nK1c=",32,Male,Mr,PROV_54,Province 54,WARD_872,Ward 872,Address 1000872,Hometown 54,Career 12,2026-05-15
"1000873","873","19fe5t7Vl8BsLvHMRJziL8qz+JQjjrRNd7kIopuGMkBF0Y1Zs2veLRR1GCI=",33,Female,Ms,PROV_55,Province 55,WARD_873,Ward 873,Address 1000873,Hometown 55,Career 13,2026-05-15
"1000874","874","76DPhTEnt1yyoTZ5omyRQJLN4cQ6MIAuM2w5zWaFKPmWEIl3VTpqBdhkHp0=",34,Male,Mr,PROV_56,Province 56,WARD_874,Ward 874,Address 1000874,Hometown 56,Career 14,2026-05-15
"1000875","875",QLyQy73+/E30ejwY9HvW0i0fU0w1GupMgu58nW2zf4st1p276vtWhRlwh0I=,35,Female,Ms,PROV_57,Province 57,WARD_875,Ward 875,Address 1000875,Hometown 57,Career 15,2026-05-15
"1000876","876",+YvRL/Thn1g8pY9h929R8o9x8s7zbuQ7HwYYO/0Lgch4fqx2+jWDy5ohs/U=,36,Male,Mr,PROV_58,Province 58,WARD_876,Ward 876,Address 1000876,Hometown 58,Career 16,2026-05-15
"1000877","877","9zXVjmH0z+lX1SdRaXwbxFe1K9aHxn0CwdVsQ+OlWL7o4qumcJOfmFn3u94=",37,Female,Ms,PROV_59,Province 59,WARD_877,Ward 877,Address 1000877,Hometown 59,Career 17,2026-05-15
"1000878","878",TX0pfld/oAVXS4m0bgAmePmsmZxODGM4gmTttLBDo4VaYBr4hCoNmzW8xLo=,38,Male,Mr,PROV_60,Province 60,WARD_878,Ward 878,Address 1000878,Hometown 60,Career 18,2026-05-15
"1000879","879",vcydl6bf6aNx/cdMfBaWiRlenOMdNBR/jUJsWh5Jqmt2HUFWPHelU2CQ9qk=,39,Female,Ms,PROV_61,Province 61,WARD_879,Ward 879,Address 1000879,Hometown 61,Career 19,2026-05-15
"100088","88",bktIEPadgzQjq7ttmsRPUUxmJfLzJmZLdTbl+TBF9O5Qq/zqi+gQomyTig==,28,Male,Mr,PROV_44,Province 44,WARD_88,Ward 88,Address 100088,Hometown 44,Career 8,2026-05-15
"1000880","880",xPx7kZdM2adNFEOJhHwhOoNJfDFGlyFpmLm2LoWD+jLZKYmLR9Z2aEFu2/k=,40,Male,Mr,PROV_62,Province 62,WARD_880,Ward 880,Address 1000880,Hometown 62,Career 0,2026-05-15
"1000881","881",QCM8vIfdd7X6j/WpnhKzBhqa5jukBzVFLBWIyHwZE18W0wJt32ueb71kpzE=,41,Female,Ms,PROV_0,Province 0,WARD_881,Ward 881,Address 1000881,Hometown 0,Career 1,2026-05-15
"1000882","882",blmVuu56p/Wx25wd1wtXoZVQisGmal5J4bYmoJCLHlrEfjH7PKlOyqW8moc=,42,Male,Mr,PROV_1,Province 1,WARD_882,Ward 882,Address 1000882,Hometown 1,Career 2,2026-05-15
"1000883","883",KMFWL/axZG1ITM6DOpe3g8PdukZT8wRKI7XLQBbza0fSNo+7yiEnSl+qrwc=,43,Female,Ms,PROV_2,Province 2,WARD_883,Ward 883,Address 1000883,Hometown 2,Career 3,2026-05-15
"1000884","884",F8RhBHEm9pLwiwIxo/MF1PZHzepQoKLI7MjEDh9WvZsPKclVL8b9fpqaKWg=,44,Male,Mr,PROV_3,Province 3,WARD_884,Ward 884,Address 1000884,Hometown 3,Career 4,2026-05-15
"1000885","885",gJnYFCEklPTxXzT3PODeWHcEjHhItN8+pQMk62LV2ZbffwZlra4fdCv7J54=,45,Female,Ms,PROV_4,Province 4,WARD_885,Ward 885,Address 1000885,Hometown 4,Career 5,2026-05-15
"1000886","886","1QQYUW6s4od8Lxs45VOnxkRTPuo22W39cEi+2mTUo8ptlxFYuCRjU7CfJiI=",46,Male,Mr,PROV_5,Province 5,WARD_886,Ward 886,Address 1000886,Hometown 5,Career 6,2026-05-15
"1000887","887",Xi+8xSYu/HIj5rq9ZCyYvsHjV1bIjhqsakiV5w5xm9aoH/TQkiEALeJbHh8=,47,Female,Ms,PROV_6,Province 6,WARD_887,Ward 887,Address 1000887,Hometown 6,Career 7,2026-05-15
"1000888","888",Fx5sBbsoiDjqq2MS/Bb3y7AAPwLFUUMNdbXGKQ2A/FAxE2CeS9p4a3QXDwM=,48,Male,Mr,PROV_7,Province 7,WARD_888,Ward 888,Address 1000888,Hometown 7,Career 8,2026-05-15
"1000889","889",mQbPDqArX0G1Bzz1vFXAknwQqXcJ87QMgEgZtxLS/uJe7/GO+CB5HFnFavs=,49,Female,Ms,PROV_8,Province 8,WARD_889,Ward 889,Address 1000889,Hometown 8,Career 9,2026-05-15
"100089","89",nt7npDofBv33BWN9KKTo2aPosw6I3zhgFUZApAZc7yVq+07FV4OMMkDFuA==,29,Female,Ms,PROV_45,Province 45,WARD_89,Ward 89,Address 100089,Hometown 45,Career 9,2026-05-15
"1000890","890","8vQE2+HGOGsf9tQ+Qk+82WnAAq9NJd2lUR6ZHHc/xMh6+BHKsB8Dcy91Sb8=",50,Male,Mr,PROV_9,Province 9,WARD_890,Ward 890,Address 1000890,Hometown 9,Career 10,2026-05-15
"1000891","891",byk62PCt5M0W7WllzpEGKzmYiQqIZ0/jFd+VO6LrhBxmuYa65D4VJ2e3yRM=,51,Female,Ms,PROV_10,Province 10,WARD_891,Ward 891,Address 1000891,Hometown 10,Career 11,2026-05-15
"1000892","892",nAfOzT0LPJiGH9L/PTuZEl44JS1BJaQ3NEmUWgzzxMOeHEoowoBvtRDj2p0=,52,Male,Mr,PROV_11,Province 11,WARD_892,Ward 892,Address 1000892,Hometown 11,Career 12,2026-05-15
"1000893","893",Z5HM85+I5TpyteOEVVFqV/nbF/WT+qLYCF/ohwzGvRwzA/H9IJsS1xC1wL8=,53,Female,Ms,PROV_12,Province 12,WARD_893,Ward 893,Address 1000893,Hometown 12,Career 13,2026-05-15
"1000894","894",K3PgqWySSIHKsEfiXPOXNaUiPW4Q+L4DOKRO6zle0zkAYT8+FI73upsoSdc=,54,Male,Mr,PROV_13,Province 13,WARD_894,Ward 894,Address 1000894,Hometown 13,Career 14,2026-05-15
"1000895","895",wBI6kY90z1x+muF12VoAbNJjnuG0R7y3pnLjB11sLBLpWy2sSQCfIHFPLOk=,55,Female,Ms,PROV_14,Province 14,WARD_895,Ward 895,Address 1000895,Hometown 14,Career 15,2026-05-15
